enumerator_id1,name1,email1,mobile_primary1,language1,home_address1,gender1,enumerator_type1,district_id1,mobile_secondary1,age1
1000001,Name_1000001,utkarsh.gupta+1000001@idinsight.org,9001000001,English,Address 1000001,Male,surveyor,1,91001000001,25
1000002,Name_1000002,utkarsh.gupta+1000002@idinsight.org,9001000002,Hindi,Address 1000002,Female,monitor;surveyor,1,91001000002,26
1000003,Name_1000003,utkarsh.gupta+1000003@idinsight.org,9001000003,Telugu,Address 1000003,Male,surveyor,1,91001000003,27
1000004,Name_1000004,utkarsh.gupta+1000004@idinsight.org,9001000004,English,Address 1000004,Female,monitor;surveyor,1,91001000004,28
1000005,Name_1000005,utkarsh.gupta+1000005@idinsight.org,9001000005,Hindi,Address 1000005,Male,surveyor,1,91001000005,29
1000006,Name_1000006,utkarsh.gupta+1000006@idinsight.org,9001000006,Telugu,Address 1000006,Female,monitor;surveyor,1,91001000006,30
1000007,Name_1000007,utkarsh.gupta+1000007@idinsight.org,9001000007,English,Address 1000007,Male,surveyor,1,91001000007,31
1000008,Name_1000008,utkarsh.gupta+1000008@idinsight.org,9001000008,Hindi,Address 1000008,Female,monitor;surveyor,1,91001000008,32
1000009,Name_1000009,utkarsh.gupta+1000009@idinsight.org,9001000009,Telugu,Address 1000009,Male,surveyor,1,91001000009,33
1000010,Name_1000010,utkarsh.gupta+1000010@idinsight.org,9001000010,English,Address 1000010,Female,monitor;surveyor,1,91001000010,34
1000011,Name_1000011,utkarsh.gupta+1000011@idinsight.org,9001000011,Hindi,Address 1000011,Male,surveyor,1,91001000011,35
1000012,Name_1000012,utkarsh.gupta+1000012@idinsight.org,9001000012,Telugu,Address 1000012,Female,monitor;surveyor,1,91001000012,36
1000013,Name_1000013,utkarsh.gupta+1000013@idinsight.org,9001000013,English,Address 1000013,Male,surveyor,1,91001000013,37
1000014,Name_1000014,utkarsh.gupta+1000014@idinsight.org,9001000014,Hindi,Address 1000014,Female,monitor;surveyor,1,91001000014,38
1000015,Name_1000015,utkarsh.gupta+1000015@idinsight.org,9001000015,Telugu,Address 1000015,Male,surveyor,1,91001000015,39
1000016,Name_1000016,utkarsh.gupta+1000016@idinsight.org,9001000016,English,Address 1000016,Female,monitor;surveyor,1,91001000016,40
1000017,Name_1000017,utkarsh.gupta+1000017@idinsight.org,9001000017,Hindi,Address 1000017,Male,surveyor,1,91001000017,41
1000018,Name_1000018,utkarsh.gupta+1000018@idinsight.org,9001000018,Telugu,Address 1000018,Female,monitor;surveyor,1,91001000018,42
1000019,Name_1000019,utkarsh.gupta+1000019@idinsight.org,9001000019,English,Address 1000019,Male,surveyor,1,91001000019,43
1000020,Name_1000020,utkarsh.gupta+1000020@idinsight.org,9001000020,Hindi,Address 1000020,Female,monitor;surveyor,1,91001000020,44
1000021,Name_1000021,utkarsh.gupta+1000021@idinsight.org,9001000021,Telugu,Address 1000021,Male,surveyor,1,91001000021,25
1000022,Name_1000022,utkarsh.gupta+1000022@idinsight.org,9001000022,English,Address 1000022,Female,monitor;surveyor,1,91001000022,26
1000023,Name_1000023,utkarsh.gupta+1000023@idinsight.org,9001000023,Hindi,Address 1000023,Male,surveyor,1,91001000023,27
1000024,Name_1000024,utkarsh.gupta+1000024@idinsight.org,9001000024,Telugu,Address 1000024,Female,monitor;surveyor,1,91001000024,28
1000025,Name_1000025,utkarsh.gupta+1000025@idinsight.org,9001000025,English,Address 1000025,Male,surveyor,1,91001000025,29
1000026,Name_1000026,utkarsh.gupta+1000026@idinsight.org,9001000026,Hindi,Address 1000026,Female,monitor;surveyor,1,91001000026,30
1000027,Name_1000027,utkarsh.gupta+1000027@idinsight.org,9001000027,Telugu,Address 1000027,Male,surveyor,1,91001000027,31
1000028,Name_1000028,utkarsh.gupta+1000028@idinsight.org,9001000028,English,Address 1000028,Female,monitor;surveyor,1,91001000028,32
1000029,Name_1000029,utkarsh.gupta+1000029@idinsight.org,9001000029,Hindi,Address 1000029,Male,surveyor,1,91001000029,33
1000030,Name_1000030,utkarsh.gupta+1000030@idinsight.org,9001000030,Telugu,Address 1000030,Female,monitor;surveyor,1,91001000030,34
1000031,Name_1000031,utkarsh.gupta+1000031@idinsight.org,9001000031,English,Address 1000031,Male,surveyor,1,91001000031,35
1000032,Name_1000032,utkarsh.gupta+1000032@idinsight.org,9001000032,Hindi,Address 1000032,Female,monitor;surveyor,1,91001000032,36
1000033,Name_1000033,utkarsh.gupta+1000033@idinsight.org,9001000033,Telugu,Address 1000033,Male,surveyor,1,91001000033,37
1000034,Name_1000034,utkarsh.gupta+1000034@idinsight.org,9001000034,English,Address 1000034,Female,monitor;surveyor,1,91001000034,38
1000035,Name_1000035,utkarsh.gupta+1000035@idinsight.org,9001000035,Hindi,Address 1000035,Male,surveyor,1,91001000035,39
1000036,Name_1000036,utkarsh.gupta+1000036@idinsight.org,9001000036,Telugu,Address 1000036,Female,monitor;surveyor,1,91001000036,40
1000037,Name_1000037,utkarsh.gupta+1000037@idinsight.org,9001000037,English,Address 1000037,Male,surveyor,1,91001000037,41
1000038,Name_1000038,utkarsh.gupta+1000038@idinsight.org,9001000038,Hindi,Address 1000038,Female,monitor;surveyor,1,91001000038,42
1000039,Name_1000039,utkarsh.gupta+1000039@idinsight.org,9001000039,Telugu,Address 1000039,Male,surveyor,1,91001000039,43
1000040,Name_1000040,utkarsh.gupta+1000040@idinsight.org,9001000040,English,Address 1000040,Female,monitor;surveyor,1,91001000040,44
1000041,Name_1000041,utkarsh.gupta+1000041@idinsight.org,9001000041,Hindi,Address 1000041,Male,surveyor,1,91001000041,25
1000042,Name_1000042,utkarsh.gupta+1000042@idinsight.org,9001000042,Telugu,Address 1000042,Female,monitor;surveyor,1,91001000042,26
1000043,Name_1000043,utkarsh.gupta+1000043@idinsight.org,9001000043,English,Address 1000043,Male,surveyor,1,91001000043,27
1000044,Name_1000044,utkarsh.gupta+1000044@idinsight.org,9001000044,Hindi,Address 1000044,Female,monitor;surveyor,1,91001000044,28
1000045,Name_1000045,utkarsh.gupta+1000045@idinsight.org,9001000045,Telugu,Address 1000045,Male,surveyor,1,91001000045,29
1000046,Name_1000046,utkarsh.gupta+1000046@idinsight.org,9001000046,English,Address 1000046,Female,monitor;surveyor,1,91001000046,30
1000047,Name_1000047,utkarsh.gupta+1000047@idinsight.org,9001000047,Hindi,Address 1000047,Male,surveyor,1,91001000047,31
1000048,Name_1000048,utkarsh.gupta+1000048@idinsight.org,9001000048,Telugu,Address 1000048,Female,monitor;surveyor,1,91001000048,32
1000049,Name_1000049,utkarsh.gupta+1000049@idinsight.org,9001000049,English,Address 1000049,Male,surveyor,1,91001000049,33
1000050,Name_1000050,utkarsh.gupta+1000050@idinsight.org,9001000050,Hindi,Address 1000050,Female,monitor;surveyor,1,91001000050,34
1000051,Name_1000051,utkarsh.gupta+1000051@idinsight.org,9001000051,Telugu,Address 1000051,Male,surveyor,1,91001000051,35
1000052,Name_1000052,utkarsh.gupta+1000052@idinsight.org,9001000052,English,Address 1000052,Female,monitor;surveyor,1,91001000052,36
1000053,Name_1000053,utkarsh.gupta+1000053@idinsight.org,9001000053,Hindi,Address 1000053,Male,surveyor,1,91001000053,37
1000054,Name_1000054,utkarsh.gupta+1000054@idinsight.org,9001000054,Telugu,Address 1000054,Female,monitor;surveyor,1,91001000054,38
1000055,Name_1000055,utkarsh.gupta+1000055@idinsight.org,9001000055,English,Address 1000055,Male,surveyor,1,91001000055,39
1000056,Name_1000056,utkarsh.gupta+1000056@idinsight.org,9001000056,Hindi,Address 1000056,Female,monitor;surveyor,1,91001000056,40
1000057,Name_1000057,utkarsh.gupta+1000057@idinsight.org,9001000057,Telugu,Address 1000057,Male,surveyor,1,91001000057,41
1000058,Name_1000058,utkarsh.gupta+1000058@idinsight.org,9001000058,English,Address 1000058,Female,monitor;surveyor,1,91001000058,42
1000059,Name_1000059,utkarsh.gupta+1000059@idinsight.org,9001000059,Hindi,Address 1000059,Male,surveyor,1,91001000059,43
1000060,Name_1000060,utkarsh.gupta+1000060@idinsight.org,9001000060,Telugu,Address 1000060,Female,monitor;surveyor,1,91001000060,44
1000061,Name_1000061,utkarsh.gupta+1000061@idinsight.org,9001000061,English,Address 1000061,Male,surveyor,1,91001000061,25
1000062,Name_1000062,utkarsh.gupta+1000062@idinsight.org,9001000062,Hindi,Address 1000062,Female,monitor;surveyor,1,91001000062,26
1000063,Name_1000063,utkarsh.gupta+1000063@idinsight.org,9001000063,Telugu,Address 1000063,Male,surveyor,1,91001000063,27
1000064,Name_1000064,utkarsh.gupta+1000064@idinsight.org,9001000064,English,Address 1000064,Female,monitor;surveyor,1,91001000064,28
1000065,Name_1000065,utkarsh.gupta+1000065@idinsight.org,9001000065,Hindi,Address 1000065,Male,surveyor,1,91001000065,29
1000066,Name_1000066,utkarsh.gupta+1000066@idinsight.org,9001000066,Telugu,Address 1000066,Female,monitor;surveyor,1,91001000066,30
1000067,Name_1000067,utkarsh.gupta+1000067@idinsight.org,9001000067,English,Address 1000067,Male,surveyor,1,91001000067,31
1000068,Name_1000068,utkarsh.gupta+1000068@idinsight.org,9001000068,Hindi,Address 1000068,Female,monitor;surveyor,1,91001000068,32
1000069,Name_1000069,utkarsh.gupta+1000069@idinsight.org,9001000069,Telugu,Address 1000069,Male,surveyor,1,91001000069,33
1000070,Name_1000070,utkarsh.gupta+1000070@idinsight.org,9001000070,English,Address 1000070,Female,monitor;surveyor,1,91001000070,34
1000071,Name_1000071,utkarsh.gupta+1000071@idinsight.org,9001000071,Hindi,Address 1000071,Male,surveyor,1,91001000071,35
1000072,Name_1000072,utkarsh.gupta+1000072@idinsight.org,9001000072,Telugu,Address 1000072,Female,monitor;surveyor,1,91001000072,36
1000073,Name_1000073,utkarsh.gupta+1000073@idinsight.org,9001000073,English,Address 1000073,Male,surveyor,1,91001000073,37
1000074,Name_1000074,utkarsh.gupta+1000074@idinsight.org,9001000074,Hindi,Address 1000074,Female,monitor;surveyor,1,91001000074,38
1000075,Name_1000075,utkarsh.gupta+1000075@idinsight.org,9001000075,Telugu,Address 1000075,Male,surveyor,1,91001000075,39
1000076,Name_1000076,utkarsh.gupta+1000076@idinsight.org,9001000076,English,Address 1000076,Female,monitor;surveyor,1,91001000076,40
1000077,Name_1000077,utkarsh.gupta+1000077@idinsight.org,9001000077,Hindi,Address 1000077,Male,surveyor,1,91001000077,41
1000078,Name_1000078,utkarsh.gupta+1000078@idinsight.org,9001000078,Telugu,Address 1000078,Female,monitor;surveyor,1,91001000078,42
1000079,Name_1000079,utkarsh.gupta+1000079@idinsight.org,9001000079,English,Address 1000079,Male,surveyor,1,91001000079,43
1000080,Name_1000080,utkarsh.gupta+1000080@idinsight.org,9001000080,Hindi,Address 1000080,Female,monitor;surveyor,1,91001000080,44
1000081,Name_1000081,utkarsh.gupta+1000081@idinsight.org,9001000081,Telugu,Address 1000081,Male,surveyor,1,91001000081,25
1000082,Name_1000082,utkarsh.gupta+1000082@idinsight.org,9001000082,English,Address 1000082,Female,monitor;surveyor,1,91001000082,26
1000083,Name_1000083,utkarsh.gupta+1000083@idinsight.org,9001000083,Hindi,Address 1000083,Male,surveyor,1,91001000083,27
1000084,Name_1000084,utkarsh.gupta+1000084@idinsight.org,9001000084,Telugu,Address 1000084,Female,monitor;surveyor,1,91001000084,28
1000085,Name_1000085,utkarsh.gupta+1000085@idinsight.org,9001000085,English,Address 1000085,Male,surveyor,1,91001000085,29
1000086,Name_1000086,utkarsh.gupta+1000086@idinsight.org,9001000086,Hindi,Address 1000086,Female,monitor;surveyor,1,91001000086,30
1000087,Name_1000087,utkarsh.gupta+1000087@idinsight.org,9001000087,Telugu,Address 1000087,Male,surveyor,1,91001000087,31
1000088,Name_1000088,utkarsh.gupta+1000088@idinsight.org,9001000088,English,Address 1000088,Female,monitor;surveyor,1,91001000088,32
1000089,Name_1000089,utkarsh.gupta+1000089@idinsight.org,9001000089,Hindi,Address 1000089,Male,surveyor,1,91001000089,33
1000090,Name_1000090,utkarsh.gupta+1000090@idinsight.org,9001000090,Telugu,Address 1000090,Female,monitor;surveyor,1,91001000090,34
1000091,Name_1000091,utkarsh.gupta+1000091@idinsight.org,9001000091,English,Address 1000091,Male,surveyor,1,91001000091,35
1000092,Name_1000092,utkarsh.gupta+1000092@idinsight.org,9001000092,Hindi,Address 1000092,Female,monitor;surveyor,1,91001000092,36
1000093,Name_1000093,utkarsh.gupta+1000093@idinsight.org,9001000093,Telugu,Address 1000093,Male,surveyor,1,91001000093,37
1000094,Name_1000094,utkarsh.gupta+1000094@idinsight.org,9001000094,English,Address 1000094,Female,monitor;surveyor,1,91001000094,38
1000095,Name_1000095,utkarsh.gupta+1000095@idinsight.org,9001000095,Hindi,Address 1000095,Male,surveyor,1,91001000095,39
1000096,Name_1000096,utkarsh.gupta+1000096@idinsight.org,9001000096,Telugu,Address 1000096,Female,monitor;surveyor,1,91001000096,40
1000097,Name_1000097,utkarsh.gupta+1000097@idinsight.org,9001000097,English,Address 1000097,Male,surveyor,1,91001000097,41
1000098,Name_1000098,utkarsh.gupta+1000098@idinsight.org,9001000098,Hindi,Address 1000098,Female,monitor;surveyor,1,91001000098,42
1000099,Name_1000099,utkarsh.gupta+1000099@idinsight.org,9001000099,Telugu,Address 1000099,Male,surveyor,1,91001000099,43
1000100,Name_1000100,utkarsh.gupta+1000100@idinsight.org,9001000100,English,Address 1000100,Female,monitor;surveyor,1,91001000100,44
1000101,Name_1000101,utkarsh.gupta+1000101@idinsight.org,9001000101,Hindi,Address 1000101,Male,surveyor,1,91001000101,25
1000102,Name_1000102,utkarsh.gupta+1000102@idinsight.org,9001000102,Telugu,Address 1000102,Female,monitor;surveyor,1,91001000102,26
1000103,Name_1000103,utkarsh.gupta+1000103@idinsight.org,9001000103,English,Address 1000103,Male,surveyor,1,91001000103,27
1000104,Name_1000104,utkarsh.gupta+1000104@idinsight.org,9001000104,Hindi,Address 1000104,Female,monitor;surveyor,1,91001000104,28
1000105,Name_1000105,utkarsh.gupta+1000105@idinsight.org,9001000105,Telugu,Address 1000105,Male,surveyor,1,91001000105,29
1000106,Name_1000106,utkarsh.gupta+1000106@idinsight.org,9001000106,English,Address 1000106,Female,monitor;surveyor,1,91001000106,30
1000107,Name_1000107,utkarsh.gupta+1000107@idinsight.org,9001000107,Hindi,Address 1000107,Male,surveyor,1,91001000107,31
1000108,Name_1000108,utkarsh.gupta+1000108@idinsight.org,9001000108,Telugu,Address 1000108,Female,monitor;surveyor,1,91001000108,32
1000109,Name_1000109,utkarsh.gupta+1000109@idinsight.org,9001000109,English,Address 1000109,Male,surveyor,1,91001000109,33
1000110,Name_1000110,utkarsh.gupta+1000110@idinsight.org,9001000110,Hindi,Address 1000110,Female,monitor;surveyor,1,91001000110,34
1000111,Name_1000111,utkarsh.gupta+1000111@idinsight.org,9001000111,Telugu,Address 1000111,Male,surveyor,1,91001000111,35
1000112,Name_1000112,utkarsh.gupta+1000112@idinsight.org,9001000112,English,Address 1000112,Female,monitor;surveyor,1,91001000112,36
1000113,Name_1000113,utkarsh.gupta+1000113@idinsight.org,9001000113,Hindi,Address 1000113,Male,surveyor,1,91001000113,37
1000114,Name_1000114,utkarsh.gupta+1000114@idinsight.org,9001000114,Telugu,Address 1000114,Female,monitor;surveyor,1,91001000114,38
1000115,Name_1000115,utkarsh.gupta+1000115@idinsight.org,9001000115,English,Address 1000115,Male,surveyor,1,91001000115,39
1000116,Name_1000116,utkarsh.gupta+1000116@idinsight.org,9001000116,Hindi,Address 1000116,Female,monitor;surveyor,1,91001000116,40
1000117,Name_1000117,utkarsh.gupta+1000117@idinsight.org,9001000117,Telugu,Address 1000117,Male,surveyor,1,91001000117,41
1000118,Name_1000118,utkarsh.gupta+1000118@idinsight.org,9001000118,English,Address 1000118,Female,monitor;surveyor,1,91001000118,42
1000119,Name_1000119,utkarsh.gupta+1000119@idinsight.org,9001000119,Hindi,Address 1000119,Male,surveyor,1,91001000119,43
1000120,Name_1000120,utkarsh.gupta+1000120@idinsight.org,9001000120,Telugu,Address 1000120,Female,monitor;surveyor,1,91001000120,44
1000121,Name_1000121,utkarsh.gupta+1000121@idinsight.org,9001000121,English,Address 1000121,Male,surveyor,1,91001000121,25
1000122,Name_1000122,utkarsh.gupta+1000122@idinsight.org,9001000122,Hindi,Address 1000122,Female,monitor;surveyor,1,91001000122,26
1000123,Name_1000123,utkarsh.gupta+1000123@idinsight.org,9001000123,Telugu,Address 1000123,Male,surveyor,1,91001000123,27
1000124,Name_1000124,utkarsh.gupta+1000124@idinsight.org,9001000124,English,Address 1000124,Female,monitor;surveyor,1,91001000124,28
1000125,Name_1000125,utkarsh.gupta+1000125@idinsight.org,9001000125,Hindi,Address 1000125,Male,surveyor,1,91001000125,29
1000126,Name_1000126,utkarsh.gupta+1000126@idinsight.org,9001000126,Telugu,Address 1000126,Female,monitor;surveyor,1,91001000126,30
1000127,Name_1000127,utkarsh.gupta+1000127@idinsight.org,9001000127,English,Address 1000127,Male,surveyor,1,91001000127,31
1000128,Name_1000128,utkarsh.gupta+1000128@idinsight.org,9001000128,Hindi,Address 1000128,Female,monitor;surveyor,1,91001000128,32
1000129,Name_1000129,utkarsh.gupta+1000129@idinsight.org,9001000129,Telugu,Address 1000129,Male,surveyor,1,91001000129,33
1000130,Name_1000130,utkarsh.gupta+1000130@idinsight.org,9001000130,English,Address 1000130,Female,monitor;surveyor,1,91001000130,34
1000131,Name_1000131,utkarsh.gupta+1000131@idinsight.org,9001000131,Hindi,Address 1000131,Male,surveyor,1,91001000131,35
1000132,Name_1000132,utkarsh.gupta+1000132@idinsight.org,9001000132,Telugu,Address 1000132,Female,monitor;surveyor,1,91001000132,36
1000133,Name_1000133,utkarsh.gupta+1000133@idinsight.org,9001000133,English,Address 1000133,Male,surveyor,1,91001000133,37
1000134,Name_1000134,utkarsh.gupta+1000134@idinsight.org,9001000134,Hindi,Address 1000134,Female,monitor;surveyor,1,91001000134,38
1000135,Name_1000135,utkarsh.gupta+1000135@idinsight.org,9001000135,Telugu,Address 1000135,Male,surveyor,1,91001000135,39
1000136,Name_1000136,utkarsh.gupta+1000136@idinsight.org,9001000136,English,Address 1000136,Female,monitor;surveyor,1,91001000136,40
1000137,Name_1000137,utkarsh.gupta+1000137@idinsight.org,9001000137,Hindi,Address 1000137,Male,surveyor,1,91001000137,41
1000138,Name_1000138,utkarsh.gupta+1000138@idinsight.org,9001000138,Telugu,Address 1000138,Female,monitor;surveyor,1,91001000138,42
1000139,Name_1000139,utkarsh.gupta+1000139@idinsight.org,9001000139,English,Address 1000139,Male,surveyor,1,91001000139,43
1000140,Name_1000140,utkarsh.gupta+1000140@idinsight.org,9001000140,Hindi,Address 1000140,Female,monitor;surveyor,1,91001000140,44
1000141,Name_1000141,utkarsh.gupta+1000141@idinsight.org,9001000141,Telugu,Address 1000141,Male,surveyor,1,91001000141,25
1000142,Name_1000142,utkarsh.gupta+1000142@idinsight.org,9001000142,English,Address 1000142,Female,monitor;surveyor,1,91001000142,26
1000143,Name_1000143,utkarsh.gupta+1000143@idinsight.org,9001000143,Hindi,Address 1000143,Male,surveyor,1,91001000143,27
1000144,Name_1000144,utkarsh.gupta+1000144@idinsight.org,9001000144,Telugu,Address 1000144,Female,monitor;surveyor,1,91001000144,28
1000145,Name_1000145,utkarsh.gupta+1000145@idinsight.org,9001000145,English,Address 1000145,Male,surveyor,1,91001000145,29
1000146,Name_1000146,utkarsh.gupta+1000146@idinsight.org,9001000146,Hindi,Address 1000146,Female,monitor;surveyor,1,91001000146,30
1000147,Name_1000147,utkarsh.gupta+1000147@idinsight.org,9001000147,Telugu,Address 1000147,Male,surveyor,1,91001000147,31
1000148,Name_1000148,utkarsh.gupta+1000148@idinsight.org,9001000148,English,Address 1000148,Female,monitor;surveyor,1,91001000148,32
1000149,Name_1000149,utkarsh.gupta+1000149@idinsight.org,9001000149,Hindi,Address 1000149,Male,surveyor,1,91001000149,33
1000150,Name_1000150,utkarsh.gupta+1000150@idinsight.org,9001000150,Telugu,Address 1000150,Female,monitor;surveyor,1,91001000150,34
1000151,Name_1000151,utkarsh.gupta+1000151@idinsight.org,9001000151,English,Address 1000151,Male,surveyor,1,91001000151,35
1000152,Name_1000152,utkarsh.gupta+1000152@idinsight.org,9001000152,Hindi,Address 1000152,Female,monitor;surveyor,1,91001000152,36
1000153,Name_1000153,utkarsh.gupta+1000153@idinsight.org,9001000153,Telugu,Address 1000153,Male,surveyor,1,91001000153,37
1000154,Name_1000154,utkarsh.gupta+1000154@idinsight.org,9001000154,English,Address 1000154,Female,monitor;surveyor,1,91001000154,38
1000155,Name_1000155,utkarsh.gupta+1000155@idinsight.org,9001000155,Hindi,Address 1000155,Male,surveyor,1,91001000155,39
1000156,Name_1000156,utkarsh.gupta+1000156@idinsight.org,9001000156,Telugu,Address 1000156,Female,monitor;surveyor,1,91001000156,40
1000157,Name_1000157,utkarsh.gupta+1000157@idinsight.org,9001000157,English,Address 1000157,Male,surveyor,1,91001000157,41
1000158,Name_1000158,utkarsh.gupta+1000158@idinsight.org,9001000158,Hindi,Address 1000158,Female,monitor;surveyor,1,91001000158,42
1000159,Name_1000159,utkarsh.gupta+1000159@idinsight.org,9001000159,Telugu,Address 1000159,Male,surveyor,1,91001000159,43
1000160,Name_1000160,utkarsh.gupta+1000160@idinsight.org,9001000160,English,Address 1000160,Female,monitor;surveyor,1,91001000160,44
1000161,Name_1000161,utkarsh.gupta+1000161@idinsight.org,9001000161,Hindi,Address 1000161,Male,surveyor,1,91001000161,25
1000162,Name_1000162,utkarsh.gupta+1000162@idinsight.org,9001000162,Telugu,Address 1000162,Female,monitor;surveyor,1,91001000162,26
1000163,Name_1000163,utkarsh.gupta+1000163@idinsight.org,9001000163,English,Address 1000163,Male,surveyor,1,91001000163,27
1000164,Name_1000164,utkarsh.gupta+1000164@idinsight.org,9001000164,Hindi,Address 1000164,Female,monitor;surveyor,1,91001000164,28
1000165,Name_1000165,utkarsh.gupta+1000165@idinsight.org,9001000165,Telugu,Address 1000165,Male,surveyor,1,91001000165,29
1000166,Name_1000166,utkarsh.gupta+1000166@idinsight.org,9001000166,English,Address 1000166,Female,monitor;surveyor,1,91001000166,30
1000167,Name_1000167,utkarsh.gupta+1000167@idinsight.org,9001000167,Hindi,Address 1000167,Male,surveyor,1,91001000167,31
1000168,Name_1000168,utkarsh.gupta+1000168@idinsight.org,9001000168,Telugu,Address 1000168,Female,monitor;surveyor,1,91001000168,32
1000169,Name_1000169,utkarsh.gupta+1000169@idinsight.org,9001000169,English,Address 1000169,Male,surveyor,1,91001000169,33
1000170,Name_1000170,utkarsh.gupta+1000170@idinsight.org,9001000170,Hindi,Address 1000170,Female,monitor;surveyor,1,91001000170,34
1000171,Name_1000171,utkarsh.gupta+1000171@idinsight.org,9001000171,Telugu,Address 1000171,Male,surveyor,1,91001000171,35
1000172,Name_1000172,utkarsh.gupta+1000172@idinsight.org,9001000172,English,Address 1000172,Female,monitor;surveyor,1,91001000172,36
1000173,Name_1000173,utkarsh.gupta+1000173@idinsight.org,9001000173,Hindi,Address 1000173,Male,surveyor,1,91001000173,37
1000174,Name_1000174,utkarsh.gupta+1000174@idinsight.org,9001000174,Telugu,Address 1000174,Female,monitor;surveyor,1,91001000174,38
1000175,Name_1000175,utkarsh.gupta+1000175@idinsight.org,9001000175,English,Address 1000175,Male,surveyor,1,91001000175,39
1000176,Name_1000176,utkarsh.gupta+1000176@idinsight.org,9001000176,Hindi,Address 1000176,Female,monitor;surveyor,1,91001000176,40
1000177,Name_1000177,utkarsh.gupta+1000177@idinsight.org,9001000177,Telugu,Address 1000177,Male,surveyor,1,91001000177,41
1000178,Name_1000178,utkarsh.gupta+1000178@idinsight.org,9001000178,English,Address 1000178,Female,monitor;surveyor,1,91001000178,42
1000179,Name_1000179,utkarsh.gupta+1000179@idinsight.org,9001000179,Hindi,Address 1000179,Male,surveyor,1,91001000179,43
1000180,Name_1000180,utkarsh.gupta+1000180@idinsight.org,9001000180,Telugu,Address 1000180,Female,monitor;surveyor,1,91001000180,44
1000181,Name_1000181,utkarsh.gupta+1000181@idinsight.org,9001000181,English,Address 1000181,Male,surveyor,1,91001000181,25
1000182,Name_1000182,utkarsh.gupta+1000182@idinsight.org,9001000182,Hindi,Address 1000182,Female,monitor;surveyor,1,91001000182,26
1000183,Name_1000183,utkarsh.gupta+1000183@idinsight.org,9001000183,Telugu,Address 1000183,Male,surveyor,1,91001000183,27
1000184,Name_1000184,utkarsh.gupta+1000184@idinsight.org,9001000184,English,Address 1000184,Female,monitor;surveyor,1,91001000184,28
1000185,Name_1000185,utkarsh.gupta+1000185@idinsight.org,9001000185,Hindi,Address 1000185,Male,surveyor,1,91001000185,29
1000186,Name_1000186,utkarsh.gupta+1000186@idinsight.org,9001000186,Telugu,Address 1000186,Female,monitor;surveyor,1,91001000186,30
1000187,Name_1000187,utkarsh.gupta+1000187@idinsight.org,9001000187,English,Address 1000187,Male,surveyor,1,91001000187,31
1000188,Name_1000188,utkarsh.gupta+1000188@idinsight.org,9001000188,Hindi,Address 1000188,Female,monitor;surveyor,1,91001000188,32
1000189,Name_1000189,utkarsh.gupta+1000189@idinsight.org,9001000189,Telugu,Address 1000189,Male,surveyor,1,91001000189,33
1000190,Name_1000190,utkarsh.gupta+1000190@idinsight.org,9001000190,English,Address 1000190,Female,monitor;surveyor,1,91001000190,34
1000191,Name_1000191,utkarsh.gupta+1000191@idinsight.org,9001000191,Hindi,Address 1000191,Male,surveyor,1,91001000191,35
1000192,Name_1000192,utkarsh.gupta+1000192@idinsight.org,9001000192,Telugu,Address 1000192,Female,monitor;surveyor,1,91001000192,36
1000193,Name_1000193,utkarsh.gupta+1000193@idinsight.org,9001000193,English,Address 1000193,Male,surveyor,1,91001000193,37
1000194,Name_1000194,utkarsh.gupta+1000194@idinsight.org,9001000194,Hindi,Address 1000194,Female,monitor;surveyor,1,91001000194,38
1000195,Name_1000195,utkarsh.gupta+1000195@idinsight.org,9001000195,Telugu,Address 1000195,Male,surveyor,1,91001000195,39
1000196,Name_1000196,utkarsh.gupta+1000196@idinsight.org,9001000196,English,Address 1000196,Female,monitor;surveyor,1,91001000196,40
1000197,Name_1000197,utkarsh.gupta+1000197@idinsight.org,9001000197,Hindi,Address 1000197,Male,surveyor,1,91001000197,41
1000198,Name_1000198,utkarsh.gupta+1000198@idinsight.org,9001000198,Telugu,Address 1000198,Female,monitor;surveyor,1,91001000198,42
1000199,Name_1000199,utkarsh.gupta+1000199@idinsight.org,9001000199,English,Address 1000199,Male,surveyor,1,91001000199,43
1000200,Name_1000200,utkarsh.gupta+1000200@idinsight.org,9001000200,Hindi,Address 1000200,Female,monitor;surveyor,1,91001000200,44
1000201,Name_1000201,utkarsh.gupta+1000201@idinsight.org,9001000201,Telugu,Address 1000201,Male,surveyor,1,91001000201,25
1000202,Name_1000202,utkarsh.gupta+1000202@idinsight.org,9001000202,English,Address 1000202,Female,monitor;surveyor,1,91001000202,26
1000203,Name_1000203,utkarsh.gupta+1000203@idinsight.org,9001000203,Hindi,Address 1000203,Male,surveyor,1,91001000203,27
1000204,Name_1000204,utkarsh.gupta+1000204@idinsight.org,9001000204,Telugu,Address 1000204,Female,monitor;surveyor,1,91001000204,28
1000205,Name_1000205,utkarsh.gupta+1000205@idinsight.org,9001000205,English,Address 1000205,Male,surveyor,1,91001000205,29
1000206,Name_1000206,utkarsh.gupta+1000206@idinsight.org,9001000206,Hindi,Address 1000206,Female,monitor;surveyor,1,91001000206,30
1000207,Name_1000207,utkarsh.gupta+1000207@idinsight.org,9001000207,Telugu,Address 1000207,Male,surveyor,1,91001000207,31
1000208,Name_1000208,utkarsh.gupta+1000208@idinsight.org,9001000208,English,Address 1000208,Female,monitor;surveyor,1,91001000208,32
1000209,Name_1000209,utkarsh.gupta+1000209@idinsight.org,9001000209,Hindi,Address 1000209,Male,surveyor,1,91001000209,33
1000210,Name_1000210,utkarsh.gupta+1000210@idinsight.org,9001000210,Telugu,Address 1000210,Female,monitor;surveyor,1,91001000210,34
1000211,Name_1000211,utkarsh.gupta+1000211@idinsight.org,9001000211,English,Address 1000211,Male,surveyor,1,91001000211,35
1000212,Name_1000212,utkarsh.gupta+1000212@idinsight.org,9001000212,Hindi,Address 1000212,Female,monitor;surveyor,1,91001000212,36
1000213,Name_1000213,utkarsh.gupta+1000213@idinsight.org,9001000213,Telugu,Address 1000213,Male,surveyor,1,91001000213,37
1000214,Name_1000214,utkarsh.gupta+1000214@idinsight.org,9001000214,English,Address 1000214,Female,monitor;surveyor,1,91001000214,38
1000215,Name_1000215,utkarsh.gupta+1000215@idinsight.org,9001000215,Hindi,Address 1000215,Male,surveyor,1,91001000215,39
1000216,Name_1000216,utkarsh.gupta+1000216@idinsight.org,9001000216,Telugu,Address 1000216,Female,monitor;surveyor,1,91001000216,40
1000217,Name_1000217,utkarsh.gupta+1000217@idinsight.org,9001000217,English,Address 1000217,Male,surveyor,1,91001000217,41
1000218,Name_1000218,utkarsh.gupta+1000218@idinsight.org,9001000218,Hindi,Address 1000218,Female,monitor;surveyor,1,91001000218,42
1000219,Name_1000219,utkarsh.gupta+1000219@idinsight.org,9001000219,Telugu,Address 1000219,Male,surveyor,1,91001000219,43
1000220,Name_1000220,utkarsh.gupta+1000220@idinsight.org,9001000220,English,Address 1000220,Female,monitor;surveyor,1,91001000220,44
1000221,Name_1000221,utkarsh.gupta+1000221@idinsight.org,9001000221,Hindi,Address 1000221,Male,surveyor,1,91001000221,25
1000222,Name_1000222,utkarsh.gupta+1000222@idinsight.org,9001000222,Telugu,Address 1000222,Female,monitor;surveyor,1,91001000222,26
1000223,Name_1000223,utkarsh.gupta+1000223@idinsight.org,9001000223,English,Address 1000223,Male,surveyor,1,91001000223,27
1000224,Name_1000224,utkarsh.gupta+1000224@idinsight.org,9001000224,Hindi,Address 1000224,Female,monitor;surveyor,1,91001000224,28
1000225,Name_1000225,utkarsh.gupta+1000225@idinsight.org,9001000225,Telugu,Address 1000225,Male,surveyor,1,91001000225,29
1000226,Name_1000226,utkarsh.gupta+1000226@idinsight.org,9001000226,English,Address 1000226,Female,monitor;surveyor,1,91001000226,30
1000227,Name_1000227,utkarsh.gupta+1000227@idinsight.org,9001000227,Hindi,Address 1000227,Male,surveyor,1,91001000227,31
1000228,Name_1000228,utkarsh.gupta+1000228@idinsight.org,9001000228,Telugu,Address 1000228,Female,monitor;surveyor,1,91001000228,32
1000229,Name_1000229,utkarsh.gupta+1000229@idinsight.org,9001000229,English,Address 1000229,Male,surveyor,1,91001000229,33
1000230,Name_1000230,utkarsh.gupta+1000230@idinsight.org,9001000230,Hindi,Address 1000230,Female,monitor;surveyor,1,91001000230,34
1000231,Name_1000231,utkarsh.gupta+1000231@idinsight.org,9001000231,Telugu,Address 1000231,Male,surveyor,1,91001000231,35
1000232,Name_1000232,utkarsh.gupta+1000232@idinsight.org,9001000232,English,Address 1000232,Female,monitor;surveyor,1,91001000232,36
1000233,Name_1000233,utkarsh.gupta+1000233@idinsight.org,9001000233,Hindi,Address 1000233,Male,surveyor,1,91001000233,37
1000234,Name_1000234,utkarsh.gupta+1000234@idinsight.org,9001000234,Telugu,Address 1000234,Female,monitor;surveyor,1,91001000234,38
1000235,Name_1000235,utkarsh.gupta+1000235@idinsight.org,9001000235,English,Address 1000235,Male,surveyor,1,91001000235,39
1000236,Name_1000236,utkarsh.gupta+1000236@idinsight.org,9001000236,Hindi,Address 1000236,Female,monitor;surveyor,1,91001000236,40
1000237,Name_1000237,utkarsh.gupta+1000237@idinsight.org,9001000237,Telugu,Address 1000237,Male,surveyor,1,91001000237,41
1000238,Name_1000238,utkarsh.gupta+1000238@idinsight.org,9001000238,English,Address 1000238,Female,monitor;surveyor,1,91001000238,42
1000239,Name_1000239,utkarsh.gupta+1000239@idinsight.org,9001000239,Hindi,Address 1000239,Male,surveyor,1,91001000239,43
1000240,Name_1000240,utkarsh.gupta+1000240@idinsight.org,9001000240,Telugu,Address 1000240,Female,monitor;surveyor,1,91001000240,44
1000241,Name_1000241,utkarsh.gupta+1000241@idinsight.org,9001000241,English,Address 1000241,Male,surveyor,1,91001000241,25
1000242,Name_1000242,utkarsh.gupta+1000242@idinsight.org,9001000242,Hindi,Address 1000242,Female,monitor;surveyor,1,91001000242,26
1000243,Name_1000243,utkarsh.gupta+1000243@idinsight.org,9001000243,Telugu,Address 1000243,Male,surveyor,1,91001000243,27
1000244,Name_1000244,utkarsh.gupta+1000244@idinsight.org,9001000244,English,Address 1000244,Female,monitor;surveyor,1,91001000244,28
1000245,Name_1000245,utkarsh.gupta+1000245@idinsight.org,9001000245,Hindi,Address 1000245,Male,surveyor,1,91001000245,29
1000246,Name_1000246,utkarsh.gupta+1000246@idinsight.org,9001000246,Telugu,Address 1000246,Female,monitor;surveyor,1,91001000246,30
1000247,Name_1000247,utkarsh.gupta+1000247@idinsight.org,9001000247,English,Address 1000247,Male,surveyor,1,91001000247,31
1000248,Name_1000248,utkarsh.gupta+1000248@idinsight.org,9001000248,Hindi,Address 1000248,Female,monitor;surveyor,1,91001000248,32
1000249,Name_1000249,utkarsh.gupta+1000249@idinsight.org,9001000249,Telugu,Address 1000249,Male,surveyor,1,91001000249,33
1000250,Name_1000250,utkarsh.gupta+1000250@idinsight.org,9001000250,English,Address 1000250,Female,monitor;surveyor,1,91001000250,34
1000251,Name_1000251,utkarsh.gupta+1000251@idinsight.org,9001000251,Hindi,Address 1000251,Male,surveyor,1,91001000251,35
1000252,Name_1000252,utkarsh.gupta+1000252@idinsight.org,9001000252,Telugu,Address 1000252,Female,monitor;surveyor,1,91001000252,36
1000253,Name_1000253,utkarsh.gupta+1000253@idinsight.org,9001000253,English,Address 1000253,Male,surveyor,1,91001000253,37
1000254,Name_1000254,utkarsh.gupta+1000254@idinsight.org,9001000254,Hindi,Address 1000254,Female,monitor;surveyor,1,91001000254,38
1000255,Name_1000255,utkarsh.gupta+1000255@idinsight.org,9001000255,Telugu,Address 1000255,Male,surveyor,1,91001000255,39
1000256,Name_1000256,utkarsh.gupta+1000256@idinsight.org,9001000256,English,Address 1000256,Female,monitor;surveyor,1,91001000256,40
1000257,Name_1000257,utkarsh.gupta+1000257@idinsight.org,9001000257,Hindi,Address 1000257,Male,surveyor,1,91001000257,41
1000258,Name_1000258,utkarsh.gupta+1000258@idinsight.org,9001000258,Telugu,Address 1000258,Female,monitor;surveyor,1,91001000258,42
1000259,Name_1000259,utkarsh.gupta+1000259@idinsight.org,9001000259,English,Address 1000259,Male,surveyor,1,91001000259,43
1000260,Name_1000260,utkarsh.gupta+1000260@idinsight.org,9001000260,Hindi,Address 1000260,Female,monitor;surveyor,1,91001000260,44
1000261,Name_1000261,utkarsh.gupta+1000261@idinsight.org,9001000261,Telugu,Address 1000261,Male,surveyor,1,91001000261,25
1000262,Name_1000262,utkarsh.gupta+1000262@idinsight.org,9001000262,English,Address 1000262,Female,monitor;surveyor,1,91001000262,26
1000263,Name_1000263,utkarsh.gupta+1000263@idinsight.org,9001000263,Hindi,Address 1000263,Male,surveyor,1,91001000263,27
1000264,Name_1000264,utkarsh.gupta+1000264@idinsight.org,9001000264,Telugu,Address 1000264,Female,monitor;surveyor,1,91001000264,28
1000265,Name_1000265,utkarsh.gupta+1000265@idinsight.org,9001000265,English,Address 1000265,Male,surveyor,1,91001000265,29
1000266,Name_1000266,utkarsh.gupta+1000266@idinsight.org,9001000266,Hindi,Address 1000266,Female,monitor;surveyor,1,91001000266,30
1000267,Name_1000267,utkarsh.gupta+1000267@idinsight.org,9001000267,Telugu,Address 1000267,Male,surveyor,1,91001000267,31
1000268,Name_1000268,utkarsh.gupta+1000268@idinsight.org,9001000268,English,Address 1000268,Female,monitor;surveyor,1,91001000268,32
1000269,Name_1000269,utkarsh.gupta+1000269@idinsight.org,9001000269,Hindi,Address 1000269,Male,surveyor,1,91001000269,33
1000270,Name_1000270,utkarsh.gupta+1000270@idinsight.org,9001000270,Telugu,Address 1000270,Female,monitor;surveyor,1,91001000270,34
1000271,Name_1000271,utkarsh.gupta+1000271@idinsight.org,9001000271,English,Address 1000271,Male,surveyor,1,91001000271,35
1000272,Name_1000272,utkarsh.gupta+1000272@idinsight.org,9001000272,Hindi,Address 1000272,Female,monitor;surveyor,1,91001000272,36
1000273,Name_1000273,utkarsh.gupta+1000273@idinsight.org,9001000273,Telugu,Address 1000273,Male,surveyor,1,91001000273,37
1000274,Name_1000274,utkarsh.gupta+1000274@idinsight.org,9001000274,English,Address 1000274,Female,monitor;surveyor,1,91001000274,38
1000275,Name_1000275,utkarsh.gupta+1000275@idinsight.org,9001000275,Hindi,Address 1000275,Male,surveyor,1,91001000275,39
1000276,Name_1000276,utkarsh.gupta+1000276@idinsight.org,9001000276,Telugu,Address 1000276,Female,monitor;surveyor,1,91001000276,40
1000277,Name_1000277,utkarsh.gupta+1000277@idinsight.org,9001000277,English,Address 1000277,Male,surveyor,1,91001000277,41
1000278,Name_1000278,utkarsh.gupta+1000278@idinsight.org,9001000278,Hindi,Address 1000278,Female,monitor;surveyor,1,91001000278,42
1000279,Name_1000279,utkarsh.gupta+1000279@idinsight.org,9001000279,Telugu,Address 1000279,Male,surveyor,1,91001000279,43
1000280,Name_1000280,utkarsh.gupta+1000280@idinsight.org,9001000280,English,Address 1000280,Female,monitor;surveyor,1,91001000280,44
1000281,Name_1000281,utkarsh.gupta+1000281@idinsight.org,9001000281,Hindi,Address 1000281,Male,surveyor,1,91001000281,25
1000282,Name_1000282,utkarsh.gupta+1000282@idinsight.org,9001000282,Telugu,Address 1000282,Female,monitor;surveyor,1,91001000282,26
1000283,Name_1000283,utkarsh.gupta+1000283@idinsight.org,9001000283,English,Address 1000283,Male,surveyor,1,91001000283,27
1000284,Name_1000284,utkarsh.gupta+1000284@idinsight.org,9001000284,Hindi,Address 1000284,Female,monitor;surveyor,1,91001000284,28
1000285,Name_1000285,utkarsh.gupta+1000285@idinsight.org,9001000285,Telugu,Address 1000285,Male,surveyor,1,91001000285,29
1000286,Name_1000286,utkarsh.gupta+1000286@idinsight.org,9001000286,English,Address 1000286,Female,monitor;surveyor,1,91001000286,30
1000287,Name_1000287,utkarsh.gupta+1000287@idinsight.org,9001000287,Hindi,Address 1000287,Male,surveyor,1,91001000287,31
1000288,Name_1000288,utkarsh.gupta+1000288@idinsight.org,9001000288,Telugu,Address 1000288,Female,monitor;surveyor,1,91001000288,32
1000289,Name_1000289,utkarsh.gupta+1000289@idinsight.org,9001000289,English,Address 1000289,Male,surveyor,1,91001000289,33
1000290,Name_1000290,utkarsh.gupta+1000290@idinsight.org,9001000290,Hindi,Address 1000290,Female,monitor;surveyor,1,91001000290,34
1000291,Name_1000291,utkarsh.gupta+1000291@idinsight.org,9001000291,Telugu,Address 1000291,Male,surveyor,1,91001000291,35
1000292,Name_1000292,utkarsh.gupta+1000292@idinsight.org,9001000292,English,Address 1000292,Female,monitor;surveyor,1,91001000292,36
1000293,Name_1000293,utkarsh.gupta+1000293@idinsight.org,9001000293,Hindi,Address 1000293,Male,surveyor,1,91001000293,37
1000294,Name_1000294,utkarsh.gupta+1000294@idinsight.org,9001000294,Telugu,Address 1000294,Female,monitor;surveyor,1,91001000294,38
1000295,Name_1000295,utkarsh.gupta+1000295@idinsight.org,9001000295,English,Address 1000295,Male,surveyor,1,91001000295,39
1000296,Name_1000296,utkarsh.gupta+1000296@idinsight.org,9001000296,Hindi,Address 1000296,Female,monitor;surveyor,1,91001000296,40
1000297,Name_1000297,utkarsh.gupta+1000297@idinsight.org,9001000297,Telugu,Address 1000297,Male,surveyor,1,91001000297,41
1000298,Name_1000298,utkarsh.gupta+1000298@idinsight.org,9001000298,English,Address 1000298,Female,monitor;surveyor,1,91001000298,42
1000299,Name_1000299,utkarsh.gupta+1000299@idinsight.org,9001000299,Hindi,Address 1000299,Male,surveyor,1,91001000299,43
1000300,Name_1000300,utkarsh.gupta+1000300@idinsight.org,9001000300,Telugu,Address 1000300,Female,monitor;surveyor,1,91001000300,44
1000301,Name_1000301,utkarsh.gupta+1000301@idinsight.org,9001000301,English,Address 1000301,Male,surveyor,1,91001000301,25
1000302,Name_1000302,utkarsh.gupta+1000302@idinsight.org,9001000302,Hindi,Address 1000302,Female,monitor;surveyor,1,91001000302,26
1000303,Name_1000303,utkarsh.gupta+1000303@idinsight.org,9001000303,Telugu,Address 1000303,Male,surveyor,1,91001000303,27
1000304,Name_1000304,utkarsh.gupta+1000304@idinsight.org,9001000304,English,Address 1000304,Female,monitor;surveyor,1,91001000304,28
1000305,Name_1000305,utkarsh.gupta+1000305@idinsight.org,9001000305,Hindi,Address 1000305,Male,surveyor,1,91001000305,29
1000306,Name_1000306,utkarsh.gupta+1000306@idinsight.org,9001000306,Telugu,Address 1000306,Female,monitor;surveyor,1,91001000306,30
1000307,Name_1000307,utkarsh.gupta+1000307@idinsight.org,9001000307,English,Address 1000307,Male,surveyor,1,91001000307,31
1000308,Name_1000308,utkarsh.gupta+1000308@idinsight.org,9001000308,Hindi,Address 1000308,Female,monitor;surveyor,1,91001000308,32
1000309,Name_1000309,utkarsh.gupta+1000309@idinsight.org,9001000309,Telugu,Address 1000309,Male,surveyor,1,91001000309,33
1000310,Name_1000310,utkarsh.gupta+1000310@idinsight.org,9001000310,English,Address 1000310,Female,monitor;surveyor,1,91001000310,34
1000311,Name_1000311,utkarsh.gupta+1000311@idinsight.org,9001000311,Hindi,Address 1000311,Male,surveyor,1,91001000311,35
1000312,Name_1000312,utkarsh.gupta+1000312@idinsight.org,9001000312,Telugu,Address 1000312,Female,monitor;surveyor,1,91001000312,36
1000313,Name_1000313,utkarsh.gupta+1000313@idinsight.org,9001000313,English,Address 1000313,Male,surveyor,1,91001000313,37
1000314,Name_1000314,utkarsh.gupta+1000314@idinsight.org,9001000314,Hindi,Address 1000314,Female,monitor;surveyor,1,91001000314,38
1000315,Name_1000315,utkarsh.gupta+1000315@idinsight.org,9001000315,Telugu,Address 1000315,Male,surveyor,1,91001000315,39
1000316,Name_1000316,utkarsh.gupta+1000316@idinsight.org,9001000316,English,Address 1000316,Female,monitor;surveyor,1,91001000316,40
1000317,Name_1000317,utkarsh.gupta+1000317@idinsight.org,9001000317,Hindi,Address 1000317,Male,surveyor,1,91001000317,41
1000318,Name_1000318,utkarsh.gupta+1000318@idinsight.org,9001000318,Telugu,Address 1000318,Female,monitor;surveyor,1,91001000318,42
1000319,Name_1000319,utkarsh.gupta+1000319@idinsight.org,9001000319,English,Address 1000319,Male,surveyor,1,91001000319,43
1000320,Name_1000320,utkarsh.gupta+1000320@idinsight.org,9001000320,Hindi,Address 1000320,Female,monitor;surveyor,1,91001000320,44
1000321,Name_1000321,utkarsh.gupta+1000321@idinsight.org,9001000321,Telugu,Address 1000321,Male,surveyor,1,91001000321,25
1000322,Name_1000322,utkarsh.gupta+1000322@idinsight.org,9001000322,English,Address 1000322,Female,monitor;surveyor,1,91001000322,26
1000323,Name_1000323,utkarsh.gupta+1000323@idinsight.org,9001000323,Hindi,Address 1000323,Male,surveyor,1,91001000323,27
1000324,Name_1000324,utkarsh.gupta+1000324@idinsight.org,9001000324,Telugu,Address 1000324,Female,monitor;surveyor,1,91001000324,28
1000325,Name_1000325,utkarsh.gupta+1000325@idinsight.org,9001000325,English,Address 1000325,Male,surveyor,1,91001000325,29
1000326,Name_1000326,utkarsh.gupta+1000326@idinsight.org,9001000326,Hindi,Address 1000326,Female,monitor;surveyor,1,91001000326,30
1000327,Name_1000327,utkarsh.gupta+1000327@idinsight.org,9001000327,Telugu,Address 1000327,Male,surveyor,1,91001000327,31
1000328,Name_1000328,utkarsh.gupta+1000328@idinsight.org,9001000328,English,Address 1000328,Female,monitor;surveyor,1,91001000328,32
1000329,Name_1000329,utkarsh.gupta+1000329@idinsight.org,9001000329,Hindi,Address 1000329,Male,surveyor,1,91001000329,33
1000330,Name_1000330,utkarsh.gupta+1000330@idinsight.org,9001000330,Telugu,Address 1000330,Female,monitor;surveyor,1,91001000330,34
1000331,Name_1000331,utkarsh.gupta+1000331@idinsight.org,9001000331,English,Address 1000331,Male,surveyor,1,91001000331,35
1000332,Name_1000332,utkarsh.gupta+1000332@idinsight.org,9001000332,Hindi,Address 1000332,Female,monitor;surveyor,1,91001000332,36
1000333,Name_1000333,utkarsh.gupta+1000333@idinsight.org,9001000333,Telugu,Address 1000333,Male,surveyor,1,91001000333,37
1000334,Name_1000334,utkarsh.gupta+1000334@idinsight.org,9001000334,English,Address 1000334,Female,monitor;surveyor,1,91001000334,38
1000335,Name_1000335,utkarsh.gupta+1000335@idinsight.org,9001000335,Hindi,Address 1000335,Male,surveyor,1,91001000335,39
1000336,Name_1000336,utkarsh.gupta+1000336@idinsight.org,9001000336,Telugu,Address 1000336,Female,monitor;surveyor,1,91001000336,40
1000337,Name_1000337,utkarsh.gupta+1000337@idinsight.org,9001000337,English,Address 1000337,Male,surveyor,1,91001000337,41
1000338,Name_1000338,utkarsh.gupta+1000338@idinsight.org,9001000338,Hindi,Address 1000338,Female,monitor;surveyor,1,91001000338,42
1000339,Name_1000339,utkarsh.gupta+1000339@idinsight.org,9001000339,Telugu,Address 1000339,Male,surveyor,1,91001000339,43
1000340,Name_1000340,utkarsh.gupta+1000340@idinsight.org,9001000340,English,Address 1000340,Female,monitor;surveyor,1,91001000340,44
1000341,Name_1000341,utkarsh.gupta+1000341@idinsight.org,9001000341,Hindi,Address 1000341,Male,surveyor,1,91001000341,25
1000342,Name_1000342,utkarsh.gupta+1000342@idinsight.org,9001000342,Telugu,Address 1000342,Female,monitor;surveyor,1,91001000342,26
1000343,Name_1000343,utkarsh.gupta+1000343@idinsight.org,9001000343,English,Address 1000343,Male,surveyor,1,91001000343,27
1000344,Name_1000344,utkarsh.gupta+1000344@idinsight.org,9001000344,Hindi,Address 1000344,Female,monitor;surveyor,1,91001000344,28
1000345,Name_1000345,utkarsh.gupta+1000345@idinsight.org,9001000345,Telugu,Address 1000345,Male,surveyor,1,91001000345,29
1000346,Name_1000346,utkarsh.gupta+1000346@idinsight.org,9001000346,English,Address 1000346,Female,monitor;surveyor,1,91001000346,30
1000347,Name_1000347,utkarsh.gupta+1000347@idinsight.org,9001000347,Hindi,Address 1000347,Male,surveyor,1,91001000347,31
1000348,Name_1000348,utkarsh.gupta+1000348@idinsight.org,9001000348,Telugu,Address 1000348,Female,monitor;surveyor,1,91001000348,32
1000349,Name_1000349,utkarsh.gupta+1000349@idinsight.org,9001000349,English,Address 1000349,Male,surveyor,1,91001000349,33
1000350,Name_1000350,utkarsh.gupta+1000350@idinsight.org,9001000350,Hindi,Address 1000350,Female,monitor;surveyor,1,91001000350,34
1000351,Name_1000351,utkarsh.gupta+1000351@idinsight.org,9001000351,Telugu,Address 1000351,Male,surveyor,1,91001000351,35
1000352,Name_1000352,utkarsh.gupta+1000352@idinsight.org,9001000352,English,Address 1000352,Female,monitor;surveyor,1,91001000352,36
1000353,Name_1000353,utkarsh.gupta+1000353@idinsight.org,9001000353,Hindi,Address 1000353,Male,surveyor,1,91001000353,37
1000354,Name_1000354,utkarsh.gupta+1000354@idinsight.org,9001000354,Telugu,Address 1000354,Female,monitor;surveyor,1,91001000354,38
1000355,Name_1000355,utkarsh.gupta+1000355@idinsight.org,9001000355,English,Address 1000355,Male,surveyor,1,91001000355,39
1000356,Name_1000356,utkarsh.gupta+1000356@idinsight.org,9001000356,Hindi,Address 1000356,Female,monitor;surveyor,1,91001000356,40
1000357,Name_1000357,utkarsh.gupta+1000357@idinsight.org,9001000357,Telugu,Address 1000357,Male,surveyor,1,91001000357,41
1000358,Name_1000358,utkarsh.gupta+1000358@idinsight.org,9001000358,English,Address 1000358,Female,monitor;surveyor,1,91001000358,42
1000359,Name_1000359,utkarsh.gupta+1000359@idinsight.org,9001000359,Hindi,Address 1000359,Male,surveyor,1,91001000359,43
1000360,Name_1000360,utkarsh.gupta+1000360@idinsight.org,9001000360,Telugu,Address 1000360,Female,monitor;surveyor,1,91001000360,44
1000361,Name_1000361,utkarsh.gupta+1000361@idinsight.org,9001000361,English,Address 1000361,Male,surveyor,1,91001000361,25
1000362,Name_1000362,utkarsh.gupta+1000362@idinsight.org,9001000362,Hindi,Address 1000362,Female,monitor;surveyor,1,91001000362,26
1000363,Name_1000363,utkarsh.gupta+1000363@idinsight.org,9001000363,Telugu,Address 1000363,Male,surveyor,1,91001000363,27
1000364,Name_1000364,utkarsh.gupta+1000364@idinsight.org,9001000364,English,Address 1000364,Female,monitor;surveyor,1,91001000364,28
1000365,Name_1000365,utkarsh.gupta+1000365@idinsight.org,9001000365,Hindi,Address 1000365,Male,surveyor,1,91001000365,29
1000366,Name_1000366,utkarsh.gupta+1000366@idinsight.org,9001000366,Telugu,Address 1000366,Female,monitor;surveyor,1,91001000366,30
1000367,Name_1000367,utkarsh.gupta+1000367@idinsight.org,9001000367,English,Address 1000367,Male,surveyor,1,91001000367,31
1000368,Name_1000368,utkarsh.gupta+1000368@idinsight.org,9001000368,Hindi,Address 1000368,Female,monitor;surveyor,1,91001000368,32
1000369,Name_1000369,utkarsh.gupta+1000369@idinsight.org,9001000369,Telugu,Address 1000369,Male,surveyor,1,91001000369,33
1000370,Name_1000370,utkarsh.gupta+1000370@idinsight.org,9001000370,English,Address 1000370,Female,monitor;surveyor,1,91001000370,34
1000371,Name_1000371,utkarsh.gupta+1000371@idinsight.org,9001000371,Hindi,Address 1000371,Male,surveyor,1,91001000371,35
1000372,Name_1000372,utkarsh.gupta+1000372@idinsight.org,9001000372,Telugu,Address 1000372,Female,monitor;surveyor,1,91001000372,36
1000373,Name_1000373,utkarsh.gupta+1000373@idinsight.org,9001000373,English,Address 1000373,Male,surveyor,1,91001000373,37
1000374,Name_1000374,utkarsh.gupta+1000374@idinsight.org,9001000374,Hindi,Address 1000374,Female,monitor;surveyor,1,91001000374,38
1000375,Name_1000375,utkarsh.gupta+1000375@idinsight.org,9001000375,Telugu,Address 1000375,Male,surveyor,1,91001000375,39
1000376,Name_1000376,utkarsh.gupta+1000376@idinsight.org,9001000376,English,Address 1000376,Female,monitor;surveyor,1,91001000376,40
1000377,Name_1000377,utkarsh.gupta+1000377@idinsight.org,9001000377,Hindi,Address 1000377,Male,surveyor,1,91001000377,41
1000378,Name_1000378,utkarsh.gupta+1000378@idinsight.org,9001000378,Telugu,Address 1000378,Female,monitor;surveyor,1,91001000378,42
1000379,Name_1000379,utkarsh.gupta+1000379@idinsight.org,9001000379,English,Address 1000379,Male,surveyor,1,91001000379,43
1000380,Name_1000380,utkarsh.gupta+1000380@idinsight.org,9001000380,Hindi,Address 1000380,Female,monitor;surveyor,1,91001000380,44
1000381,Name_1000381,utkarsh.gupta+1000381@idinsight.org,9001000381,Telugu,Address 1000381,Male,surveyor,1,91001000381,25
1000382,Name_1000382,utkarsh.gupta+1000382@idinsight.org,9001000382,English,Address 1000382,Female,monitor;surveyor,1,91001000382,26
1000383,Name_1000383,utkarsh.gupta+1000383@idinsight.org,9001000383,Hindi,Address 1000383,Male,surveyor,1,91001000383,27
1000384,Name_1000384,utkarsh.gupta+1000384@idinsight.org,9001000384,Telugu,Address 1000384,Female,monitor;surveyor,1,91001000384,28
1000385,Name_1000385,utkarsh.gupta+1000385@idinsight.org,9001000385,English,Address 1000385,Male,surveyor,1,91001000385,29
1000386,Name_1000386,utkarsh.gupta+1000386@idinsight.org,9001000386,Hindi,Address 1000386,Female,monitor;surveyor,1,91001000386,30
1000387,Name_1000387,utkarsh.gupta+1000387@idinsight.org,9001000387,Telugu,Address 1000387,Male,surveyor,1,91001000387,31
1000388,Name_1000388,utkarsh.gupta+1000388@idinsight.org,9001000388,English,Address 1000388,Female,monitor;surveyor,1,91001000388,32
1000389,Name_1000389,utkarsh.gupta+1000389@idinsight.org,9001000389,Hindi,Address 1000389,Male,surveyor,1,91001000389,33
1000390,Name_1000390,utkarsh.gupta+1000390@idinsight.org,9001000390,Telugu,Address 1000390,Female,monitor;surveyor,1,91001000390,34
1000391,Name_1000391,utkarsh.gupta+1000391@idinsight.org,9001000391,English,Address 1000391,Male,surveyor,1,91001000391,35
1000392,Name_1000392,utkarsh.gupta+1000392@idinsight.org,9001000392,Hindi,Address 1000392,Female,monitor;surveyor,1,91001000392,36
1000393,Name_1000393,utkarsh.gupta+1000393@idinsight.org,9001000393,Telugu,Address 1000393,Male,surveyor,1,91001000393,37
1000394,Name_1000394,utkarsh.gupta+1000394@idinsight.org,9001000394,English,Address 1000394,Female,monitor;surveyor,1,91001000394,38
1000395,Name_1000395,utkarsh.gupta+1000395@idinsight.org,9001000395,Hindi,Address 1000395,Male,surveyor,1,91001000395,39
1000396,Name_1000396,utkarsh.gupta+1000396@idinsight.org,9001000396,Telugu,Address 1000396,Female,monitor;surveyor,1,91001000396,40
1000397,Name_1000397,utkarsh.gupta+1000397@idinsight.org,9001000397,English,Address 1000397,Male,surveyor,1,91001000397,41
1000398,Name_1000398,utkarsh.gupta+1000398@idinsight.org,9001000398,Hindi,Address 1000398,Female,monitor;surveyor,1,91001000398,42
1000399,Name_1000399,utkarsh.gupta+1000399@idinsight.org,9001000399,Telugu,Address 1000399,Male,surveyor,1,91001000399,43
1000400,Name_1000400,utkarsh.gupta+1000400@idinsight.org,9001000400,English,Address 1000400,Female,monitor;surveyor,1,91001000400,44
1000401,Name_1000401,utkarsh.gupta+1000401@idinsight.org,9001000401,Hindi,Address 1000401,Male,surveyor,1,91001000401,25
1000402,Name_1000402,utkarsh.gupta+1000402@idinsight.org,9001000402,Telugu,Address 1000402,Female,monitor;surveyor,1,91001000402,26
1000403,Name_1000403,utkarsh.gupta+1000403@idinsight.org,9001000403,English,Address 1000403,Male,surveyor,1,91001000403,27
1000404,Name_1000404,utkarsh.gupta+1000404@idinsight.org,9001000404,Hindi,Address 1000404,Female,monitor;surveyor,1,91001000404,28
1000405,Name_1000405,utkarsh.gupta+1000405@idinsight.org,9001000405,Telugu,Address 1000405,Male,surveyor,1,91001000405,29
1000406,Name_1000406,utkarsh.gupta+1000406@idinsight.org,9001000406,English,Address 1000406,Female,monitor;surveyor,1,91001000406,30
1000407,Name_1000407,utkarsh.gupta+1000407@idinsight.org,9001000407,Hindi,Address 1000407,Male,surveyor,1,91001000407,31
1000408,Name_1000408,utkarsh.gupta+1000408@idinsight.org,9001000408,Telugu,Address 1000408,Female,monitor;surveyor,1,91001000408,32
1000409,Name_1000409,utkarsh.gupta+1000409@idinsight.org,9001000409,English,Address 1000409,Male,surveyor,1,91001000409,33
1000410,Name_1000410,utkarsh.gupta+1000410@idinsight.org,9001000410,Hindi,Address 1000410,Female,monitor;surveyor,1,91001000410,34
1000411,Name_1000411,utkarsh.gupta+1000411@idinsight.org,9001000411,Telugu,Address 1000411,Male,surveyor,1,91001000411,35
1000412,Name_1000412,utkarsh.gupta+1000412@idinsight.org,9001000412,English,Address 1000412,Female,monitor;surveyor,1,91001000412,36
1000413,Name_1000413,utkarsh.gupta+1000413@idinsight.org,9001000413,Hindi,Address 1000413,Male,surveyor,1,91001000413,37
1000414,Name_1000414,utkarsh.gupta+1000414@idinsight.org,9001000414,Telugu,Address 1000414,Female,monitor;surveyor,1,91001000414,38
1000415,Name_1000415,utkarsh.gupta+1000415@idinsight.org,9001000415,English,Address 1000415,Male,surveyor,1,91001000415,39
1000416,Name_1000416,utkarsh.gupta+1000416@idinsight.org,9001000416,Hindi,Address 1000416,Female,monitor;surveyor,1,91001000416,40
1000417,Name_1000417,utkarsh.gupta+1000417@idinsight.org,9001000417,Telugu,Address 1000417,Male,surveyor,1,91001000417,41
1000418,Name_1000418,utkarsh.gupta+1000418@idinsight.org,9001000418,English,Address 1000418,Female,monitor;surveyor,1,91001000418,42
1000419,Name_1000419,utkarsh.gupta+1000419@idinsight.org,9001000419,Hindi,Address 1000419,Male,surveyor,1,91001000419,43
1000420,Name_1000420,utkarsh.gupta+1000420@idinsight.org,9001000420,Telugu,Address 1000420,Female,monitor;surveyor,1,91001000420,44
1000421,Name_1000421,utkarsh.gupta+1000421@idinsight.org,9001000421,English,Address 1000421,Male,surveyor,1,91001000421,25
1000422,Name_1000422,utkarsh.gupta+1000422@idinsight.org,9001000422,Hindi,Address 1000422,Female,monitor;surveyor,1,91001000422,26
1000423,Name_1000423,utkarsh.gupta+1000423@idinsight.org,9001000423,Telugu,Address 1000423,Male,surveyor,1,91001000423,27
1000424,Name_1000424,utkarsh.gupta+1000424@idinsight.org,9001000424,English,Address 1000424,Female,monitor;surveyor,1,91001000424,28
1000425,Name_1000425,utkarsh.gupta+1000425@idinsight.org,9001000425,Hindi,Address 1000425,Male,surveyor,1,91001000425,29
1000426,Name_1000426,utkarsh.gupta+1000426@idinsight.org,9001000426,Telugu,Address 1000426,Female,monitor;surveyor,1,91001000426,30
1000427,Name_1000427,utkarsh.gupta+1000427@idinsight.org,9001000427,English,Address 1000427,Male,surveyor,1,91001000427,31
1000428,Name_1000428,utkarsh.gupta+1000428@idinsight.org,9001000428,Hindi,Address 1000428,Female,monitor;surveyor,1,91001000428,32
1000429,Name_1000429,utkarsh.gupta+1000429@idinsight.org,9001000429,Telugu,Address 1000429,Male,surveyor,1,91001000429,33
1000430,Name_1000430,utkarsh.gupta+1000430@idinsight.org,9001000430,English,Address 1000430,Female,monitor;surveyor,1,91001000430,34
1000431,Name_1000431,utkarsh.gupta+1000431@idinsight.org,9001000431,Hindi,Address 1000431,Male,surveyor,1,91001000431,35
1000432,Name_1000432,utkarsh.gupta+1000432@idinsight.org,9001000432,Telugu,Address 1000432,Female,monitor;surveyor,1,91001000432,36
1000433,Name_1000433,utkarsh.gupta+1000433@idinsight.org,9001000433,English,Address 1000433,Male,surveyor,1,91001000433,37
1000434,Name_1000434,utkarsh.gupta+1000434@idinsight.org,9001000434,Hindi,Address 1000434,Female,monitor;surveyor,1,91001000434,38
1000435,Name_1000435,utkarsh.gupta+1000435@idinsight.org,9001000435,Telugu,Address 1000435,Male,surveyor,1,91001000435,39
1000436,Name_1000436,utkarsh.gupta+1000436@idinsight.org,9001000436,English,Address 1000436,Female,monitor;surveyor,1,91001000436,40
1000437,Name_1000437,utkarsh.gupta+1000437@idinsight.org,9001000437,Hindi,Address 1000437,Male,surveyor,1,91001000437,41
1000438,Name_1000438,utkarsh.gupta+1000438@idinsight.org,9001000438,Telugu,Address 1000438,Female,monitor;surveyor,1,91001000438,42
1000439,Name_1000439,utkarsh.gupta+1000439@idinsight.org,9001000439,English,Address 1000439,Male,surveyor,1,91001000439,43
1000440,Name_1000440,utkarsh.gupta+1000440@idinsight.org,9001000440,Hindi,Address 1000440,Female,monitor;surveyor,1,91001000440,44
1000441,Name_1000441,utkarsh.gupta+1000441@idinsight.org,9001000441,Telugu,Address 1000441,Male,surveyor,1,91001000441,25
1000442,Name_1000442,utkarsh.gupta+1000442@idinsight.org,9001000442,English,Address 1000442,Female,monitor;surveyor,1,91001000442,26
1000443,Name_1000443,utkarsh.gupta+1000443@idinsight.org,9001000443,Hindi,Address 1000443,Male,surveyor,1,91001000443,27
1000444,Name_1000444,utkarsh.gupta+1000444@idinsight.org,9001000444,Telugu,Address 1000444,Female,monitor;surveyor,1,91001000444,28
1000445,Name_1000445,utkarsh.gupta+1000445@idinsight.org,9001000445,English,Address 1000445,Male,surveyor,1,91001000445,29
1000446,Name_1000446,utkarsh.gupta+1000446@idinsight.org,9001000446,Hindi,Address 1000446,Female,monitor;surveyor,1,91001000446,30
1000447,Name_1000447,utkarsh.gupta+1000447@idinsight.org,9001000447,Telugu,Address 1000447,Male,surveyor,1,91001000447,31
1000448,Name_1000448,utkarsh.gupta+1000448@idinsight.org,9001000448,English,Address 1000448,Female,monitor;surveyor,1,91001000448,32
1000449,Name_1000449,utkarsh.gupta+1000449@idinsight.org,9001000449,Hindi,Address 1000449,Male,surveyor,1,91001000449,33
1000450,Name_1000450,utkarsh.gupta+1000450@idinsight.org,9001000450,Telugu,Address 1000450,Female,monitor;surveyor,1,91001000450,34
1000451,Name_1000451,utkarsh.gupta+1000451@idinsight.org,9001000451,English,Address 1000451,Male,surveyor,1,91001000451,35
1000452,Name_1000452,utkarsh.gupta+1000452@idinsight.org,9001000452,Hindi,Address 1000452,Female,monitor;surveyor,1,91001000452,36
1000453,Name_1000453,utkarsh.gupta+1000453@idinsight.org,9001000453,Telugu,Address 1000453,Male,surveyor,1,91001000453,37
1000454,Name_1000454,utkarsh.gupta+1000454@idinsight.org,9001000454,English,Address 1000454,Female,monitor;surveyor,1,91001000454,38
1000455,Name_1000455,utkarsh.gupta+1000455@idinsight.org,9001000455,Hindi,Address 1000455,Male,surveyor,1,91001000455,39
1000456,Name_1000456,utkarsh.gupta+1000456@idinsight.org,9001000456,Telugu,Address 1000456,Female,monitor;surveyor,1,91001000456,40
1000457,Name_1000457,utkarsh.gupta+1000457@idinsight.org,9001000457,English,Address 1000457,Male,surveyor,1,91001000457,41
1000458,Name_1000458,utkarsh.gupta+1000458@idinsight.org,9001000458,Hindi,Address 1000458,Female,monitor;surveyor,1,91001000458,42
1000459,Name_1000459,utkarsh.gupta+1000459@idinsight.org,9001000459,Telugu,Address 1000459,Male,surveyor,1,91001000459,43
1000460,Name_1000460,utkarsh.gupta+1000460@idinsight.org,9001000460,English,Address 1000460,Female,monitor;surveyor,1,91001000460,44
1000461,Name_1000461,utkarsh.gupta+1000461@idinsight.org,9001000461,Hindi,Address 1000461,Male,surveyor,1,91001000461,25
1000462,Name_1000462,utkarsh.gupta+1000462@idinsight.org,9001000462,Telugu,Address 1000462,Female,monitor;surveyor,1,91001000462,26
1000463,Name_1000463,utkarsh.gupta+1000463@idinsight.org,9001000463,English,Address 1000463,Male,surveyor,1,91001000463,27
1000464,Name_1000464,utkarsh.gupta+1000464@idinsight.org,9001000464,Hindi,Address 1000464,Female,monitor;surveyor,1,91001000464,28
1000465,Name_1000465,utkarsh.gupta+1000465@idinsight.org,9001000465,Telugu,Address 1000465,Male,surveyor,1,91001000465,29
1000466,Name_1000466,utkarsh.gupta+1000466@idinsight.org,9001000466,English,Address 1000466,Female,monitor;surveyor,1,91001000466,30
1000467,Name_1000467,utkarsh.gupta+1000467@idinsight.org,9001000467,Hindi,Address 1000467,Male,surveyor,1,91001000467,31
1000468,Name_1000468,utkarsh.gupta+1000468@idinsight.org,9001000468,Telugu,Address 1000468,Female,monitor;surveyor,1,91001000468,32
1000469,Name_1000469,utkarsh.gupta+1000469@idinsight.org,9001000469,English,Address 1000469,Male,surveyor,1,91001000469,33
1000470,Name_1000470,utkarsh.gupta+1000470@idinsight.org,9001000470,Hindi,Address 1000470,Female,monitor;surveyor,1,91001000470,34
1000471,Name_1000471,utkarsh.gupta+1000471@idinsight.org,9001000471,Telugu,Address 1000471,Male,surveyor,1,91001000471,35
1000472,Name_1000472,utkarsh.gupta+1000472@idinsight.org,9001000472,English,Address 1000472,Female,monitor;surveyor,1,91001000472,36
1000473,Name_1000473,utkarsh.gupta+1000473@idinsight.org,9001000473,Hindi,Address 1000473,Male,surveyor,1,91001000473,37
1000474,Name_1000474,utkarsh.gupta+1000474@idinsight.org,9001000474,Telugu,Address 1000474,Female,monitor;surveyor,1,91001000474,38
1000475,Name_1000475,utkarsh.gupta+1000475@idinsight.org,9001000475,English,Address 1000475,Male,surveyor,1,91001000475,39
1000476,Name_1000476,utkarsh.gupta+1000476@idinsight.org,9001000476,Hindi,Address 1000476,Female,monitor;surveyor,1,91001000476,40
1000477,Name_1000477,utkarsh.gupta+1000477@idinsight.org,9001000477,Telugu,Address 1000477,Male,surveyor,1,91001000477,41
1000478,Name_1000478,utkarsh.gupta+1000478@idinsight.org,9001000478,English,Address 1000478,Female,monitor;surveyor,1,91001000478,42
1000479,Name_1000479,utkarsh.gupta+1000479@idinsight.org,9001000479,Hindi,Address 1000479,Male,surveyor,1,91001000479,43
1000480,Name_1000480,utkarsh.gupta+1000480@idinsight.org,9001000480,Telugu,Address 1000480,Female,monitor;surveyor,1,91001000480,44
1000481,Name_1000481,utkarsh.gupta+1000481@idinsight.org,9001000481,English,Address 1000481,Male,surveyor,1,91001000481,25
1000482,Name_1000482,utkarsh.gupta+1000482@idinsight.org,9001000482,Hindi,Address 1000482,Female,monitor;surveyor,1,91001000482,26
1000483,Name_1000483,utkarsh.gupta+1000483@idinsight.org,9001000483,Telugu,Address 1000483,Male,surveyor,1,91001000483,27
1000484,Name_1000484,utkarsh.gupta+1000484@idinsight.org,9001000484,English,Address 1000484,Female,monitor;surveyor,1,91001000484,28
1000485,Name_1000485,utkarsh.gupta+1000485@idinsight.org,9001000485,Hindi,Address 1000485,Male,surveyor,1,91001000485,29
1000486,Name_1000486,utkarsh.gupta+1000486@idinsight.org,9001000486,Telugu,Address 1000486,Female,monitor;surveyor,1,91001000486,30
1000487,Name_1000487,utkarsh.gupta+1000487@idinsight.org,9001000487,English,Address 1000487,Male,surveyor,1,91001000487,31
1000488,Name_1000488,utkarsh.gupta+1000488@idinsight.org,9001000488,Hindi,Address 1000488,Female,monitor;surveyor,1,91001000488,32
1000489,Name_1000489,utkarsh.gupta+1000489@idinsight.org,9001000489,Telugu,Address 1000489,Male,surveyor,1,91001000489,33
1000490,Name_1000490,utkarsh.gupta+1000490@idinsight.org,9001000490,English,Address 1000490,Female,monitor;surveyor,1,91001000490,34
1000491,Name_1000491,utkarsh.gupta+1000491@idinsight.org,9001000491,Hindi,Address 1000491,Male,surveyor,1,91001000491,35
1000492,Name_1000492,utkarsh.gupta+1000492@idinsight.org,9001000492,Telugu,Address 1000492,Female,monitor;surveyor,1,91001000492,36
1000493,Name_1000493,utkarsh.gupta+1000493@idinsight.org,9001000493,English,Address 1000493,Male,surveyor,1,91001000493,37
1000494,Name_1000494,utkarsh.gupta+1000494@idinsight.org,9001000494,Hindi,Address 1000494,Female,monitor;surveyor,1,91001000494,38
1000495,Name_1000495,utkarsh.gupta+1000495@idinsight.org,9001000495,Telugu,Address 1000495,Male,surveyor,1,91001000495,39
1000496,Name_1000496,utkarsh.gupta+1000496@idinsight.org,9001000496,English,Address 1000496,Female,monitor;surveyor,1,91001000496,40
1000497,Name_1000497,utkarsh.gupta+1000497@idinsight.org,9001000497,Hindi,Address 1000497,Male,surveyor,1,91001000497,41
1000498,Name_1000498,utkarsh.gupta+1000498@idinsight.org,9001000498,Telugu,Address 1000498,Female,monitor;surveyor,1,91001000498,42
1000499,Name_1000499,utkarsh.gupta+1000499@idinsight.org,9001000499,English,Address 1000499,Male,surveyor,1,91001000499,43
1000500,Name_1000500,utkarsh.gupta+1000500@idinsight.org,9001000500,Hindi,Address 1000500,Female,monitor;surveyor,1,91001000500,44
1000501,Name_1000501,utkarsh.gupta+1000501@idinsight.org,9001000501,Telugu,Address 1000501,Male,surveyor,2,91001000501,25
1000502,Name_1000502,utkarsh.gupta+1000502@idinsight.org,9001000502,English,Address 1000502,Female,monitor;surveyor,2,91001000502,26
1000503,Name_1000503,utkarsh.gupta+1000503@idinsight.org,9001000503,Hindi,Address 1000503,Male,surveyor,2,91001000503,27
1000504,Name_1000504,utkarsh.gupta+1000504@idinsight.org,9001000504,Telugu,Address 1000504,Female,monitor;surveyor,2,91001000504,28
1000505,Name_1000505,utkarsh.gupta+1000505@idinsight.org,9001000505,English,Address 1000505,Male,surveyor,2,91001000505,29
1000506,Name_1000506,utkarsh.gupta+1000506@idinsight.org,9001000506,Hindi,Address 1000506,Female,monitor;surveyor,2,91001000506,30
1000507,Name_1000507,utkarsh.gupta+1000507@idinsight.org,9001000507,Telugu,Address 1000507,Male,surveyor,2,91001000507,31
1000508,Name_1000508,utkarsh.gupta+1000508@idinsight.org,9001000508,English,Address 1000508,Female,monitor;surveyor,2,91001000508,32
1000509,Name_1000509,utkarsh.gupta+1000509@idinsight.org,9001000509,Hindi,Address 1000509,Male,surveyor,2,91001000509,33
1000510,Name_1000510,utkarsh.gupta+1000510@idinsight.org,9001000510,Telugu,Address 1000510,Female,monitor;surveyor,2,91001000510,34
1000511,Name_1000511,utkarsh.gupta+1000511@idinsight.org,9001000511,English,Address 1000511,Male,surveyor,2,91001000511,35
1000512,Name_1000512,utkarsh.gupta+1000512@idinsight.org,9001000512,Hindi,Address 1000512,Female,monitor;surveyor,2,91001000512,36
1000513,Name_1000513,utkarsh.gupta+1000513@idinsight.org,9001000513,Telugu,Address 1000513,Male,surveyor,2,91001000513,37
1000514,Name_1000514,utkarsh.gupta+1000514@idinsight.org,9001000514,English,Address 1000514,Female,monitor;surveyor,2,91001000514,38
1000515,Name_1000515,utkarsh.gupta+1000515@idinsight.org,9001000515,Hindi,Address 1000515,Male,surveyor,2,91001000515,39
1000516,Name_1000516,utkarsh.gupta+1000516@idinsight.org,9001000516,Telugu,Address 1000516,Female,monitor;surveyor,2,91001000516,40
1000517,Name_1000517,utkarsh.gupta+1000517@idinsight.org,9001000517,English,Address 1000517,Male,surveyor,2,91001000517,41
1000518,Name_1000518,utkarsh.gupta+1000518@idinsight.org,9001000518,Hindi,Address 1000518,Female,monitor;surveyor,2,91001000518,42
1000519,Name_1000519,utkarsh.gupta+1000519@idinsight.org,9001000519,Telugu,Address 1000519,Male,surveyor,2,91001000519,43
1000520,Name_1000520,utkarsh.gupta+1000520@idinsight.org,9001000520,English,Address 1000520,Female,monitor;surveyor,2,91001000520,44
1000521,Name_1000521,utkarsh.gupta+1000521@idinsight.org,9001000521,Hindi,Address 1000521,Male,surveyor,2,91001000521,25
1000522,Name_1000522,utkarsh.gupta+1000522@idinsight.org,9001000522,Telugu,Address 1000522,Female,monitor;surveyor,2,91001000522,26
1000523,Name_1000523,utkarsh.gupta+1000523@idinsight.org,9001000523,English,Address 1000523,Male,surveyor,2,91001000523,27
1000524,Name_1000524,utkarsh.gupta+1000524@idinsight.org,9001000524,Hindi,Address 1000524,Female,monitor;surveyor,2,91001000524,28
1000525,Name_1000525,utkarsh.gupta+1000525@idinsight.org,9001000525,Telugu,Address 1000525,Male,surveyor,2,91001000525,29
1000526,Name_1000526,utkarsh.gupta+1000526@idinsight.org,9001000526,English,Address 1000526,Female,monitor;surveyor,2,91001000526,30
1000527,Name_1000527,utkarsh.gupta+1000527@idinsight.org,9001000527,Hindi,Address 1000527,Male,surveyor,2,91001000527,31
1000528,Name_1000528,utkarsh.gupta+1000528@idinsight.org,9001000528,Telugu,Address 1000528,Female,monitor;surveyor,2,91001000528,32
1000529,Name_1000529,utkarsh.gupta+1000529@idinsight.org,9001000529,English,Address 1000529,Male,surveyor,2,91001000529,33
1000530,Name_1000530,utkarsh.gupta+1000530@idinsight.org,9001000530,Hindi,Address 1000530,Female,monitor;surveyor,2,91001000530,34
1000531,Name_1000531,utkarsh.gupta+1000531@idinsight.org,9001000531,Telugu,Address 1000531,Male,surveyor,2,91001000531,35
1000532,Name_1000532,utkarsh.gupta+1000532@idinsight.org,9001000532,English,Address 1000532,Female,monitor;surveyor,2,91001000532,36
1000533,Name_1000533,utkarsh.gupta+1000533@idinsight.org,9001000533,Hindi,Address 1000533,Male,surveyor,2,91001000533,37
1000534,Name_1000534,utkarsh.gupta+1000534@idinsight.org,9001000534,Telugu,Address 1000534,Female,monitor;surveyor,2,91001000534,38
1000535,Name_1000535,utkarsh.gupta+1000535@idinsight.org,9001000535,English,Address 1000535,Male,surveyor,2,91001000535,39
1000536,Name_1000536,utkarsh.gupta+1000536@idinsight.org,9001000536,Hindi,Address 1000536,Female,monitor;surveyor,2,91001000536,40
1000537,Name_1000537,utkarsh.gupta+1000537@idinsight.org,9001000537,Telugu,Address 1000537,Male,surveyor,2,91001000537,41
1000538,Name_1000538,utkarsh.gupta+1000538@idinsight.org,9001000538,English,Address 1000538,Female,monitor;surveyor,2,91001000538,42
1000539,Name_1000539,utkarsh.gupta+1000539@idinsight.org,9001000539,Hindi,Address 1000539,Male,surveyor,2,91001000539,43
1000540,Name_1000540,utkarsh.gupta+1000540@idinsight.org,9001000540,Telugu,Address 1000540,Female,monitor;surveyor,2,91001000540,44
1000541,Name_1000541,utkarsh.gupta+1000541@idinsight.org,9001000541,English,Address 1000541,Male,surveyor,2,91001000541,25
1000542,Name_1000542,utkarsh.gupta+1000542@idinsight.org,9001000542,Hindi,Address 1000542,Female,monitor;surveyor,2,91001000542,26
1000543,Name_1000543,utkarsh.gupta+1000543@idinsight.org,9001000543,Telugu,Address 1000543,Male,surveyor,2,91001000543,27
1000544,Name_1000544,utkarsh.gupta+1000544@idinsight.org,9001000544,English,Address 1000544,Female,monitor;surveyor,2,91001000544,28
1000545,Name_1000545,utkarsh.gupta+1000545@idinsight.org,9001000545,Hindi,Address 1000545,Male,surveyor,2,91001000545,29
1000546,Name_1000546,utkarsh.gupta+1000546@idinsight.org,9001000546,Telugu,Address 1000546,Female,monitor;surveyor,2,91001000546,30
1000547,Name_1000547,utkarsh.gupta+1000547@idinsight.org,9001000547,English,Address 1000547,Male,surveyor,2,91001000547,31
1000548,Name_1000548,utkarsh.gupta+1000548@idinsight.org,9001000548,Hindi,Address 1000548,Female,monitor;surveyor,2,91001000548,32
1000549,Name_1000549,utkarsh.gupta+1000549@idinsight.org,9001000549,Telugu,Address 1000549,Male,surveyor,2,91001000549,33
1000550,Name_1000550,utkarsh.gupta+1000550@idinsight.org,9001000550,English,Address 1000550,Female,monitor;surveyor,2,91001000550,34
1000551,Name_1000551,utkarsh.gupta+1000551@idinsight.org,9001000551,Hindi,Address 1000551,Male,surveyor,2,91001000551,35
1000552,Name_1000552,utkarsh.gupta+1000552@idinsight.org,9001000552,Telugu,Address 1000552,Female,monitor;surveyor,2,91001000552,36
1000553,Name_1000553,utkarsh.gupta+1000553@idinsight.org,9001000553,English,Address 1000553,Male,surveyor,2,91001000553,37
1000554,Name_1000554,utkarsh.gupta+1000554@idinsight.org,9001000554,Hindi,Address 1000554,Female,monitor;surveyor,2,91001000554,38
1000555,Name_1000555,utkarsh.gupta+1000555@idinsight.org,9001000555,Telugu,Address 1000555,Male,surveyor,2,91001000555,39
1000556,Name_1000556,utkarsh.gupta+1000556@idinsight.org,9001000556,English,Address 1000556,Female,monitor;surveyor,2,91001000556,40
1000557,Name_1000557,utkarsh.gupta+1000557@idinsight.org,9001000557,Hindi,Address 1000557,Male,surveyor,2,91001000557,41
1000558,Name_1000558,utkarsh.gupta+1000558@idinsight.org,9001000558,Telugu,Address 1000558,Female,monitor;surveyor,2,91001000558,42
1000559,Name_1000559,utkarsh.gupta+1000559@idinsight.org,9001000559,English,Address 1000559,Male,surveyor,2,91001000559,43
1000560,Name_1000560,utkarsh.gupta+1000560@idinsight.org,9001000560,Hindi,Address 1000560,Female,monitor;surveyor,2,91001000560,44
1000561,Name_1000561,utkarsh.gupta+1000561@idinsight.org,9001000561,Telugu,Address 1000561,Male,surveyor,2,91001000561,25
1000562,Name_1000562,utkarsh.gupta+1000562@idinsight.org,9001000562,English,Address 1000562,Female,monitor;surveyor,2,91001000562,26
1000563,Name_1000563,utkarsh.gupta+1000563@idinsight.org,9001000563,Hindi,Address 1000563,Male,surveyor,2,91001000563,27
1000564,Name_1000564,utkarsh.gupta+1000564@idinsight.org,9001000564,Telugu,Address 1000564,Female,monitor;surveyor,2,91001000564,28
1000565,Name_1000565,utkarsh.gupta+1000565@idinsight.org,9001000565,English,Address 1000565,Male,surveyor,2,91001000565,29
1000566,Name_1000566,utkarsh.gupta+1000566@idinsight.org,9001000566,Hindi,Address 1000566,Female,monitor;surveyor,2,91001000566,30
1000567,Name_1000567,utkarsh.gupta+1000567@idinsight.org,9001000567,Telugu,Address 1000567,Male,surveyor,2,91001000567,31
1000568,Name_1000568,utkarsh.gupta+1000568@idinsight.org,9001000568,English,Address 1000568,Female,monitor;surveyor,2,91001000568,32
1000569,Name_1000569,utkarsh.gupta+1000569@idinsight.org,9001000569,Hindi,Address 1000569,Male,surveyor,2,91001000569,33
1000570,Name_1000570,utkarsh.gupta+1000570@idinsight.org,9001000570,Telugu,Address 1000570,Female,monitor;surveyor,2,91001000570,34
1000571,Name_1000571,utkarsh.gupta+1000571@idinsight.org,9001000571,English,Address 1000571,Male,surveyor,2,91001000571,35
1000572,Name_1000572,utkarsh.gupta+1000572@idinsight.org,9001000572,Hindi,Address 1000572,Female,monitor;surveyor,2,91001000572,36
1000573,Name_1000573,utkarsh.gupta+1000573@idinsight.org,9001000573,Telugu,Address 1000573,Male,surveyor,2,91001000573,37
1000574,Name_1000574,utkarsh.gupta+1000574@idinsight.org,9001000574,English,Address 1000574,Female,monitor;surveyor,2,91001000574,38
1000575,Name_1000575,utkarsh.gupta+1000575@idinsight.org,9001000575,Hindi,Address 1000575,Male,surveyor,2,91001000575,39
1000576,Name_1000576,utkarsh.gupta+1000576@idinsight.org,9001000576,Telugu,Address 1000576,Female,monitor;surveyor,2,91001000576,40
1000577,Name_1000577,utkarsh.gupta+1000577@idinsight.org,9001000577,English,Address 1000577,Male,surveyor,2,91001000577,41
1000578,Name_1000578,utkarsh.gupta+1000578@idinsight.org,9001000578,Hindi,Address 1000578,Female,monitor;surveyor,2,91001000578,42
1000579,Name_1000579,utkarsh.gupta+1000579@idinsight.org,9001000579,Telugu,Address 1000579,Male,surveyor,2,91001000579,43
1000580,Name_1000580,utkarsh.gupta+1000580@idinsight.org,9001000580,English,Address 1000580,Female,monitor;surveyor,2,91001000580,44
1000581,Name_1000581,utkarsh.gupta+1000581@idinsight.org,9001000581,Hindi,Address 1000581,Male,surveyor,2,91001000581,25
1000582,Name_1000582,utkarsh.gupta+1000582@idinsight.org,9001000582,Telugu,Address 1000582,Female,monitor;surveyor,2,91001000582,26
1000583,Name_1000583,utkarsh.gupta+1000583@idinsight.org,9001000583,English,Address 1000583,Male,surveyor,2,91001000583,27
1000584,Name_1000584,utkarsh.gupta+1000584@idinsight.org,9001000584,Hindi,Address 1000584,Female,monitor;surveyor,2,91001000584,28
1000585,Name_1000585,utkarsh.gupta+1000585@idinsight.org,9001000585,Telugu,Address 1000585,Male,surveyor,2,91001000585,29
1000586,Name_1000586,utkarsh.gupta+1000586@idinsight.org,9001000586,English,Address 1000586,Female,monitor;surveyor,2,91001000586,30
1000587,Name_1000587,utkarsh.gupta+1000587@idinsight.org,9001000587,Hindi,Address 1000587,Male,surveyor,2,91001000587,31
1000588,Name_1000588,utkarsh.gupta+1000588@idinsight.org,9001000588,Telugu,Address 1000588,Female,monitor;surveyor,2,91001000588,32
1000589,Name_1000589,utkarsh.gupta+1000589@idinsight.org,9001000589,English,Address 1000589,Male,surveyor,2,91001000589,33
1000590,Name_1000590,utkarsh.gupta+1000590@idinsight.org,9001000590,Hindi,Address 1000590,Female,monitor;surveyor,2,91001000590,34
1000591,Name_1000591,utkarsh.gupta+1000591@idinsight.org,9001000591,Telugu,Address 1000591,Male,surveyor,2,91001000591,35
1000592,Name_1000592,utkarsh.gupta+1000592@idinsight.org,9001000592,English,Address 1000592,Female,monitor;surveyor,2,91001000592,36
1000593,Name_1000593,utkarsh.gupta+1000593@idinsight.org,9001000593,Hindi,Address 1000593,Male,surveyor,2,91001000593,37
1000594,Name_1000594,utkarsh.gupta+1000594@idinsight.org,9001000594,Telugu,Address 1000594,Female,monitor;surveyor,2,91001000594,38
1000595,Name_1000595,utkarsh.gupta+1000595@idinsight.org,9001000595,English,Address 1000595,Male,surveyor,2,91001000595,39
1000596,Name_1000596,utkarsh.gupta+1000596@idinsight.org,9001000596,Hindi,Address 1000596,Female,monitor;surveyor,2,91001000596,40
1000597,Name_1000597,utkarsh.gupta+1000597@idinsight.org,9001000597,Telugu,Address 1000597,Male,surveyor,2,91001000597,41
1000598,Name_1000598,utkarsh.gupta+1000598@idinsight.org,9001000598,English,Address 1000598,Female,monitor;surveyor,2,91001000598,42
1000599,Name_1000599,utkarsh.gupta+1000599@idinsight.org,9001000599,Hindi,Address 1000599,Male,surveyor,2,91001000599,43
1000600,Name_1000600,utkarsh.gupta+1000600@idinsight.org,9001000600,Telugu,Address 1000600,Female,monitor;surveyor,2,91001000600,44
1000601,Name_1000601,utkarsh.gupta+1000601@idinsight.org,9001000601,English,Address 1000601,Male,surveyor,2,91001000601,25
1000602,Name_1000602,utkarsh.gupta+1000602@idinsight.org,9001000602,Hindi,Address 1000602,Female,monitor;surveyor,2,91001000602,26
1000603,Name_1000603,utkarsh.gupta+1000603@idinsight.org,9001000603,Telugu,Address 1000603,Male,surveyor,2,91001000603,27
1000604,Name_1000604,utkarsh.gupta+1000604@idinsight.org,9001000604,English,Address 1000604,Female,monitor;surveyor,2,91001000604,28
1000605,Name_1000605,utkarsh.gupta+1000605@idinsight.org,9001000605,Hindi,Address 1000605,Male,surveyor,2,91001000605,29
1000606,Name_1000606,utkarsh.gupta+1000606@idinsight.org,9001000606,Telugu,Address 1000606,Female,monitor;surveyor,2,91001000606,30
1000607,Name_1000607,utkarsh.gupta+1000607@idinsight.org,9001000607,English,Address 1000607,Male,surveyor,2,91001000607,31
1000608,Name_1000608,utkarsh.gupta+1000608@idinsight.org,9001000608,Hindi,Address 1000608,Female,monitor;surveyor,2,91001000608,32
1000609,Name_1000609,utkarsh.gupta+1000609@idinsight.org,9001000609,Telugu,Address 1000609,Male,surveyor,2,91001000609,33
1000610,Name_1000610,utkarsh.gupta+1000610@idinsight.org,9001000610,English,Address 1000610,Female,monitor;surveyor,2,91001000610,34
1000611,Name_1000611,utkarsh.gupta+1000611@idinsight.org,9001000611,Hindi,Address 1000611,Male,surveyor,2,91001000611,35
1000612,Name_1000612,utkarsh.gupta+1000612@idinsight.org,9001000612,Telugu,Address 1000612,Female,monitor;surveyor,2,91001000612,36
1000613,Name_1000613,utkarsh.gupta+1000613@idinsight.org,9001000613,English,Address 1000613,Male,surveyor,2,91001000613,37
1000614,Name_1000614,utkarsh.gupta+1000614@idinsight.org,9001000614,Hindi,Address 1000614,Female,monitor;surveyor,2,91001000614,38
1000615,Name_1000615,utkarsh.gupta+1000615@idinsight.org,9001000615,Telugu,Address 1000615,Male,surveyor,2,91001000615,39
1000616,Name_1000616,utkarsh.gupta+1000616@idinsight.org,9001000616,English,Address 1000616,Female,monitor;surveyor,2,91001000616,40
1000617,Name_1000617,utkarsh.gupta+1000617@idinsight.org,9001000617,Hindi,Address 1000617,Male,surveyor,2,91001000617,41
1000618,Name_1000618,utkarsh.gupta+1000618@idinsight.org,9001000618,Telugu,Address 1000618,Female,monitor;surveyor,2,91001000618,42
1000619,Name_1000619,utkarsh.gupta+1000619@idinsight.org,9001000619,English,Address 1000619,Male,surveyor,2,91001000619,43
1000620,Name_1000620,utkarsh.gupta+1000620@idinsight.org,9001000620,Hindi,Address 1000620,Female,monitor;surveyor,2,91001000620,44
1000621,Name_1000621,utkarsh.gupta+1000621@idinsight.org,9001000621,Telugu,Address 1000621,Male,surveyor,2,91001000621,25
1000622,Name_1000622,utkarsh.gupta+1000622@idinsight.org,9001000622,English,Address 1000622,Female,monitor;surveyor,2,91001000622,26
1000623,Name_1000623,utkarsh.gupta+1000623@idinsight.org,9001000623,Hindi,Address 1000623,Male,surveyor,2,91001000623,27
1000624,Name_1000624,utkarsh.gupta+1000624@idinsight.org,9001000624,Telugu,Address 1000624,Female,monitor;surveyor,2,91001000624,28
1000625,Name_1000625,utkarsh.gupta+1000625@idinsight.org,9001000625,English,Address 1000625,Male,surveyor,2,91001000625,29
1000626,Name_1000626,utkarsh.gupta+1000626@idinsight.org,9001000626,Hindi,Address 1000626,Female,monitor;surveyor,2,91001000626,30
1000627,Name_1000627,utkarsh.gupta+1000627@idinsight.org,9001000627,Telugu,Address 1000627,Male,surveyor,2,91001000627,31
1000628,Name_1000628,utkarsh.gupta+1000628@idinsight.org,9001000628,English,Address 1000628,Female,monitor;surveyor,2,91001000628,32
1000629,Name_1000629,utkarsh.gupta+1000629@idinsight.org,9001000629,Hindi,Address 1000629,Male,surveyor,2,91001000629,33
1000630,Name_1000630,utkarsh.gupta+1000630@idinsight.org,9001000630,Telugu,Address 1000630,Female,monitor;surveyor,2,91001000630,34
1000631,Name_1000631,utkarsh.gupta+1000631@idinsight.org,9001000631,English,Address 1000631,Male,surveyor,2,91001000631,35
1000632,Name_1000632,utkarsh.gupta+1000632@idinsight.org,9001000632,Hindi,Address 1000632,Female,monitor;surveyor,2,91001000632,36
1000633,Name_1000633,utkarsh.gupta+1000633@idinsight.org,9001000633,Telugu,Address 1000633,Male,surveyor,2,91001000633,37
1000634,Name_1000634,utkarsh.gupta+1000634@idinsight.org,9001000634,English,Address 1000634,Female,monitor;surveyor,2,91001000634,38
1000635,Name_1000635,utkarsh.gupta+1000635@idinsight.org,9001000635,Hindi,Address 1000635,Male,surveyor,2,91001000635,39
1000636,Name_1000636,utkarsh.gupta+1000636@idinsight.org,9001000636,Telugu,Address 1000636,Female,monitor;surveyor,2,91001000636,40
1000637,Name_1000637,utkarsh.gupta+1000637@idinsight.org,9001000637,English,Address 1000637,Male,surveyor,2,91001000637,41
1000638,Name_1000638,utkarsh.gupta+1000638@idinsight.org,9001000638,Hindi,Address 1000638,Female,monitor;surveyor,2,91001000638,42
1000639,Name_1000639,utkarsh.gupta+1000639@idinsight.org,9001000639,Telugu,Address 1000639,Male,surveyor,2,91001000639,43
1000640,Name_1000640,utkarsh.gupta+1000640@idinsight.org,9001000640,English,Address 1000640,Female,monitor;surveyor,2,91001000640,44
1000641,Name_1000641,utkarsh.gupta+1000641@idinsight.org,9001000641,Hindi,Address 1000641,Male,surveyor,2,91001000641,25
1000642,Name_1000642,utkarsh.gupta+1000642@idinsight.org,9001000642,Telugu,Address 1000642,Female,monitor;surveyor,2,91001000642,26
1000643,Name_1000643,utkarsh.gupta+1000643@idinsight.org,9001000643,English,Address 1000643,Male,surveyor,2,91001000643,27
1000644,Name_1000644,utkarsh.gupta+1000644@idinsight.org,9001000644,Hindi,Address 1000644,Female,monitor;surveyor,2,91001000644,28
1000645,Name_1000645,utkarsh.gupta+1000645@idinsight.org,9001000645,Telugu,Address 1000645,Male,surveyor,2,91001000645,29
1000646,Name_1000646,utkarsh.gupta+1000646@idinsight.org,9001000646,English,Address 1000646,Female,monitor;surveyor,2,91001000646,30
1000647,Name_1000647,utkarsh.gupta+1000647@idinsight.org,9001000647,Hindi,Address 1000647,Male,surveyor,2,91001000647,31
1000648,Name_1000648,utkarsh.gupta+1000648@idinsight.org,9001000648,Telugu,Address 1000648,Female,monitor;surveyor,2,91001000648,32
1000649,Name_1000649,utkarsh.gupta+1000649@idinsight.org,9001000649,English,Address 1000649,Male,surveyor,2,91001000649,33
1000650,Name_1000650,utkarsh.gupta+1000650@idinsight.org,9001000650,Hindi,Address 1000650,Female,monitor;surveyor,2,91001000650,34
1000651,Name_1000651,utkarsh.gupta+1000651@idinsight.org,9001000651,Telugu,Address 1000651,Male,surveyor,2,91001000651,35
1000652,Name_1000652,utkarsh.gupta+1000652@idinsight.org,9001000652,English,Address 1000652,Female,monitor;surveyor,2,91001000652,36
1000653,Name_1000653,utkarsh.gupta+1000653@idinsight.org,9001000653,Hindi,Address 1000653,Male,surveyor,2,91001000653,37
1000654,Name_1000654,utkarsh.gupta+1000654@idinsight.org,9001000654,Telugu,Address 1000654,Female,monitor;surveyor,2,91001000654,38
1000655,Name_1000655,utkarsh.gupta+1000655@idinsight.org,9001000655,English,Address 1000655,Male,surveyor,2,91001000655,39
1000656,Name_1000656,utkarsh.gupta+1000656@idinsight.org,9001000656,Hindi,Address 1000656,Female,monitor;surveyor,2,91001000656,40
1000657,Name_1000657,utkarsh.gupta+1000657@idinsight.org,9001000657,Telugu,Address 1000657,Male,surveyor,2,91001000657,41
1000658,Name_1000658,utkarsh.gupta+1000658@idinsight.org,9001000658,English,Address 1000658,Female,monitor;surveyor,2,91001000658,42
1000659,Name_1000659,utkarsh.gupta+1000659@idinsight.org,9001000659,Hindi,Address 1000659,Male,surveyor,2,91001000659,43
1000660,Name_1000660,utkarsh.gupta+1000660@idinsight.org,9001000660,Telugu,Address 1000660,Female,monitor;surveyor,2,91001000660,44
1000661,Name_1000661,utkarsh.gupta+1000661@idinsight.org,9001000661,English,Address 1000661,Male,surveyor,2,91001000661,25
1000662,Name_1000662,utkarsh.gupta+1000662@idinsight.org,9001000662,Hindi,Address 1000662,Female,monitor;surveyor,2,91001000662,26
1000663,Name_1000663,utkarsh.gupta+1000663@idinsight.org,9001000663,Telugu,Address 1000663,Male,surveyor,2,91001000663,27
1000664,Name_1000664,utkarsh.gupta+1000664@idinsight.org,9001000664,English,Address 1000664,Female,monitor;surveyor,2,91001000664,28
1000665,Name_1000665,utkarsh.gupta+1000665@idinsight.org,9001000665,Hindi,Address 1000665,Male,surveyor,2,91001000665,29
1000666,Name_1000666,utkarsh.gupta+1000666@idinsight.org,9001000666,Telugu,Address 1000666,Female,monitor;surveyor,2,91001000666,30
1000667,Name_1000667,utkarsh.gupta+1000667@idinsight.org,9001000667,English,Address 1000667,Male,surveyor,2,91001000667,31
1000668,Name_1000668,utkarsh.gupta+1000668@idinsight.org,9001000668,Hindi,Address 1000668,Female,monitor;surveyor,2,91001000668,32
1000669,Name_1000669,utkarsh.gupta+1000669@idinsight.org,9001000669,Telugu,Address 1000669,Male,surveyor,2,91001000669,33
1000670,Name_1000670,utkarsh.gupta+1000670@idinsight.org,9001000670,English,Address 1000670,Female,monitor;surveyor,2,91001000670,34
1000671,Name_1000671,utkarsh.gupta+1000671@idinsight.org,9001000671,Hindi,Address 1000671,Male,surveyor,2,91001000671,35
1000672,Name_1000672,utkarsh.gupta+1000672@idinsight.org,9001000672,Telugu,Address 1000672,Female,monitor;surveyor,2,91001000672,36
1000673,Name_1000673,utkarsh.gupta+1000673@idinsight.org,9001000673,English,Address 1000673,Male,surveyor,2,91001000673,37
1000674,Name_1000674,utkarsh.gupta+1000674@idinsight.org,9001000674,Hindi,Address 1000674,Female,monitor;surveyor,2,91001000674,38
1000675,Name_1000675,utkarsh.gupta+1000675@idinsight.org,9001000675,Telugu,Address 1000675,Male,surveyor,2,91001000675,39
1000676,Name_1000676,utkarsh.gupta+1000676@idinsight.org,9001000676,English,Address 1000676,Female,monitor;surveyor,2,91001000676,40
1000677,Name_1000677,utkarsh.gupta+1000677@idinsight.org,9001000677,Hindi,Address 1000677,Male,surveyor,2,91001000677,41
1000678,Name_1000678,utkarsh.gupta+1000678@idinsight.org,9001000678,Telugu,Address 1000678,Female,monitor;surveyor,2,91001000678,42
1000679,Name_1000679,utkarsh.gupta+1000679@idinsight.org,9001000679,English,Address 1000679,Male,surveyor,2,91001000679,43
1000680,Name_1000680,utkarsh.gupta+1000680@idinsight.org,9001000680,Hindi,Address 1000680,Female,monitor;surveyor,2,91001000680,44
1000681,Name_1000681,utkarsh.gupta+1000681@idinsight.org,9001000681,Telugu,Address 1000681,Male,surveyor,2,91001000681,25
1000682,Name_1000682,utkarsh.gupta+1000682@idinsight.org,9001000682,English,Address 1000682,Female,monitor;surveyor,2,91001000682,26
1000683,Name_1000683,utkarsh.gupta+1000683@idinsight.org,9001000683,Hindi,Address 1000683,Male,surveyor,2,91001000683,27
1000684,Name_1000684,utkarsh.gupta+1000684@idinsight.org,9001000684,Telugu,Address 1000684,Female,monitor;surveyor,2,91001000684,28
1000685,Name_1000685,utkarsh.gupta+1000685@idinsight.org,9001000685,English,Address 1000685,Male,surveyor,2,91001000685,29
1000686,Name_1000686,utkarsh.gupta+1000686@idinsight.org,9001000686,Hindi,Address 1000686,Female,monitor;surveyor,2,91001000686,30
1000687,Name_1000687,utkarsh.gupta+1000687@idinsight.org,9001000687,Telugu,Address 1000687,Male,surveyor,2,91001000687,31
1000688,Name_1000688,utkarsh.gupta+1000688@idinsight.org,9001000688,English,Address 1000688,Female,monitor;surveyor,2,91001000688,32
1000689,Name_1000689,utkarsh.gupta+1000689@idinsight.org,9001000689,Hindi,Address 1000689,Male,surveyor,2,91001000689,33
1000690,Name_1000690,utkarsh.gupta+1000690@idinsight.org,9001000690,Telugu,Address 1000690,Female,monitor;surveyor,2,91001000690,34
1000691,Name_1000691,utkarsh.gupta+1000691@idinsight.org,9001000691,English,Address 1000691,Male,surveyor,2,91001000691,35
1000692,Name_1000692,utkarsh.gupta+1000692@idinsight.org,9001000692,Hindi,Address 1000692,Female,monitor;surveyor,2,91001000692,36
1000693,Name_1000693,utkarsh.gupta+1000693@idinsight.org,9001000693,Telugu,Address 1000693,Male,surveyor,2,91001000693,37
1000694,Name_1000694,utkarsh.gupta+1000694@idinsight.org,9001000694,English,Address 1000694,Female,monitor;surveyor,2,91001000694,38
1000695,Name_1000695,utkarsh.gupta+1000695@idinsight.org,9001000695,Hindi,Address 1000695,Male,surveyor,2,91001000695,39
1000696,Name_1000696,utkarsh.gupta+1000696@idinsight.org,9001000696,Telugu,Address 1000696,Female,monitor;surveyor,2,91001000696,40
1000697,Name_1000697,utkarsh.gupta+1000697@idinsight.org,9001000697,English,Address 1000697,Male,surveyor,2,91001000697,41
1000698,Name_1000698,utkarsh.gupta+1000698@idinsight.org,9001000698,Hindi,Address 1000698,Female,monitor;surveyor,2,91001000698,42
1000699,Name_1000699,utkarsh.gupta+1000699@idinsight.org,9001000699,Telugu,Address 1000699,Male,surveyor,2,91001000699,43
1000700,Name_1000700,utkarsh.gupta+1000700@idinsight.org,9001000700,English,Address 1000700,Female,monitor;surveyor,2,91001000700,44
1000701,Name_1000701,utkarsh.gupta+1000701@idinsight.org,9001000701,Hindi,Address 1000701,Male,surveyor,2,91001000701,25
1000702,Name_1000702,utkarsh.gupta+1000702@idinsight.org,9001000702,Telugu,Address 1000702,Female,monitor;surveyor,2,91001000702,26
1000703,Name_1000703,utkarsh.gupta+1000703@idinsight.org,9001000703,English,Address 1000703,Male,surveyor,2,91001000703,27
1000704,Name_1000704,utkarsh.gupta+1000704@idinsight.org,9001000704,Hindi,Address 1000704,Female,monitor;surveyor,2,91001000704,28
1000705,Name_1000705,utkarsh.gupta+1000705@idinsight.org,9001000705,Telugu,Address 1000705,Male,surveyor,2,91001000705,29
1000706,Name_1000706,utkarsh.gupta+1000706@idinsight.org,9001000706,English,Address 1000706,Female,monitor;surveyor,2,91001000706,30
1000707,Name_1000707,utkarsh.gupta+1000707@idinsight.org,9001000707,Hindi,Address 1000707,Male,surveyor,2,91001000707,31
1000708,Name_1000708,utkarsh.gupta+1000708@idinsight.org,9001000708,Telugu,Address 1000708,Female,monitor;surveyor,2,91001000708,32
1000709,Name_1000709,utkarsh.gupta+1000709@idinsight.org,9001000709,English,Address 1000709,Male,surveyor,2,91001000709,33
1000710,Name_1000710,utkarsh.gupta+1000710@idinsight.org,9001000710,Hindi,Address 1000710,Female,monitor;surveyor,2,91001000710,34
1000711,Name_1000711,utkarsh.gupta+1000711@idinsight.org,9001000711,Telugu,Address 1000711,Male,surveyor,2,91001000711,35
1000712,Name_1000712,utkarsh.gupta+1000712@idinsight.org,9001000712,English,Address 1000712,Female,monitor;surveyor,2,91001000712,36
1000713,Name_1000713,utkarsh.gupta+1000713@idinsight.org,9001000713,Hindi,Address 1000713,Male,surveyor,2,91001000713,37
1000714,Name_1000714,utkarsh.gupta+1000714@idinsight.org,9001000714,Telugu,Address 1000714,Female,monitor;surveyor,2,91001000714,38
1000715,Name_1000715,utkarsh.gupta+1000715@idinsight.org,9001000715,English,Address 1000715,Male,surveyor,2,91001000715,39
1000716,Name_1000716,utkarsh.gupta+1000716@idinsight.org,9001000716,Hindi,Address 1000716,Female,monitor;surveyor,2,91001000716,40
1000717,Name_1000717,utkarsh.gupta+1000717@idinsight.org,9001000717,Telugu,Address 1000717,Male,surveyor,2,91001000717,41
1000718,Name_1000718,utkarsh.gupta+1000718@idinsight.org,9001000718,English,Address 1000718,Female,monitor;surveyor,2,91001000718,42
1000719,Name_1000719,utkarsh.gupta+1000719@idinsight.org,9001000719,Hindi,Address 1000719,Male,surveyor,2,91001000719,43
1000720,Name_1000720,utkarsh.gupta+1000720@idinsight.org,9001000720,Telugu,Address 1000720,Female,monitor;surveyor,2,91001000720,44
1000721,Name_1000721,utkarsh.gupta+1000721@idinsight.org,9001000721,English,Address 1000721,Male,surveyor,2,91001000721,25
1000722,Name_1000722,utkarsh.gupta+1000722@idinsight.org,9001000722,Hindi,Address 1000722,Female,monitor;surveyor,2,91001000722,26
1000723,Name_1000723,utkarsh.gupta+1000723@idinsight.org,9001000723,Telugu,Address 1000723,Male,surveyor,2,91001000723,27
1000724,Name_1000724,utkarsh.gupta+1000724@idinsight.org,9001000724,English,Address 1000724,Female,monitor;surveyor,2,91001000724,28
1000725,Name_1000725,utkarsh.gupta+1000725@idinsight.org,9001000725,Hindi,Address 1000725,Male,surveyor,2,91001000725,29
1000726,Name_1000726,utkarsh.gupta+1000726@idinsight.org,9001000726,Telugu,Address 1000726,Female,monitor;surveyor,2,91001000726,30
1000727,Name_1000727,utkarsh.gupta+1000727@idinsight.org,9001000727,English,Address 1000727,Male,surveyor,2,91001000727,31
1000728,Name_1000728,utkarsh.gupta+1000728@idinsight.org,9001000728,Hindi,Address 1000728,Female,monitor;surveyor,2,91001000728,32
1000729,Name_1000729,utkarsh.gupta+1000729@idinsight.org,9001000729,Telugu,Address 1000729,Male,surveyor,2,91001000729,33
1000730,Name_1000730,utkarsh.gupta+1000730@idinsight.org,9001000730,English,Address 1000730,Female,monitor;surveyor,2,91001000730,34
1000731,Name_1000731,utkarsh.gupta+1000731@idinsight.org,9001000731,Hindi,Address 1000731,Male,surveyor,2,91001000731,35
1000732,Name_1000732,utkarsh.gupta+1000732@idinsight.org,9001000732,Telugu,Address 1000732,Female,monitor;surveyor,2,91001000732,36
1000733,Name_1000733,utkarsh.gupta+1000733@idinsight.org,9001000733,English,Address 1000733,Male,surveyor,2,91001000733,37
1000734,Name_1000734,utkarsh.gupta+1000734@idinsight.org,9001000734,Hindi,Address 1000734,Female,monitor;surveyor,2,91001000734,38
1000735,Name_1000735,utkarsh.gupta+1000735@idinsight.org,9001000735,Telugu,Address 1000735,Male,surveyor,2,91001000735,39
1000736,Name_1000736,utkarsh.gupta+1000736@idinsight.org,9001000736,English,Address 1000736,Female,monitor;surveyor,2,91001000736,40
1000737,Name_1000737,utkarsh.gupta+1000737@idinsight.org,9001000737,Hindi,Address 1000737,Male,surveyor,2,91001000737,41
1000738,Name_1000738,utkarsh.gupta+1000738@idinsight.org,9001000738,Telugu,Address 1000738,Female,monitor;surveyor,2,91001000738,42
1000739,Name_1000739,utkarsh.gupta+1000739@idinsight.org,9001000739,English,Address 1000739,Male,surveyor,2,91001000739,43
1000740,Name_1000740,utkarsh.gupta+1000740@idinsight.org,9001000740,Hindi,Address 1000740,Female,monitor;surveyor,2,91001000740,44
1000741,Name_1000741,utkarsh.gupta+1000741@idinsight.org,9001000741,Telugu,Address 1000741,Male,surveyor,2,91001000741,25
1000742,Name_1000742,utkarsh.gupta+1000742@idinsight.org,9001000742,English,Address 1000742,Female,monitor;surveyor,2,91001000742,26
1000743,Name_1000743,utkarsh.gupta+1000743@idinsight.org,9001000743,Hindi,Address 1000743,Male,surveyor,2,91001000743,27
1000744,Name_1000744,utkarsh.gupta+1000744@idinsight.org,9001000744,Telugu,Address 1000744,Female,monitor;surveyor,2,91001000744,28
1000745,Name_1000745,utkarsh.gupta+1000745@idinsight.org,9001000745,English,Address 1000745,Male,surveyor,2,91001000745,29
1000746,Name_1000746,utkarsh.gupta+1000746@idinsight.org,9001000746,Hindi,Address 1000746,Female,monitor;surveyor,2,91001000746,30
1000747,Name_1000747,utkarsh.gupta+1000747@idinsight.org,9001000747,Telugu,Address 1000747,Male,surveyor,2,91001000747,31
1000748,Name_1000748,utkarsh.gupta+1000748@idinsight.org,9001000748,English,Address 1000748,Female,monitor;surveyor,2,91001000748,32
1000749,Name_1000749,utkarsh.gupta+1000749@idinsight.org,9001000749,Hindi,Address 1000749,Male,surveyor,2,91001000749,33
1000750,Name_1000750,utkarsh.gupta+1000750@idinsight.org,9001000750,Telugu,Address 1000750,Female,monitor;surveyor,2,91001000750,34
1000751,Name_1000751,utkarsh.gupta+1000751@idinsight.org,9001000751,English,Address 1000751,Male,surveyor,2,91001000751,35
1000752,Name_1000752,utkarsh.gupta+1000752@idinsight.org,9001000752,Hindi,Address 1000752,Female,monitor;surveyor,2,91001000752,36
1000753,Name_1000753,utkarsh.gupta+1000753@idinsight.org,9001000753,Telugu,Address 1000753,Male,surveyor,2,91001000753,37
1000754,Name_1000754,utkarsh.gupta+1000754@idinsight.org,9001000754,English,Address 1000754,Female,monitor;surveyor,2,91001000754,38
1000755,Name_1000755,utkarsh.gupta+1000755@idinsight.org,9001000755,Hindi,Address 1000755,Male,surveyor,2,91001000755,39
1000756,Name_1000756,utkarsh.gupta+1000756@idinsight.org,9001000756,Telugu,Address 1000756,Female,monitor;surveyor,2,91001000756,40
1000757,Name_1000757,utkarsh.gupta+1000757@idinsight.org,9001000757,English,Address 1000757,Male,surveyor,2,91001000757,41
1000758,Name_1000758,utkarsh.gupta+1000758@idinsight.org,9001000758,Hindi,Address 1000758,Female,monitor;surveyor,2,91001000758,42
1000759,Name_1000759,utkarsh.gupta+1000759@idinsight.org,9001000759,Telugu,Address 1000759,Male,surveyor,2,91001000759,43
1000760,Name_1000760,utkarsh.gupta+1000760@idinsight.org,9001000760,English,Address 1000760,Female,monitor;surveyor,2,91001000760,44
1000761,Name_1000761,utkarsh.gupta+1000761@idinsight.org,9001000761,Hindi,Address 1000761,Male,surveyor,2,91001000761,25
1000762,Name_1000762,utkarsh.gupta+1000762@idinsight.org,9001000762,Telugu,Address 1000762,Female,monitor;surveyor,2,91001000762,26
1000763,Name_1000763,utkarsh.gupta+1000763@idinsight.org,9001000763,English,Address 1000763,Male,surveyor,2,91001000763,27
1000764,Name_1000764,utkarsh.gupta+1000764@idinsight.org,9001000764,Hindi,Address 1000764,Female,monitor;surveyor,2,91001000764,28
1000765,Name_1000765,utkarsh.gupta+1000765@idinsight.org,9001000765,Telugu,Address 1000765,Male,surveyor,2,91001000765,29
1000766,Name_1000766,utkarsh.gupta+1000766@idinsight.org,9001000766,English,Address 1000766,Female,monitor;surveyor,2,91001000766,30
1000767,Name_1000767,utkarsh.gupta+1000767@idinsight.org,9001000767,Hindi,Address 1000767,Male,surveyor,2,91001000767,31
1000768,Name_1000768,utkarsh.gupta+1000768@idinsight.org,9001000768,Telugu,Address 1000768,Female,monitor;surveyor,2,91001000768,32
1000769,Name_1000769,utkarsh.gupta+1000769@idinsight.org,9001000769,English,Address 1000769,Male,surveyor,2,91001000769,33
1000770,Name_1000770,utkarsh.gupta+1000770@idinsight.org,9001000770,Hindi,Address 1000770,Female,monitor;surveyor,2,91001000770,34
1000771,Name_1000771,utkarsh.gupta+1000771@idinsight.org,9001000771,Telugu,Address 1000771,Male,surveyor,2,91001000771,35
1000772,Name_1000772,utkarsh.gupta+1000772@idinsight.org,9001000772,English,Address 1000772,Female,monitor;surveyor,2,91001000772,36
1000773,Name_1000773,utkarsh.gupta+1000773@idinsight.org,9001000773,Hindi,Address 1000773,Male,surveyor,2,91001000773,37
1000774,Name_1000774,utkarsh.gupta+1000774@idinsight.org,9001000774,Telugu,Address 1000774,Female,monitor;surveyor,2,91001000774,38
1000775,Name_1000775,utkarsh.gupta+1000775@idinsight.org,9001000775,English,Address 1000775,Male,surveyor,2,91001000775,39
1000776,Name_1000776,utkarsh.gupta+1000776@idinsight.org,9001000776,Hindi,Address 1000776,Female,monitor;surveyor,2,91001000776,40
1000777,Name_1000777,utkarsh.gupta+1000777@idinsight.org,9001000777,Telugu,Address 1000777,Male,surveyor,2,91001000777,41
1000778,Name_1000778,utkarsh.gupta+1000778@idinsight.org,9001000778,English,Address 1000778,Female,monitor;surveyor,2,91001000778,42
1000779,Name_1000779,utkarsh.gupta+1000779@idinsight.org,9001000779,Hindi,Address 1000779,Male,surveyor,2,91001000779,43
1000780,Name_1000780,utkarsh.gupta+1000780@idinsight.org,9001000780,Telugu,Address 1000780,Female,monitor;surveyor,2,91001000780,44
1000781,Name_1000781,utkarsh.gupta+1000781@idinsight.org,9001000781,English,Address 1000781,Male,surveyor,2,91001000781,25
1000782,Name_1000782,utkarsh.gupta+1000782@idinsight.org,9001000782,Hindi,Address 1000782,Female,monitor;surveyor,2,91001000782,26
1000783,Name_1000783,utkarsh.gupta+1000783@idinsight.org,9001000783,Telugu,Address 1000783,Male,surveyor,2,91001000783,27
1000784,Name_1000784,utkarsh.gupta+1000784@idinsight.org,9001000784,English,Address 1000784,Female,monitor;surveyor,2,91001000784,28
1000785,Name_1000785,utkarsh.gupta+1000785@idinsight.org,9001000785,Hindi,Address 1000785,Male,surveyor,2,91001000785,29
1000786,Name_1000786,utkarsh.gupta+1000786@idinsight.org,9001000786,Telugu,Address 1000786,Female,monitor;surveyor,2,91001000786,30
1000787,Name_1000787,utkarsh.gupta+1000787@idinsight.org,9001000787,English,Address 1000787,Male,surveyor,2,91001000787,31
1000788,Name_1000788,utkarsh.gupta+1000788@idinsight.org,9001000788,Hindi,Address 1000788,Female,monitor;surveyor,2,91001000788,32
1000789,Name_1000789,utkarsh.gupta+1000789@idinsight.org,9001000789,Telugu,Address 1000789,Male,surveyor,2,91001000789,33
1000790,Name_1000790,utkarsh.gupta+1000790@idinsight.org,9001000790,English,Address 1000790,Female,monitor;surveyor,2,91001000790,34
1000791,Name_1000791,utkarsh.gupta+1000791@idinsight.org,9001000791,Hindi,Address 1000791,Male,surveyor,2,91001000791,35
1000792,Name_1000792,utkarsh.gupta+1000792@idinsight.org,9001000792,Telugu,Address 1000792,Female,monitor;surveyor,2,91001000792,36
1000793,Name_1000793,utkarsh.gupta+1000793@idinsight.org,9001000793,English,Address 1000793,Male,surveyor,2,91001000793,37
1000794,Name_1000794,utkarsh.gupta+1000794@idinsight.org,9001000794,Hindi,Address 1000794,Female,monitor;surveyor,2,91001000794,38
1000795,Name_1000795,utkarsh.gupta+1000795@idinsight.org,9001000795,Telugu,Address 1000795,Male,surveyor,2,91001000795,39
1000796,Name_1000796,utkarsh.gupta+1000796@idinsight.org,9001000796,English,Address 1000796,Female,monitor;surveyor,2,91001000796,40
1000797,Name_1000797,utkarsh.gupta+1000797@idinsight.org,9001000797,Hindi,Address 1000797,Male,surveyor,2,91001000797,41
1000798,Name_1000798,utkarsh.gupta+1000798@idinsight.org,9001000798,Telugu,Address 1000798,Female,monitor;surveyor,2,91001000798,42
1000799,Name_1000799,utkarsh.gupta+1000799@idinsight.org,9001000799,English,Address 1000799,Male,surveyor,2,91001000799,43
1000800,Name_1000800,utkarsh.gupta+1000800@idinsight.org,9001000800,Hindi,Address 1000800,Female,monitor;surveyor,2,91001000800,44
1000801,Name_1000801,utkarsh.gupta+1000801@idinsight.org,9001000801,Telugu,Address 1000801,Male,surveyor,2,91001000801,25
1000802,Name_1000802,utkarsh.gupta+1000802@idinsight.org,9001000802,English,Address 1000802,Female,monitor;surveyor,2,91001000802,26
1000803,Name_1000803,utkarsh.gupta+1000803@idinsight.org,9001000803,Hindi,Address 1000803,Male,surveyor,2,91001000803,27
1000804,Name_1000804,utkarsh.gupta+1000804@idinsight.org,9001000804,Telugu,Address 1000804,Female,monitor;surveyor,2,91001000804,28
1000805,Name_1000805,utkarsh.gupta+1000805@idinsight.org,9001000805,English,Address 1000805,Male,surveyor,2,91001000805,29
1000806,Name_1000806,utkarsh.gupta+1000806@idinsight.org,9001000806,Hindi,Address 1000806,Female,monitor;surveyor,2,91001000806,30
1000807,Name_1000807,utkarsh.gupta+1000807@idinsight.org,9001000807,Telugu,Address 1000807,Male,surveyor,2,91001000807,31
1000808,Name_1000808,utkarsh.gupta+1000808@idinsight.org,9001000808,English,Address 1000808,Female,monitor;surveyor,2,91001000808,32
1000809,Name_1000809,utkarsh.gupta+1000809@idinsight.org,9001000809,Hindi,Address 1000809,Male,surveyor,2,91001000809,33
1000810,Name_1000810,utkarsh.gupta+1000810@idinsight.org,9001000810,Telugu,Address 1000810,Female,monitor;surveyor,2,91001000810,34
1000811,Name_1000811,utkarsh.gupta+1000811@idinsight.org,9001000811,English,Address 1000811,Male,surveyor,2,91001000811,35
1000812,Name_1000812,utkarsh.gupta+1000812@idinsight.org,9001000812,Hindi,Address 1000812,Female,monitor;surveyor,2,91001000812,36
1000813,Name_1000813,utkarsh.gupta+1000813@idinsight.org,9001000813,Telugu,Address 1000813,Male,surveyor,2,91001000813,37
1000814,Name_1000814,utkarsh.gupta+1000814@idinsight.org,9001000814,English,Address 1000814,Female,monitor;surveyor,2,91001000814,38
1000815,Name_1000815,utkarsh.gupta+1000815@idinsight.org,9001000815,Hindi,Address 1000815,Male,surveyor,2,91001000815,39
1000816,Name_1000816,utkarsh.gupta+1000816@idinsight.org,9001000816,Telugu,Address 1000816,Female,monitor;surveyor,2,91001000816,40
1000817,Name_1000817,utkarsh.gupta+1000817@idinsight.org,9001000817,English,Address 1000817,Male,surveyor,2,91001000817,41
1000818,Name_1000818,utkarsh.gupta+1000818@idinsight.org,9001000818,Hindi,Address 1000818,Female,monitor;surveyor,2,91001000818,42
1000819,Name_1000819,utkarsh.gupta+1000819@idinsight.org,9001000819,Telugu,Address 1000819,Male,surveyor,2,91001000819,43
1000820,Name_1000820,utkarsh.gupta+1000820@idinsight.org,9001000820,English,Address 1000820,Female,monitor;surveyor,2,91001000820,44
1000821,Name_1000821,utkarsh.gupta+1000821@idinsight.org,9001000821,Hindi,Address 1000821,Male,surveyor,2,91001000821,25
1000822,Name_1000822,utkarsh.gupta+1000822@idinsight.org,9001000822,Telugu,Address 1000822,Female,monitor;surveyor,2,91001000822,26
1000823,Name_1000823,utkarsh.gupta+1000823@idinsight.org,9001000823,English,Address 1000823,Male,surveyor,2,91001000823,27
1000824,Name_1000824,utkarsh.gupta+1000824@idinsight.org,9001000824,Hindi,Address 1000824,Female,monitor;surveyor,2,91001000824,28
1000825,Name_1000825,utkarsh.gupta+1000825@idinsight.org,9001000825,Telugu,Address 1000825,Male,surveyor,2,91001000825,29
1000826,Name_1000826,utkarsh.gupta+1000826@idinsight.org,9001000826,English,Address 1000826,Female,monitor;surveyor,2,91001000826,30
1000827,Name_1000827,utkarsh.gupta+1000827@idinsight.org,9001000827,Hindi,Address 1000827,Male,surveyor,2,91001000827,31
1000828,Name_1000828,utkarsh.gupta+1000828@idinsight.org,9001000828,Telugu,Address 1000828,Female,monitor;surveyor,2,91001000828,32
1000829,Name_1000829,utkarsh.gupta+1000829@idinsight.org,9001000829,English,Address 1000829,Male,surveyor,2,91001000829,33
1000830,Name_1000830,utkarsh.gupta+1000830@idinsight.org,9001000830,Hindi,Address 1000830,Female,monitor;surveyor,2,91001000830,34
1000831,Name_1000831,utkarsh.gupta+1000831@idinsight.org,9001000831,Telugu,Address 1000831,Male,surveyor,2,91001000831,35
1000832,Name_1000832,utkarsh.gupta+1000832@idinsight.org,9001000832,English,Address 1000832,Female,monitor;surveyor,2,91001000832,36
1000833,Name_1000833,utkarsh.gupta+1000833@idinsight.org,9001000833,Hindi,Address 1000833,Male,surveyor,2,91001000833,37
1000834,Name_1000834,utkarsh.gupta+1000834@idinsight.org,9001000834,Telugu,Address 1000834,Female,monitor;surveyor,2,91001000834,38
1000835,Name_1000835,utkarsh.gupta+1000835@idinsight.org,9001000835,English,Address 1000835,Male,surveyor,2,91001000835,39
1000836,Name_1000836,utkarsh.gupta+1000836@idinsight.org,9001000836,Hindi,Address 1000836,Female,monitor;surveyor,2,91001000836,40
1000837,Name_1000837,utkarsh.gupta+1000837@idinsight.org,9001000837,Telugu,Address 1000837,Male,surveyor,2,91001000837,41
1000838,Name_1000838,utkarsh.gupta+1000838@idinsight.org,9001000838,English,Address 1000838,Female,monitor;surveyor,2,91001000838,42
1000839,Name_1000839,utkarsh.gupta+1000839@idinsight.org,9001000839,Hindi,Address 1000839,Male,surveyor,2,91001000839,43
1000840,Name_1000840,utkarsh.gupta+1000840@idinsight.org,9001000840,Telugu,Address 1000840,Female,monitor;surveyor,2,91001000840,44
1000841,Name_1000841,utkarsh.gupta+1000841@idinsight.org,9001000841,English,Address 1000841,Male,surveyor,2,91001000841,25
1000842,Name_1000842,utkarsh.gupta+1000842@idinsight.org,9001000842,Hindi,Address 1000842,Female,monitor;surveyor,2,91001000842,26
1000843,Name_1000843,utkarsh.gupta+1000843@idinsight.org,9001000843,Telugu,Address 1000843,Male,surveyor,2,91001000843,27
1000844,Name_1000844,utkarsh.gupta+1000844@idinsight.org,9001000844,English,Address 1000844,Female,monitor;surveyor,2,91001000844,28
1000845,Name_1000845,utkarsh.gupta+1000845@idinsight.org,9001000845,Hindi,Address 1000845,Male,surveyor,2,91001000845,29
1000846,Name_1000846,utkarsh.gupta+1000846@idinsight.org,9001000846,Telugu,Address 1000846,Female,monitor;surveyor,2,91001000846,30
1000847,Name_1000847,utkarsh.gupta+1000847@idinsight.org,9001000847,English,Address 1000847,Male,surveyor,2,91001000847,31
1000848,Name_1000848,utkarsh.gupta+1000848@idinsight.org,9001000848,Hindi,Address 1000848,Female,monitor;surveyor,2,91001000848,32
1000849,Name_1000849,utkarsh.gupta+1000849@idinsight.org,9001000849,Telugu,Address 1000849,Male,surveyor,2,91001000849,33
1000850,Name_1000850,utkarsh.gupta+1000850@idinsight.org,9001000850,English,Address 1000850,Female,monitor;surveyor,2,91001000850,34
1000851,Name_1000851,utkarsh.gupta+1000851@idinsight.org,9001000851,Hindi,Address 1000851,Male,surveyor,2,91001000851,35
1000852,Name_1000852,utkarsh.gupta+1000852@idinsight.org,9001000852,Telugu,Address 1000852,Female,monitor;surveyor,2,91001000852,36
1000853,Name_1000853,utkarsh.gupta+1000853@idinsight.org,9001000853,English,Address 1000853,Male,surveyor,2,91001000853,37
1000854,Name_1000854,utkarsh.gupta+1000854@idinsight.org,9001000854,Hindi,Address 1000854,Female,monitor;surveyor,2,91001000854,38
1000855,Name_1000855,utkarsh.gupta+1000855@idinsight.org,9001000855,Telugu,Address 1000855,Male,surveyor,2,91001000855,39
1000856,Name_1000856,utkarsh.gupta+1000856@idinsight.org,9001000856,English,Address 1000856,Female,monitor;surveyor,2,91001000856,40
1000857,Name_1000857,utkarsh.gupta+1000857@idinsight.org,9001000857,Hindi,Address 1000857,Male,surveyor,2,91001000857,41
1000858,Name_1000858,utkarsh.gupta+1000858@idinsight.org,9001000858,Telugu,Address 1000858,Female,monitor;surveyor,2,91001000858,42
1000859,Name_1000859,utkarsh.gupta+1000859@idinsight.org,9001000859,English,Address 1000859,Male,surveyor,2,91001000859,43
1000860,Name_1000860,utkarsh.gupta+1000860@idinsight.org,9001000860,Hindi,Address 1000860,Female,monitor;surveyor,2,91001000860,44
1000861,Name_1000861,utkarsh.gupta+1000861@idinsight.org,9001000861,Telugu,Address 1000861,Male,surveyor,2,91001000861,25
1000862,Name_1000862,utkarsh.gupta+1000862@idinsight.org,9001000862,English,Address 1000862,Female,monitor;surveyor,2,91001000862,26
1000863,Name_1000863,utkarsh.gupta+1000863@idinsight.org,9001000863,Hindi,Address 1000863,Male,surveyor,2,91001000863,27
1000864,Name_1000864,utkarsh.gupta+1000864@idinsight.org,9001000864,Telugu,Address 1000864,Female,monitor;surveyor,2,91001000864,28
1000865,Name_1000865,utkarsh.gupta+1000865@idinsight.org,9001000865,English,Address 1000865,Male,surveyor,2,91001000865,29
1000866,Name_1000866,utkarsh.gupta+1000866@idinsight.org,9001000866,Hindi,Address 1000866,Female,monitor;surveyor,2,91001000866,30
1000867,Name_1000867,utkarsh.gupta+1000867@idinsight.org,9001000867,Telugu,Address 1000867,Male,surveyor,2,91001000867,31
1000868,Name_1000868,utkarsh.gupta+1000868@idinsight.org,9001000868,English,Address 1000868,Female,monitor;surveyor,2,91001000868,32
1000869,Name_1000869,utkarsh.gupta+1000869@idinsight.org,9001000869,Hindi,Address 1000869,Male,surveyor,2,91001000869,33
1000870,Name_1000870,utkarsh.gupta+1000870@idinsight.org,9001000870,Telugu,Address 1000870,Female,monitor;surveyor,2,91001000870,34
1000871,Name_1000871,utkarsh.gupta+1000871@idinsight.org,9001000871,English,Address 1000871,Male,surveyor,2,91001000871,35
1000872,Name_1000872,utkarsh.gupta+1000872@idinsight.org,9001000872,Hindi,Address 1000872,Female,monitor;surveyor,2,91001000872,36
1000873,Name_1000873,utkarsh.gupta+1000873@idinsight.org,9001000873,Telugu,Address 1000873,Male,surveyor,2,91001000873,37
1000874,Name_1000874,utkarsh.gupta+1000874@idinsight.org,9001000874,English,Address 1000874,Female,monitor;surveyor,2,91001000874,38
1000875,Name_1000875,utkarsh.gupta+1000875@idinsight.org,9001000875,Hindi,Address 1000875,Male,surveyor,2,91001000875,39
1000876,Name_1000876,utkarsh.gupta+1000876@idinsight.org,9001000876,Telugu,Address 1000876,Female,monitor;surveyor,2,91001000876,40
1000877,Name_1000877,utkarsh.gupta+1000877@idinsight.org,9001000877,English,Address 1000877,Male,surveyor,2,91001000877,41
1000878,Name_1000878,utkarsh.gupta+1000878@idinsight.org,9001000878,Hindi,Address 1000878,Female,monitor;surveyor,2,91001000878,42
1000879,Name_1000879,utkarsh.gupta+1000879@idinsight.org,9001000879,Telugu,Address 1000879,Male,surveyor,2,91001000879,43
1000880,Name_1000880,utkarsh.gupta+1000880@idinsight.org,9001000880,English,Address 1000880,Female,monitor;surveyor,2,91001000880,44
1000881,Name_1000881,utkarsh.gupta+1000881@idinsight.org,9001000881,Hindi,Address 1000881,Male,surveyor,2,91001000881,25
1000882,Name_1000882,utkarsh.gupta+1000882@idinsight.org,9001000882,Telugu,Address 1000882,Female,monitor;surveyor,2,91001000882,26
1000883,Name_1000883,utkarsh.gupta+1000883@idinsight.org,9001000883,English,Address 1000883,Male,surveyor,2,91001000883,27
1000884,Name_1000884,utkarsh.gupta+1000884@idinsight.org,9001000884,Hindi,Address 1000884,Female,monitor;surveyor,2,91001000884,28
1000885,Name_1000885,utkarsh.gupta+1000885@idinsight.org,9001000885,Telugu,Address 1000885,Male,surveyor,2,91001000885,29
1000886,Name_1000886,utkarsh.gupta+1000886@idinsight.org,9001000886,English,Address 1000886,Female,monitor;surveyor,2,91001000886,30
1000887,Name_1000887,utkarsh.gupta+1000887@idinsight.org,9001000887,Hindi,Address 1000887,Male,surveyor,2,91001000887,31
1000888,Name_1000888,utkarsh.gupta+1000888@idinsight.org,9001000888,Telugu,Address 1000888,Female,monitor;surveyor,2,91001000888,32
1000889,Name_1000889,utkarsh.gupta+1000889@idinsight.org,9001000889,English,Address 1000889,Male,surveyor,2,91001000889,33
1000890,Name_1000890,utkarsh.gupta+1000890@idinsight.org,9001000890,Hindi,Address 1000890,Female,monitor;surveyor,2,91001000890,34
1000891,Name_1000891,utkarsh.gupta+1000891@idinsight.org,9001000891,Telugu,Address 1000891,Male,surveyor,2,91001000891,35
1000892,Name_1000892,utkarsh.gupta+1000892@idinsight.org,9001000892,English,Address 1000892,Female,monitor;surveyor,2,91001000892,36
1000893,Name_1000893,utkarsh.gupta+1000893@idinsight.org,9001000893,Hindi,Address 1000893,Male,surveyor,2,91001000893,37
1000894,Name_1000894,utkarsh.gupta+1000894@idinsight.org,9001000894,Telugu,Address 1000894,Female,monitor;surveyor,2,91001000894,38
1000895,Name_1000895,utkarsh.gupta+1000895@idinsight.org,9001000895,English,Address 1000895,Male,surveyor,2,91001000895,39
1000896,Name_1000896,utkarsh.gupta+1000896@idinsight.org,9001000896,Hindi,Address 1000896,Female,monitor;surveyor,2,91001000896,40
1000897,Name_1000897,utkarsh.gupta+1000897@idinsight.org,9001000897,Telugu,Address 1000897,Male,surveyor,2,91001000897,41
1000898,Name_1000898,utkarsh.gupta+1000898@idinsight.org,9001000898,English,Address 1000898,Female,monitor;surveyor,2,91001000898,42
1000899,Name_1000899,utkarsh.gupta+1000899@idinsight.org,9001000899,Hindi,Address 1000899,Male,surveyor,2,91001000899,43
1000900,Name_1000900,utkarsh.gupta+1000900@idinsight.org,9001000900,Telugu,Address 1000900,Female,monitor;surveyor,2,91001000900,44
1000901,Name_1000901,utkarsh.gupta+1000901@idinsight.org,9001000901,English,Address 1000901,Male,surveyor,2,91001000901,25
1000902,Name_1000902,utkarsh.gupta+1000902@idinsight.org,9001000902,Hindi,Address 1000902,Female,monitor;surveyor,2,91001000902,26
1000903,Name_1000903,utkarsh.gupta+1000903@idinsight.org,9001000903,Telugu,Address 1000903,Male,surveyor,2,91001000903,27
1000904,Name_1000904,utkarsh.gupta+1000904@idinsight.org,9001000904,English,Address 1000904,Female,monitor;surveyor,2,91001000904,28
1000905,Name_1000905,utkarsh.gupta+1000905@idinsight.org,9001000905,Hindi,Address 1000905,Male,surveyor,2,91001000905,29
1000906,Name_1000906,utkarsh.gupta+1000906@idinsight.org,9001000906,Telugu,Address 1000906,Female,monitor;surveyor,2,91001000906,30
1000907,Name_1000907,utkarsh.gupta+1000907@idinsight.org,9001000907,English,Address 1000907,Male,surveyor,2,91001000907,31
1000908,Name_1000908,utkarsh.gupta+1000908@idinsight.org,9001000908,Hindi,Address 1000908,Female,monitor;surveyor,2,91001000908,32
1000909,Name_1000909,utkarsh.gupta+1000909@idinsight.org,9001000909,Telugu,Address 1000909,Male,surveyor,2,91001000909,33
1000910,Name_1000910,utkarsh.gupta+1000910@idinsight.org,9001000910,English,Address 1000910,Female,monitor;surveyor,2,91001000910,34
1000911,Name_1000911,utkarsh.gupta+1000911@idinsight.org,9001000911,Hindi,Address 1000911,Male,surveyor,2,91001000911,35
1000912,Name_1000912,utkarsh.gupta+1000912@idinsight.org,9001000912,Telugu,Address 1000912,Female,monitor;surveyor,2,91001000912,36
1000913,Name_1000913,utkarsh.gupta+1000913@idinsight.org,9001000913,English,Address 1000913,Male,surveyor,2,91001000913,37
1000914,Name_1000914,utkarsh.gupta+1000914@idinsight.org,9001000914,Hindi,Address 1000914,Female,monitor;surveyor,2,91001000914,38
1000915,Name_1000915,utkarsh.gupta+1000915@idinsight.org,9001000915,Telugu,Address 1000915,Male,surveyor,2,91001000915,39
1000916,Name_1000916,utkarsh.gupta+1000916@idinsight.org,9001000916,English,Address 1000916,Female,monitor;surveyor,2,91001000916,40
1000917,Name_1000917,utkarsh.gupta+1000917@idinsight.org,9001000917,Hindi,Address 1000917,Male,surveyor,2,91001000917,41
1000918,Name_1000918,utkarsh.gupta+1000918@idinsight.org,9001000918,Telugu,Address 1000918,Female,monitor;surveyor,2,91001000918,42
1000919,Name_1000919,utkarsh.gupta+1000919@idinsight.org,9001000919,English,Address 1000919,Male,surveyor,2,91001000919,43
1000920,Name_1000920,utkarsh.gupta+1000920@idinsight.org,9001000920,Hindi,Address 1000920,Female,monitor;surveyor,2,91001000920,44
1000921,Name_1000921,utkarsh.gupta+1000921@idinsight.org,9001000921,Telugu,Address 1000921,Male,surveyor,2,91001000921,25
1000922,Name_1000922,utkarsh.gupta+1000922@idinsight.org,9001000922,English,Address 1000922,Female,monitor;surveyor,2,91001000922,26
1000923,Name_1000923,utkarsh.gupta+1000923@idinsight.org,9001000923,Hindi,Address 1000923,Male,surveyor,2,91001000923,27
1000924,Name_1000924,utkarsh.gupta+1000924@idinsight.org,9001000924,Telugu,Address 1000924,Female,monitor;surveyor,2,91001000924,28
1000925,Name_1000925,utkarsh.gupta+1000925@idinsight.org,9001000925,English,Address 1000925,Male,surveyor,2,91001000925,29
1000926,Name_1000926,utkarsh.gupta+1000926@idinsight.org,9001000926,Hindi,Address 1000926,Female,monitor;surveyor,2,91001000926,30
1000927,Name_1000927,utkarsh.gupta+1000927@idinsight.org,9001000927,Telugu,Address 1000927,Male,surveyor,2,91001000927,31
1000928,Name_1000928,utkarsh.gupta+1000928@idinsight.org,9001000928,English,Address 1000928,Female,monitor;surveyor,2,91001000928,32
1000929,Name_1000929,utkarsh.gupta+1000929@idinsight.org,9001000929,Hindi,Address 1000929,Male,surveyor,2,91001000929,33
1000930,Name_1000930,utkarsh.gupta+1000930@idinsight.org,9001000930,Telugu,Address 1000930,Female,monitor;surveyor,2,91001000930,34
1000931,Name_1000931,utkarsh.gupta+1000931@idinsight.org,9001000931,English,Address 1000931,Male,surveyor,2,91001000931,35
1000932,Name_1000932,utkarsh.gupta+1000932@idinsight.org,9001000932,Hindi,Address 1000932,Female,monitor;surveyor,2,91001000932,36
1000933,Name_1000933,utkarsh.gupta+1000933@idinsight.org,9001000933,Telugu,Address 1000933,Male,surveyor,2,91001000933,37
1000934,Name_1000934,utkarsh.gupta+1000934@idinsight.org,9001000934,English,Address 1000934,Female,monitor;surveyor,2,91001000934,38
1000935,Name_1000935,utkarsh.gupta+1000935@idinsight.org,9001000935,Hindi,Address 1000935,Male,surveyor,2,91001000935,39
1000936,Name_1000936,utkarsh.gupta+1000936@idinsight.org,9001000936,Telugu,Address 1000936,Female,monitor;surveyor,2,91001000936,40
1000937,Name_1000937,utkarsh.gupta+1000937@idinsight.org,9001000937,English,Address 1000937,Male,surveyor,2,91001000937,41
1000938,Name_1000938,utkarsh.gupta+1000938@idinsight.org,9001000938,Hindi,Address 1000938,Female,monitor;surveyor,2,91001000938,42
1000939,Name_1000939,utkarsh.gupta+1000939@idinsight.org,9001000939,Telugu,Address 1000939,Male,surveyor,2,91001000939,43
1000940,Name_1000940,utkarsh.gupta+1000940@idinsight.org,9001000940,English,Address 1000940,Female,monitor;surveyor,2,91001000940,44
1000941,Name_1000941,utkarsh.gupta+1000941@idinsight.org,9001000941,Hindi,Address 1000941,Male,surveyor,2,91001000941,25
1000942,Name_1000942,utkarsh.gupta+1000942@idinsight.org,9001000942,Telugu,Address 1000942,Female,monitor;surveyor,2,91001000942,26
1000943,Name_1000943,utkarsh.gupta+1000943@idinsight.org,9001000943,English,Address 1000943,Male,surveyor,2,91001000943,27
1000944,Name_1000944,utkarsh.gupta+1000944@idinsight.org,9001000944,Hindi,Address 1000944,Female,monitor;surveyor,2,91001000944,28
1000945,Name_1000945,utkarsh.gupta+1000945@idinsight.org,9001000945,Telugu,Address 1000945,Male,surveyor,2,91001000945,29
1000946,Name_1000946,utkarsh.gupta+1000946@idinsight.org,9001000946,English,Address 1000946,Female,monitor;surveyor,2,91001000946,30
1000947,Name_1000947,utkarsh.gupta+1000947@idinsight.org,9001000947,Hindi,Address 1000947,Male,surveyor,2,91001000947,31
1000948,Name_1000948,utkarsh.gupta+1000948@idinsight.org,9001000948,Telugu,Address 1000948,Female,monitor;surveyor,2,91001000948,32
1000949,Name_1000949,utkarsh.gupta+1000949@idinsight.org,9001000949,English,Address 1000949,Male,surveyor,2,91001000949,33
1000950,Name_1000950,utkarsh.gupta+1000950@idinsight.org,9001000950,Hindi,Address 1000950,Female,monitor;surveyor,2,91001000950,34
1000951,Name_1000951,utkarsh.gupta+1000951@idinsight.org,9001000951,Telugu,Address 1000951,Male,surveyor,2,91001000951,35
1000952,Name_1000952,utkarsh.gupta+1000952@idinsight.org,9001000952,English,Address 1000952,Female,monitor;surveyor,2,91001000952,36
1000953,Name_1000953,utkarsh.gupta+1000953@idinsight.org,9001000953,Hindi,Address 1000953,Male,surveyor,2,91001000953,37
1000954,Name_1000954,utkarsh.gupta+1000954@idinsight.org,9001000954,Telugu,Address 1000954,Female,monitor;surveyor,2,91001000954,38
1000955,Name_1000955,utkarsh.gupta+1000955@idinsight.org,9001000955,English,Address 1000955,Male,surveyor,2,91001000955,39
1000956,Name_1000956,utkarsh.gupta+1000956@idinsight.org,9001000956,Hindi,Address 1000956,Female,monitor;surveyor,2,91001000956,40
1000957,Name_1000957,utkarsh.gupta+1000957@idinsight.org,9001000957,Telugu,Address 1000957,Male,surveyor,2,91001000957,41
1000958,Name_1000958,utkarsh.gupta+1000958@idinsight.org,9001000958,English,Address 1000958,Female,monitor;surveyor,2,91001000958,42
1000959,Name_1000959,utkarsh.gupta+1000959@idinsight.org,9001000959,Hindi,Address 1000959,Male,surveyor,2,91001000959,43
1000960,Name_1000960,utkarsh.gupta+1000960@idinsight.org,9001000960,Telugu,Address 1000960,Female,monitor;surveyor,2,91001000960,44
1000961,Name_1000961,utkarsh.gupta+1000961@idinsight.org,9001000961,English,Address 1000961,Male,surveyor,2,91001000961,25
1000962,Name_1000962,utkarsh.gupta+1000962@idinsight.org,9001000962,Hindi,Address 1000962,Female,monitor;surveyor,2,91001000962,26
1000963,Name_1000963,utkarsh.gupta+1000963@idinsight.org,9001000963,Telugu,Address 1000963,Male,surveyor,2,91001000963,27
1000964,Name_1000964,utkarsh.gupta+1000964@idinsight.org,9001000964,English,Address 1000964,Female,monitor;surveyor,2,91001000964,28
1000965,Name_1000965,utkarsh.gupta+1000965@idinsight.org,9001000965,Hindi,Address 1000965,Male,surveyor,2,91001000965,29
1000966,Name_1000966,utkarsh.gupta+1000966@idinsight.org,9001000966,Telugu,Address 1000966,Female,monitor;surveyor,2,91001000966,30
1000967,Name_1000967,utkarsh.gupta+1000967@idinsight.org,9001000967,English,Address 1000967,Male,surveyor,2,91001000967,31
1000968,Name_1000968,utkarsh.gupta+1000968@idinsight.org,9001000968,Hindi,Address 1000968,Female,monitor;surveyor,2,91001000968,32
1000969,Name_1000969,utkarsh.gupta+1000969@idinsight.org,9001000969,Telugu,Address 1000969,Male,surveyor,2,91001000969,33
1000970,Name_1000970,utkarsh.gupta+1000970@idinsight.org,9001000970,English,Address 1000970,Female,monitor;surveyor,2,91001000970,34
1000971,Name_1000971,utkarsh.gupta+1000971@idinsight.org,9001000971,Hindi,Address 1000971,Male,surveyor,2,91001000971,35
1000972,Name_1000972,utkarsh.gupta+1000972@idinsight.org,9001000972,Telugu,Address 1000972,Female,monitor;surveyor,2,91001000972,36
1000973,Name_1000973,utkarsh.gupta+1000973@idinsight.org,9001000973,English,Address 1000973,Male,surveyor,2,91001000973,37
1000974,Name_1000974,utkarsh.gupta+1000974@idinsight.org,9001000974,Hindi,Address 1000974,Female,monitor;surveyor,2,91001000974,38
1000975,Name_1000975,utkarsh.gupta+1000975@idinsight.org,9001000975,Telugu,Address 1000975,Male,surveyor,2,91001000975,39
1000976,Name_1000976,utkarsh.gupta+1000976@idinsight.org,9001000976,English,Address 1000976,Female,monitor;surveyor,2,91001000976,40
1000977,Name_1000977,utkarsh.gupta+1000977@idinsight.org,9001000977,Hindi,Address 1000977,Male,surveyor,2,91001000977,41
1000978,Name_1000978,utkarsh.gupta+1000978@idinsight.org,9001000978,Telugu,Address 1000978,Female,monitor;surveyor,2,91001000978,42
1000979,Name_1000979,utkarsh.gupta+1000979@idinsight.org,9001000979,English,Address 1000979,Male,surveyor,2,91001000979,43
1000980,Name_1000980,utkarsh.gupta+1000980@idinsight.org,9001000980,Hindi,Address 1000980,Female,monitor;surveyor,2,91001000980,44
1000981,Name_1000981,utkarsh.gupta+1000981@idinsight.org,9001000981,Telugu,Address 1000981,Male,surveyor,2,91001000981,25
1000982,Name_1000982,utkarsh.gupta+1000982@idinsight.org,9001000982,English,Address 1000982,Female,monitor;surveyor,2,91001000982,26
1000983,Name_1000983,utkarsh.gupta+1000983@idinsight.org,9001000983,Hindi,Address 1000983,Male,surveyor,2,91001000983,27
1000984,Name_1000984,utkarsh.gupta+1000984@idinsight.org,9001000984,Telugu,Address 1000984,Female,monitor;surveyor,2,91001000984,28
1000985,Name_1000985,utkarsh.gupta+1000985@idinsight.org,9001000985,English,Address 1000985,Male,surveyor,2,91001000985,29
1000986,Name_1000986,utkarsh.gupta+1000986@idinsight.org,9001000986,Hindi,Address 1000986,Female,monitor;surveyor,2,91001000986,30
1000987,Name_1000987,utkarsh.gupta+1000987@idinsight.org,9001000987,Telugu,Address 1000987,Male,surveyor,2,91001000987,31
1000988,Name_1000988,utkarsh.gupta+1000988@idinsight.org,9001000988,English,Address 1000988,Female,monitor;surveyor,2,91001000988,32
1000989,Name_1000989,utkarsh.gupta+1000989@idinsight.org,9001000989,Hindi,Address 1000989,Male,surveyor,2,91001000989,33
1000990,Name_1000990,utkarsh.gupta+1000990@idinsight.org,9001000990,Telugu,Address 1000990,Female,monitor;surveyor,2,91001000990,34
1000991,Name_1000991,utkarsh.gupta+1000991@idinsight.org,9001000991,English,Address 1000991,Male,surveyor,2,91001000991,35
1000992,Name_1000992,utkarsh.gupta+1000992@idinsight.org,9001000992,Hindi,Address 1000992,Female,monitor;surveyor,2,91001000992,36
1000993,Name_1000993,utkarsh.gupta+1000993@idinsight.org,9001000993,Telugu,Address 1000993,Male,surveyor,2,91001000993,37
1000994,Name_1000994,utkarsh.gupta+1000994@idinsight.org,9001000994,English,Address 1000994,Female,monitor;surveyor,2,91001000994,38
1000995,Name_1000995,utkarsh.gupta+1000995@idinsight.org,9001000995,Hindi,Address 1000995,Male,surveyor,2,91001000995,39
1000996,Name_1000996,utkarsh.gupta+1000996@idinsight.org,9001000996,Telugu,Address 1000996,Female,monitor;surveyor,2,91001000996,40
1000997,Name_1000997,utkarsh.gupta+1000997@idinsight.org,9001000997,English,Address 1000997,Male,surveyor,2,91001000997,41
1000998,Name_1000998,utkarsh.gupta+1000998@idinsight.org,9001000998,Hindi,Address 1000998,Female,monitor;surveyor,2,91001000998,42
1000999,Name_1000999,utkarsh.gupta+1000999@idinsight.org,9001000999,Telugu,Address 1000999,Male,surveyor,2,91001000999,43
1001000,Name_1001000,utkarsh.gupta+1001000@idinsight.org,9001001000,English,Address 1001000,Female,monitor;surveyor,2,91001001000,44
1001001,Name_1001001,utkarsh.gupta+1001001@idinsight.org,9001001001,Hindi,Address 1001001,Male,surveyor,3,91001001001,25
1001002,Name_1001002,utkarsh.gupta+1001002@idinsight.org,9001001002,Telugu,Address 1001002,Female,monitor;surveyor,3,91001001002,26
1001003,Name_1001003,utkarsh.gupta+1001003@idinsight.org,9001001003,English,Address 1001003,Male,surveyor,3,91001001003,27
1001004,Name_1001004,utkarsh.gupta+1001004@idinsight.org,9001001004,Hindi,Address 1001004,Female,monitor;surveyor,3,91001001004,28
1001005,Name_1001005,utkarsh.gupta+1001005@idinsight.org,9001001005,Telugu,Address 1001005,Male,surveyor,3,91001001005,29
1001006,Name_1001006,utkarsh.gupta+1001006@idinsight.org,9001001006,English,Address 1001006,Female,monitor;surveyor,3,91001001006,30
1001007,Name_1001007,utkarsh.gupta+1001007@idinsight.org,9001001007,Hindi,Address 1001007,Male,surveyor,3,91001001007,31
1001008,Name_1001008,utkarsh.gupta+1001008@idinsight.org,9001001008,Telugu,Address 1001008,Female,monitor;surveyor,3,91001001008,32
1001009,Name_1001009,utkarsh.gupta+1001009@idinsight.org,9001001009,English,Address 1001009,Male,surveyor,3,91001001009,33
1001010,Name_1001010,utkarsh.gupta+1001010@idinsight.org,9001001010,Hindi,Address 1001010,Female,monitor;surveyor,3,91001001010,34
1001011,Name_1001011,utkarsh.gupta+1001011@idinsight.org,9001001011,Telugu,Address 1001011,Male,surveyor,3,91001001011,35
1001012,Name_1001012,utkarsh.gupta+1001012@idinsight.org,9001001012,English,Address 1001012,Female,monitor;surveyor,3,91001001012,36
1001013,Name_1001013,utkarsh.gupta+1001013@idinsight.org,9001001013,Hindi,Address 1001013,Male,surveyor,3,91001001013,37
1001014,Name_1001014,utkarsh.gupta+1001014@idinsight.org,9001001014,Telugu,Address 1001014,Female,monitor;surveyor,3,91001001014,38
1001015,Name_1001015,utkarsh.gupta+1001015@idinsight.org,9001001015,English,Address 1001015,Male,surveyor,3,91001001015,39
1001016,Name_1001016,utkarsh.gupta+1001016@idinsight.org,9001001016,Hindi,Address 1001016,Female,monitor;surveyor,3,91001001016,40
1001017,Name_1001017,utkarsh.gupta+1001017@idinsight.org,9001001017,Telugu,Address 1001017,Male,surveyor,3,91001001017,41
1001018,Name_1001018,utkarsh.gupta+1001018@idinsight.org,9001001018,English,Address 1001018,Female,monitor;surveyor,3,91001001018,42
1001019,Name_1001019,utkarsh.gupta+1001019@idinsight.org,9001001019,Hindi,Address 1001019,Male,surveyor,3,91001001019,43
1001020,Name_1001020,utkarsh.gupta+1001020@idinsight.org,9001001020,Telugu,Address 1001020,Female,monitor;surveyor,3,91001001020,44
1001021,Name_1001021,utkarsh.gupta+1001021@idinsight.org,9001001021,English,Address 1001021,Male,surveyor,3,91001001021,25
1001022,Name_1001022,utkarsh.gupta+1001022@idinsight.org,9001001022,Hindi,Address 1001022,Female,monitor;surveyor,3,91001001022,26
1001023,Name_1001023,utkarsh.gupta+1001023@idinsight.org,9001001023,Telugu,Address 1001023,Male,surveyor,3,91001001023,27
1001024,Name_1001024,utkarsh.gupta+1001024@idinsight.org,9001001024,English,Address 1001024,Female,monitor;surveyor,3,91001001024,28
1001025,Name_1001025,utkarsh.gupta+1001025@idinsight.org,9001001025,Hindi,Address 1001025,Male,surveyor,3,91001001025,29
1001026,Name_1001026,utkarsh.gupta+1001026@idinsight.org,9001001026,Telugu,Address 1001026,Female,monitor;surveyor,3,91001001026,30
1001027,Name_1001027,utkarsh.gupta+1001027@idinsight.org,9001001027,English,Address 1001027,Male,surveyor,3,91001001027,31
1001028,Name_1001028,utkarsh.gupta+1001028@idinsight.org,9001001028,Hindi,Address 1001028,Female,monitor;surveyor,3,91001001028,32
1001029,Name_1001029,utkarsh.gupta+1001029@idinsight.org,9001001029,Telugu,Address 1001029,Male,surveyor,3,91001001029,33
1001030,Name_1001030,utkarsh.gupta+1001030@idinsight.org,9001001030,English,Address 1001030,Female,monitor;surveyor,3,91001001030,34
1001031,Name_1001031,utkarsh.gupta+1001031@idinsight.org,9001001031,Hindi,Address 1001031,Male,surveyor,3,91001001031,35
1001032,Name_1001032,utkarsh.gupta+1001032@idinsight.org,9001001032,Telugu,Address 1001032,Female,monitor;surveyor,3,91001001032,36
1001033,Name_1001033,utkarsh.gupta+1001033@idinsight.org,9001001033,English,Address 1001033,Male,surveyor,3,91001001033,37
1001034,Name_1001034,utkarsh.gupta+1001034@idinsight.org,9001001034,Hindi,Address 1001034,Female,monitor;surveyor,3,91001001034,38
1001035,Name_1001035,utkarsh.gupta+1001035@idinsight.org,9001001035,Telugu,Address 1001035,Male,surveyor,3,91001001035,39
1001036,Name_1001036,utkarsh.gupta+1001036@idinsight.org,9001001036,English,Address 1001036,Female,monitor;surveyor,3,91001001036,40
1001037,Name_1001037,utkarsh.gupta+1001037@idinsight.org,9001001037,Hindi,Address 1001037,Male,surveyor,3,91001001037,41
1001038,Name_1001038,utkarsh.gupta+1001038@idinsight.org,9001001038,Telugu,Address 1001038,Female,monitor;surveyor,3,91001001038,42
1001039,Name_1001039,utkarsh.gupta+1001039@idinsight.org,9001001039,English,Address 1001039,Male,surveyor,3,91001001039,43
1001040,Name_1001040,utkarsh.gupta+1001040@idinsight.org,9001001040,Hindi,Address 1001040,Female,monitor;surveyor,3,91001001040,44
1001041,Name_1001041,utkarsh.gupta+1001041@idinsight.org,9001001041,Telugu,Address 1001041,Male,surveyor,3,91001001041,25
1001042,Name_1001042,utkarsh.gupta+1001042@idinsight.org,9001001042,English,Address 1001042,Female,monitor;surveyor,3,91001001042,26
1001043,Name_1001043,utkarsh.gupta+1001043@idinsight.org,9001001043,Hindi,Address 1001043,Male,surveyor,3,91001001043,27
1001044,Name_1001044,utkarsh.gupta+1001044@idinsight.org,9001001044,Telugu,Address 1001044,Female,monitor;surveyor,3,91001001044,28
1001045,Name_1001045,utkarsh.gupta+1001045@idinsight.org,9001001045,English,Address 1001045,Male,surveyor,3,91001001045,29
1001046,Name_1001046,utkarsh.gupta+1001046@idinsight.org,9001001046,Hindi,Address 1001046,Female,monitor;surveyor,3,91001001046,30
1001047,Name_1001047,utkarsh.gupta+1001047@idinsight.org,9001001047,Telugu,Address 1001047,Male,surveyor,3,91001001047,31
1001048,Name_1001048,utkarsh.gupta+1001048@idinsight.org,9001001048,English,Address 1001048,Female,monitor;surveyor,3,91001001048,32
1001049,Name_1001049,utkarsh.gupta+1001049@idinsight.org,9001001049,Hindi,Address 1001049,Male,surveyor,3,91001001049,33
1001050,Name_1001050,utkarsh.gupta+1001050@idinsight.org,9001001050,Telugu,Address 1001050,Female,monitor;surveyor,3,91001001050,34
1001051,Name_1001051,utkarsh.gupta+1001051@idinsight.org,9001001051,English,Address 1001051,Male,surveyor,3,91001001051,35
1001052,Name_1001052,utkarsh.gupta+1001052@idinsight.org,9001001052,Hindi,Address 1001052,Female,monitor;surveyor,3,91001001052,36
1001053,Name_1001053,utkarsh.gupta+1001053@idinsight.org,9001001053,Telugu,Address 1001053,Male,surveyor,3,91001001053,37
1001054,Name_1001054,utkarsh.gupta+1001054@idinsight.org,9001001054,English,Address 1001054,Female,monitor;surveyor,3,91001001054,38
1001055,Name_1001055,utkarsh.gupta+1001055@idinsight.org,9001001055,Hindi,Address 1001055,Male,surveyor,3,91001001055,39
1001056,Name_1001056,utkarsh.gupta+1001056@idinsight.org,9001001056,Telugu,Address 1001056,Female,monitor;surveyor,3,91001001056,40
1001057,Name_1001057,utkarsh.gupta+1001057@idinsight.org,9001001057,English,Address 1001057,Male,surveyor,3,91001001057,41
1001058,Name_1001058,utkarsh.gupta+1001058@idinsight.org,9001001058,Hindi,Address 1001058,Female,monitor;surveyor,3,91001001058,42
1001059,Name_1001059,utkarsh.gupta+1001059@idinsight.org,9001001059,Telugu,Address 1001059,Male,surveyor,3,91001001059,43
1001060,Name_1001060,utkarsh.gupta+1001060@idinsight.org,9001001060,English,Address 1001060,Female,monitor;surveyor,3,91001001060,44
1001061,Name_1001061,utkarsh.gupta+1001061@idinsight.org,9001001061,Hindi,Address 1001061,Male,surveyor,3,91001001061,25
1001062,Name_1001062,utkarsh.gupta+1001062@idinsight.org,9001001062,Telugu,Address 1001062,Female,monitor;surveyor,3,91001001062,26
1001063,Name_1001063,utkarsh.gupta+1001063@idinsight.org,9001001063,English,Address 1001063,Male,surveyor,3,91001001063,27
1001064,Name_1001064,utkarsh.gupta+1001064@idinsight.org,9001001064,Hindi,Address 1001064,Female,monitor;surveyor,3,91001001064,28
1001065,Name_1001065,utkarsh.gupta+1001065@idinsight.org,9001001065,Telugu,Address 1001065,Male,surveyor,3,91001001065,29
1001066,Name_1001066,utkarsh.gupta+1001066@idinsight.org,9001001066,English,Address 1001066,Female,monitor;surveyor,3,91001001066,30
1001067,Name_1001067,utkarsh.gupta+1001067@idinsight.org,9001001067,Hindi,Address 1001067,Male,surveyor,3,91001001067,31
1001068,Name_1001068,utkarsh.gupta+1001068@idinsight.org,9001001068,Telugu,Address 1001068,Female,monitor;surveyor,3,91001001068,32
1001069,Name_1001069,utkarsh.gupta+1001069@idinsight.org,9001001069,English,Address 1001069,Male,surveyor,3,91001001069,33
1001070,Name_1001070,utkarsh.gupta+1001070@idinsight.org,9001001070,Hindi,Address 1001070,Female,monitor;surveyor,3,91001001070,34
1001071,Name_1001071,utkarsh.gupta+1001071@idinsight.org,9001001071,Telugu,Address 1001071,Male,surveyor,3,91001001071,35
1001072,Name_1001072,utkarsh.gupta+1001072@idinsight.org,9001001072,English,Address 1001072,Female,monitor;surveyor,3,91001001072,36
1001073,Name_1001073,utkarsh.gupta+1001073@idinsight.org,9001001073,Hindi,Address 1001073,Male,surveyor,3,91001001073,37
1001074,Name_1001074,utkarsh.gupta+1001074@idinsight.org,9001001074,Telugu,Address 1001074,Female,monitor;surveyor,3,91001001074,38
1001075,Name_1001075,utkarsh.gupta+1001075@idinsight.org,9001001075,English,Address 1001075,Male,surveyor,3,91001001075,39
1001076,Name_1001076,utkarsh.gupta+1001076@idinsight.org,9001001076,Hindi,Address 1001076,Female,monitor;surveyor,3,91001001076,40
1001077,Name_1001077,utkarsh.gupta+1001077@idinsight.org,9001001077,Telugu,Address 1001077,Male,surveyor,3,91001001077,41
1001078,Name_1001078,utkarsh.gupta+1001078@idinsight.org,9001001078,English,Address 1001078,Female,monitor;surveyor,3,91001001078,42
1001079,Name_1001079,utkarsh.gupta+1001079@idinsight.org,9001001079,Hindi,Address 1001079,Male,surveyor,3,91001001079,43
1001080,Name_1001080,utkarsh.gupta+1001080@idinsight.org,9001001080,Telugu,Address 1001080,Female,monitor;surveyor,3,91001001080,44
1001081,Name_1001081,utkarsh.gupta+1001081@idinsight.org,9001001081,English,Address 1001081,Male,surveyor,3,91001001081,25
1001082,Name_1001082,utkarsh.gupta+1001082@idinsight.org,9001001082,Hindi,Address 1001082,Female,monitor;surveyor,3,91001001082,26
1001083,Name_1001083,utkarsh.gupta+1001083@idinsight.org,9001001083,Telugu,Address 1001083,Male,surveyor,3,91001001083,27
1001084,Name_1001084,utkarsh.gupta+1001084@idinsight.org,9001001084,English,Address 1001084,Female,monitor;surveyor,3,91001001084,28
1001085,Name_1001085,utkarsh.gupta+1001085@idinsight.org,9001001085,Hindi,Address 1001085,Male,surveyor,3,91001001085,29
1001086,Name_1001086,utkarsh.gupta+1001086@idinsight.org,9001001086,Telugu,Address 1001086,Female,monitor;surveyor,3,91001001086,30
1001087,Name_1001087,utkarsh.gupta+1001087@idinsight.org,9001001087,English,Address 1001087,Male,surveyor,3,91001001087,31
1001088,Name_1001088,utkarsh.gupta+1001088@idinsight.org,9001001088,Hindi,Address 1001088,Female,monitor;surveyor,3,91001001088,32
1001089,Name_1001089,utkarsh.gupta+1001089@idinsight.org,9001001089,Telugu,Address 1001089,Male,surveyor,3,91001001089,33
1001090,Name_1001090,utkarsh.gupta+1001090@idinsight.org,9001001090,English,Address 1001090,Female,monitor;surveyor,3,91001001090,34
1001091,Name_1001091,utkarsh.gupta+1001091@idinsight.org,9001001091,Hindi,Address 1001091,Male,surveyor,3,91001001091,35
1001092,Name_1001092,utkarsh.gupta+1001092@idinsight.org,9001001092,Telugu,Address 1001092,Female,monitor;surveyor,3,91001001092,36
1001093,Name_1001093,utkarsh.gupta+1001093@idinsight.org,9001001093,English,Address 1001093,Male,surveyor,3,91001001093,37
1001094,Name_1001094,utkarsh.gupta+1001094@idinsight.org,9001001094,Hindi,Address 1001094,Female,monitor;surveyor,3,91001001094,38
1001095,Name_1001095,utkarsh.gupta+1001095@idinsight.org,9001001095,Telugu,Address 1001095,Male,surveyor,3,91001001095,39
1001096,Name_1001096,utkarsh.gupta+1001096@idinsight.org,9001001096,English,Address 1001096,Female,monitor;surveyor,3,91001001096,40
1001097,Name_1001097,utkarsh.gupta+1001097@idinsight.org,9001001097,Hindi,Address 1001097,Male,surveyor,3,91001001097,41
1001098,Name_1001098,utkarsh.gupta+1001098@idinsight.org,9001001098,Telugu,Address 1001098,Female,monitor;surveyor,3,91001001098,42
1001099,Name_1001099,utkarsh.gupta+1001099@idinsight.org,9001001099,English,Address 1001099,Male,surveyor,3,91001001099,43
1001100,Name_1001100,utkarsh.gupta+1001100@idinsight.org,9001001100,Hindi,Address 1001100,Female,monitor;surveyor,3,91001001100,44
1001101,Name_1001101,utkarsh.gupta+1001101@idinsight.org,9001001101,Telugu,Address 1001101,Male,surveyor,3,91001001101,25
1001102,Name_1001102,utkarsh.gupta+1001102@idinsight.org,9001001102,English,Address 1001102,Female,monitor;surveyor,3,91001001102,26
1001103,Name_1001103,utkarsh.gupta+1001103@idinsight.org,9001001103,Hindi,Address 1001103,Male,surveyor,3,91001001103,27
1001104,Name_1001104,utkarsh.gupta+1001104@idinsight.org,9001001104,Telugu,Address 1001104,Female,monitor;surveyor,3,91001001104,28
1001105,Name_1001105,utkarsh.gupta+1001105@idinsight.org,9001001105,English,Address 1001105,Male,surveyor,3,91001001105,29
1001106,Name_1001106,utkarsh.gupta+1001106@idinsight.org,9001001106,Hindi,Address 1001106,Female,monitor;surveyor,3,91001001106,30
1001107,Name_1001107,utkarsh.gupta+1001107@idinsight.org,9001001107,Telugu,Address 1001107,Male,surveyor,3,91001001107,31
1001108,Name_1001108,utkarsh.gupta+1001108@idinsight.org,9001001108,English,Address 1001108,Female,monitor;surveyor,3,91001001108,32
1001109,Name_1001109,utkarsh.gupta+1001109@idinsight.org,9001001109,Hindi,Address 1001109,Male,surveyor,3,91001001109,33
1001110,Name_1001110,utkarsh.gupta+1001110@idinsight.org,9001001110,Telugu,Address 1001110,Female,monitor;surveyor,3,91001001110,34
1001111,Name_1001111,utkarsh.gupta+1001111@idinsight.org,9001001111,English,Address 1001111,Male,surveyor,3,91001001111,35
1001112,Name_1001112,utkarsh.gupta+1001112@idinsight.org,9001001112,Hindi,Address 1001112,Female,monitor;surveyor,3,91001001112,36
1001113,Name_1001113,utkarsh.gupta+1001113@idinsight.org,9001001113,Telugu,Address 1001113,Male,surveyor,3,91001001113,37
1001114,Name_1001114,utkarsh.gupta+1001114@idinsight.org,9001001114,English,Address 1001114,Female,monitor;surveyor,3,91001001114,38
1001115,Name_1001115,utkarsh.gupta+1001115@idinsight.org,9001001115,Hindi,Address 1001115,Male,surveyor,3,91001001115,39
1001116,Name_1001116,utkarsh.gupta+1001116@idinsight.org,9001001116,Telugu,Address 1001116,Female,monitor;surveyor,3,91001001116,40
1001117,Name_1001117,utkarsh.gupta+1001117@idinsight.org,9001001117,English,Address 1001117,Male,surveyor,3,91001001117,41
1001118,Name_1001118,utkarsh.gupta+1001118@idinsight.org,9001001118,Hindi,Address 1001118,Female,monitor;surveyor,3,91001001118,42
1001119,Name_1001119,utkarsh.gupta+1001119@idinsight.org,9001001119,Telugu,Address 1001119,Male,surveyor,3,91001001119,43
1001120,Name_1001120,utkarsh.gupta+1001120@idinsight.org,9001001120,English,Address 1001120,Female,monitor;surveyor,3,91001001120,44
1001121,Name_1001121,utkarsh.gupta+1001121@idinsight.org,9001001121,Hindi,Address 1001121,Male,surveyor,3,91001001121,25
1001122,Name_1001122,utkarsh.gupta+1001122@idinsight.org,9001001122,Telugu,Address 1001122,Female,monitor;surveyor,3,91001001122,26
1001123,Name_1001123,utkarsh.gupta+1001123@idinsight.org,9001001123,English,Address 1001123,Male,surveyor,3,91001001123,27
1001124,Name_1001124,utkarsh.gupta+1001124@idinsight.org,9001001124,Hindi,Address 1001124,Female,monitor;surveyor,3,91001001124,28
1001125,Name_1001125,utkarsh.gupta+1001125@idinsight.org,9001001125,Telugu,Address 1001125,Male,surveyor,3,91001001125,29
1001126,Name_1001126,utkarsh.gupta+1001126@idinsight.org,9001001126,English,Address 1001126,Female,monitor;surveyor,3,91001001126,30
1001127,Name_1001127,utkarsh.gupta+1001127@idinsight.org,9001001127,Hindi,Address 1001127,Male,surveyor,3,91001001127,31
1001128,Name_1001128,utkarsh.gupta+1001128@idinsight.org,9001001128,Telugu,Address 1001128,Female,monitor;surveyor,3,91001001128,32
1001129,Name_1001129,utkarsh.gupta+1001129@idinsight.org,9001001129,English,Address 1001129,Male,surveyor,3,91001001129,33
1001130,Name_1001130,utkarsh.gupta+1001130@idinsight.org,9001001130,Hindi,Address 1001130,Female,monitor;surveyor,3,91001001130,34
1001131,Name_1001131,utkarsh.gupta+1001131@idinsight.org,9001001131,Telugu,Address 1001131,Male,surveyor,3,91001001131,35
1001132,Name_1001132,utkarsh.gupta+1001132@idinsight.org,9001001132,English,Address 1001132,Female,monitor;surveyor,3,91001001132,36
1001133,Name_1001133,utkarsh.gupta+1001133@idinsight.org,9001001133,Hindi,Address 1001133,Male,surveyor,3,91001001133,37
1001134,Name_1001134,utkarsh.gupta+1001134@idinsight.org,9001001134,Telugu,Address 1001134,Female,monitor;surveyor,3,91001001134,38
1001135,Name_1001135,utkarsh.gupta+1001135@idinsight.org,9001001135,English,Address 1001135,Male,surveyor,3,91001001135,39
1001136,Name_1001136,utkarsh.gupta+1001136@idinsight.org,9001001136,Hindi,Address 1001136,Female,monitor;surveyor,3,91001001136,40
1001137,Name_1001137,utkarsh.gupta+1001137@idinsight.org,9001001137,Telugu,Address 1001137,Male,surveyor,3,91001001137,41
1001138,Name_1001138,utkarsh.gupta+1001138@idinsight.org,9001001138,English,Address 1001138,Female,monitor;surveyor,3,91001001138,42
1001139,Name_1001139,utkarsh.gupta+1001139@idinsight.org,9001001139,Hindi,Address 1001139,Male,surveyor,3,91001001139,43
1001140,Name_1001140,utkarsh.gupta+1001140@idinsight.org,9001001140,Telugu,Address 1001140,Female,monitor;surveyor,3,91001001140,44
1001141,Name_1001141,utkarsh.gupta+1001141@idinsight.org,9001001141,English,Address 1001141,Male,surveyor,3,91001001141,25
1001142,Name_1001142,utkarsh.gupta+1001142@idinsight.org,9001001142,Hindi,Address 1001142,Female,monitor;surveyor,3,91001001142,26
1001143,Name_1001143,utkarsh.gupta+1001143@idinsight.org,9001001143,Telugu,Address 1001143,Male,surveyor,3,91001001143,27
1001144,Name_1001144,utkarsh.gupta+1001144@idinsight.org,9001001144,English,Address 1001144,Female,monitor;surveyor,3,91001001144,28
1001145,Name_1001145,utkarsh.gupta+1001145@idinsight.org,9001001145,Hindi,Address 1001145,Male,surveyor,3,91001001145,29
1001146,Name_1001146,utkarsh.gupta+1001146@idinsight.org,9001001146,Telugu,Address 1001146,Female,monitor;surveyor,3,91001001146,30
1001147,Name_1001147,utkarsh.gupta+1001147@idinsight.org,9001001147,English,Address 1001147,Male,surveyor,3,91001001147,31
1001148,Name_1001148,utkarsh.gupta+1001148@idinsight.org,9001001148,Hindi,Address 1001148,Female,monitor;surveyor,3,91001001148,32
1001149,Name_1001149,utkarsh.gupta+1001149@idinsight.org,9001001149,Telugu,Address 1001149,Male,surveyor,3,91001001149,33
1001150,Name_1001150,utkarsh.gupta+1001150@idinsight.org,9001001150,English,Address 1001150,Female,monitor;surveyor,3,91001001150,34
1001151,Name_1001151,utkarsh.gupta+1001151@idinsight.org,9001001151,Hindi,Address 1001151,Male,surveyor,3,91001001151,35
1001152,Name_1001152,utkarsh.gupta+1001152@idinsight.org,9001001152,Telugu,Address 1001152,Female,monitor;surveyor,3,91001001152,36
1001153,Name_1001153,utkarsh.gupta+1001153@idinsight.org,9001001153,English,Address 1001153,Male,surveyor,3,91001001153,37
1001154,Name_1001154,utkarsh.gupta+1001154@idinsight.org,9001001154,Hindi,Address 1001154,Female,monitor;surveyor,3,91001001154,38
1001155,Name_1001155,utkarsh.gupta+1001155@idinsight.org,9001001155,Telugu,Address 1001155,Male,surveyor,3,91001001155,39
1001156,Name_1001156,utkarsh.gupta+1001156@idinsight.org,9001001156,English,Address 1001156,Female,monitor;surveyor,3,91001001156,40
1001157,Name_1001157,utkarsh.gupta+1001157@idinsight.org,9001001157,Hindi,Address 1001157,Male,surveyor,3,91001001157,41
1001158,Name_1001158,utkarsh.gupta+1001158@idinsight.org,9001001158,Telugu,Address 1001158,Female,monitor;surveyor,3,91001001158,42
1001159,Name_1001159,utkarsh.gupta+1001159@idinsight.org,9001001159,English,Address 1001159,Male,surveyor,3,91001001159,43
1001160,Name_1001160,utkarsh.gupta+1001160@idinsight.org,9001001160,Hindi,Address 1001160,Female,monitor;surveyor,3,91001001160,44
1001161,Name_1001161,utkarsh.gupta+1001161@idinsight.org,9001001161,Telugu,Address 1001161,Male,surveyor,3,91001001161,25
1001162,Name_1001162,utkarsh.gupta+1001162@idinsight.org,9001001162,English,Address 1001162,Female,monitor;surveyor,3,91001001162,26
1001163,Name_1001163,utkarsh.gupta+1001163@idinsight.org,9001001163,Hindi,Address 1001163,Male,surveyor,3,91001001163,27
1001164,Name_1001164,utkarsh.gupta+1001164@idinsight.org,9001001164,Telugu,Address 1001164,Female,monitor;surveyor,3,91001001164,28
1001165,Name_1001165,utkarsh.gupta+1001165@idinsight.org,9001001165,English,Address 1001165,Male,surveyor,3,91001001165,29
1001166,Name_1001166,utkarsh.gupta+1001166@idinsight.org,9001001166,Hindi,Address 1001166,Female,monitor;surveyor,3,91001001166,30
1001167,Name_1001167,utkarsh.gupta+1001167@idinsight.org,9001001167,Telugu,Address 1001167,Male,surveyor,3,91001001167,31
1001168,Name_1001168,utkarsh.gupta+1001168@idinsight.org,9001001168,English,Address 1001168,Female,monitor;surveyor,3,91001001168,32
1001169,Name_1001169,utkarsh.gupta+1001169@idinsight.org,9001001169,Hindi,Address 1001169,Male,surveyor,3,91001001169,33
1001170,Name_1001170,utkarsh.gupta+1001170@idinsight.org,9001001170,Telugu,Address 1001170,Female,monitor;surveyor,3,91001001170,34
1001171,Name_1001171,utkarsh.gupta+1001171@idinsight.org,9001001171,English,Address 1001171,Male,surveyor,3,91001001171,35
1001172,Name_1001172,utkarsh.gupta+1001172@idinsight.org,9001001172,Hindi,Address 1001172,Female,monitor;surveyor,3,91001001172,36
1001173,Name_1001173,utkarsh.gupta+1001173@idinsight.org,9001001173,Telugu,Address 1001173,Male,surveyor,3,91001001173,37
1001174,Name_1001174,utkarsh.gupta+1001174@idinsight.org,9001001174,English,Address 1001174,Female,monitor;surveyor,3,91001001174,38
1001175,Name_1001175,utkarsh.gupta+1001175@idinsight.org,9001001175,Hindi,Address 1001175,Male,surveyor,3,91001001175,39
1001176,Name_1001176,utkarsh.gupta+1001176@idinsight.org,9001001176,Telugu,Address 1001176,Female,monitor;surveyor,3,91001001176,40
1001177,Name_1001177,utkarsh.gupta+1001177@idinsight.org,9001001177,English,Address 1001177,Male,surveyor,3,91001001177,41
1001178,Name_1001178,utkarsh.gupta+1001178@idinsight.org,9001001178,Hindi,Address 1001178,Female,monitor;surveyor,3,91001001178,42
1001179,Name_1001179,utkarsh.gupta+1001179@idinsight.org,9001001179,Telugu,Address 1001179,Male,surveyor,3,91001001179,43
1001180,Name_1001180,utkarsh.gupta+1001180@idinsight.org,9001001180,English,Address 1001180,Female,monitor;surveyor,3,91001001180,44
1001181,Name_1001181,utkarsh.gupta+1001181@idinsight.org,9001001181,Hindi,Address 1001181,Male,surveyor,3,91001001181,25
1001182,Name_1001182,utkarsh.gupta+1001182@idinsight.org,9001001182,Telugu,Address 1001182,Female,monitor;surveyor,3,91001001182,26
1001183,Name_1001183,utkarsh.gupta+1001183@idinsight.org,9001001183,English,Address 1001183,Male,surveyor,3,91001001183,27
1001184,Name_1001184,utkarsh.gupta+1001184@idinsight.org,9001001184,Hindi,Address 1001184,Female,monitor;surveyor,3,91001001184,28
1001185,Name_1001185,utkarsh.gupta+1001185@idinsight.org,9001001185,Telugu,Address 1001185,Male,surveyor,3,91001001185,29
1001186,Name_1001186,utkarsh.gupta+1001186@idinsight.org,9001001186,English,Address 1001186,Female,monitor;surveyor,3,91001001186,30
1001187,Name_1001187,utkarsh.gupta+1001187@idinsight.org,9001001187,Hindi,Address 1001187,Male,surveyor,3,91001001187,31
1001188,Name_1001188,utkarsh.gupta+1001188@idinsight.org,9001001188,Telugu,Address 1001188,Female,monitor;surveyor,3,91001001188,32
1001189,Name_1001189,utkarsh.gupta+1001189@idinsight.org,9001001189,English,Address 1001189,Male,surveyor,3,91001001189,33
1001190,Name_1001190,utkarsh.gupta+1001190@idinsight.org,9001001190,Hindi,Address 1001190,Female,monitor;surveyor,3,91001001190,34
1001191,Name_1001191,utkarsh.gupta+1001191@idinsight.org,9001001191,Telugu,Address 1001191,Male,surveyor,3,91001001191,35
1001192,Name_1001192,utkarsh.gupta+1001192@idinsight.org,9001001192,English,Address 1001192,Female,monitor;surveyor,3,91001001192,36
1001193,Name_1001193,utkarsh.gupta+1001193@idinsight.org,9001001193,Hindi,Address 1001193,Male,surveyor,3,91001001193,37
1001194,Name_1001194,utkarsh.gupta+1001194@idinsight.org,9001001194,Telugu,Address 1001194,Female,monitor;surveyor,3,91001001194,38
1001195,Name_1001195,utkarsh.gupta+1001195@idinsight.org,9001001195,English,Address 1001195,Male,surveyor,3,91001001195,39
1001196,Name_1001196,utkarsh.gupta+1001196@idinsight.org,9001001196,Hindi,Address 1001196,Female,monitor;surveyor,3,91001001196,40
1001197,Name_1001197,utkarsh.gupta+1001197@idinsight.org,9001001197,Telugu,Address 1001197,Male,surveyor,3,91001001197,41
1001198,Name_1001198,utkarsh.gupta+1001198@idinsight.org,9001001198,English,Address 1001198,Female,monitor;surveyor,3,91001001198,42
1001199,Name_1001199,utkarsh.gupta+1001199@idinsight.org,9001001199,Hindi,Address 1001199,Male,surveyor,3,91001001199,43
1001200,Name_1001200,utkarsh.gupta+1001200@idinsight.org,9001001200,Telugu,Address 1001200,Female,monitor;surveyor,3,91001001200,44
1001201,Name_1001201,utkarsh.gupta+1001201@idinsight.org,9001001201,English,Address 1001201,Male,surveyor,3,91001001201,25
1001202,Name_1001202,utkarsh.gupta+1001202@idinsight.org,9001001202,Hindi,Address 1001202,Female,monitor;surveyor,3,91001001202,26
1001203,Name_1001203,utkarsh.gupta+1001203@idinsight.org,9001001203,Telugu,Address 1001203,Male,surveyor,3,91001001203,27
1001204,Name_1001204,utkarsh.gupta+1001204@idinsight.org,9001001204,English,Address 1001204,Female,monitor;surveyor,3,91001001204,28
1001205,Name_1001205,utkarsh.gupta+1001205@idinsight.org,9001001205,Hindi,Address 1001205,Male,surveyor,3,91001001205,29
1001206,Name_1001206,utkarsh.gupta+1001206@idinsight.org,9001001206,Telugu,Address 1001206,Female,monitor;surveyor,3,91001001206,30
1001207,Name_1001207,utkarsh.gupta+1001207@idinsight.org,9001001207,English,Address 1001207,Male,surveyor,3,91001001207,31
1001208,Name_1001208,utkarsh.gupta+1001208@idinsight.org,9001001208,Hindi,Address 1001208,Female,monitor;surveyor,3,91001001208,32
1001209,Name_1001209,utkarsh.gupta+1001209@idinsight.org,9001001209,Telugu,Address 1001209,Male,surveyor,3,91001001209,33
1001210,Name_1001210,utkarsh.gupta+1001210@idinsight.org,9001001210,English,Address 1001210,Female,monitor;surveyor,3,91001001210,34
1001211,Name_1001211,utkarsh.gupta+1001211@idinsight.org,9001001211,Hindi,Address 1001211,Male,surveyor,3,91001001211,35
1001212,Name_1001212,utkarsh.gupta+1001212@idinsight.org,9001001212,Telugu,Address 1001212,Female,monitor;surveyor,3,91001001212,36
1001213,Name_1001213,utkarsh.gupta+1001213@idinsight.org,9001001213,English,Address 1001213,Male,surveyor,3,91001001213,37
1001214,Name_1001214,utkarsh.gupta+1001214@idinsight.org,9001001214,Hindi,Address 1001214,Female,monitor;surveyor,3,91001001214,38
1001215,Name_1001215,utkarsh.gupta+1001215@idinsight.org,9001001215,Telugu,Address 1001215,Male,surveyor,3,91001001215,39
1001216,Name_1001216,utkarsh.gupta+1001216@idinsight.org,9001001216,English,Address 1001216,Female,monitor;surveyor,3,91001001216,40
1001217,Name_1001217,utkarsh.gupta+1001217@idinsight.org,9001001217,Hindi,Address 1001217,Male,surveyor,3,91001001217,41
1001218,Name_1001218,utkarsh.gupta+1001218@idinsight.org,9001001218,Telugu,Address 1001218,Female,monitor;surveyor,3,91001001218,42
1001219,Name_1001219,utkarsh.gupta+1001219@idinsight.org,9001001219,English,Address 1001219,Male,surveyor,3,91001001219,43
1001220,Name_1001220,utkarsh.gupta+1001220@idinsight.org,9001001220,Hindi,Address 1001220,Female,monitor;surveyor,3,91001001220,44
1001221,Name_1001221,utkarsh.gupta+1001221@idinsight.org,9001001221,Telugu,Address 1001221,Male,surveyor,3,91001001221,25
1001222,Name_1001222,utkarsh.gupta+1001222@idinsight.org,9001001222,English,Address 1001222,Female,monitor;surveyor,3,91001001222,26
1001223,Name_1001223,utkarsh.gupta+1001223@idinsight.org,9001001223,Hindi,Address 1001223,Male,surveyor,3,91001001223,27
1001224,Name_1001224,utkarsh.gupta+1001224@idinsight.org,9001001224,Telugu,Address 1001224,Female,monitor;surveyor,3,91001001224,28
1001225,Name_1001225,utkarsh.gupta+1001225@idinsight.org,9001001225,English,Address 1001225,Male,surveyor,3,91001001225,29
1001226,Name_1001226,utkarsh.gupta+1001226@idinsight.org,9001001226,Hindi,Address 1001226,Female,monitor;surveyor,3,91001001226,30
1001227,Name_1001227,utkarsh.gupta+1001227@idinsight.org,9001001227,Telugu,Address 1001227,Male,surveyor,3,91001001227,31
1001228,Name_1001228,utkarsh.gupta+1001228@idinsight.org,9001001228,English,Address 1001228,Female,monitor;surveyor,3,91001001228,32
1001229,Name_1001229,utkarsh.gupta+1001229@idinsight.org,9001001229,Hindi,Address 1001229,Male,surveyor,3,91001001229,33
1001230,Name_1001230,utkarsh.gupta+1001230@idinsight.org,9001001230,Telugu,Address 1001230,Female,monitor;surveyor,3,91001001230,34
1001231,Name_1001231,utkarsh.gupta+1001231@idinsight.org,9001001231,English,Address 1001231,Male,surveyor,3,91001001231,35
1001232,Name_1001232,utkarsh.gupta+1001232@idinsight.org,9001001232,Hindi,Address 1001232,Female,monitor;surveyor,3,91001001232,36
1001233,Name_1001233,utkarsh.gupta+1001233@idinsight.org,9001001233,Telugu,Address 1001233,Male,surveyor,3,91001001233,37
1001234,Name_1001234,utkarsh.gupta+1001234@idinsight.org,9001001234,English,Address 1001234,Female,monitor;surveyor,3,91001001234,38
1001235,Name_1001235,utkarsh.gupta+1001235@idinsight.org,9001001235,Hindi,Address 1001235,Male,surveyor,3,91001001235,39
1001236,Name_1001236,utkarsh.gupta+1001236@idinsight.org,9001001236,Telugu,Address 1001236,Female,monitor;surveyor,3,91001001236,40
1001237,Name_1001237,utkarsh.gupta+1001237@idinsight.org,9001001237,English,Address 1001237,Male,surveyor,3,91001001237,41
1001238,Name_1001238,utkarsh.gupta+1001238@idinsight.org,9001001238,Hindi,Address 1001238,Female,monitor;surveyor,3,91001001238,42
1001239,Name_1001239,utkarsh.gupta+1001239@idinsight.org,9001001239,Telugu,Address 1001239,Male,surveyor,3,91001001239,43
1001240,Name_1001240,utkarsh.gupta+1001240@idinsight.org,9001001240,English,Address 1001240,Female,monitor;surveyor,3,91001001240,44
1001241,Name_1001241,utkarsh.gupta+1001241@idinsight.org,9001001241,Hindi,Address 1001241,Male,surveyor,3,91001001241,25
1001242,Name_1001242,utkarsh.gupta+1001242@idinsight.org,9001001242,Telugu,Address 1001242,Female,monitor;surveyor,3,91001001242,26
1001243,Name_1001243,utkarsh.gupta+1001243@idinsight.org,9001001243,English,Address 1001243,Male,surveyor,3,91001001243,27
1001244,Name_1001244,utkarsh.gupta+1001244@idinsight.org,9001001244,Hindi,Address 1001244,Female,monitor;surveyor,3,91001001244,28
1001245,Name_1001245,utkarsh.gupta+1001245@idinsight.org,9001001245,Telugu,Address 1001245,Male,surveyor,3,91001001245,29
1001246,Name_1001246,utkarsh.gupta+1001246@idinsight.org,9001001246,English,Address 1001246,Female,monitor;surveyor,3,91001001246,30
1001247,Name_1001247,utkarsh.gupta+1001247@idinsight.org,9001001247,Hindi,Address 1001247,Male,surveyor,3,91001001247,31
1001248,Name_1001248,utkarsh.gupta+1001248@idinsight.org,9001001248,Telugu,Address 1001248,Female,monitor;surveyor,3,91001001248,32
1001249,Name_1001249,utkarsh.gupta+1001249@idinsight.org,9001001249,English,Address 1001249,Male,surveyor,3,91001001249,33
1001250,Name_1001250,utkarsh.gupta+1001250@idinsight.org,9001001250,Hindi,Address 1001250,Female,monitor;surveyor,3,91001001250,34
1001251,Name_1001251,utkarsh.gupta+1001251@idinsight.org,9001001251,Telugu,Address 1001251,Male,surveyor,3,91001001251,35
1001252,Name_1001252,utkarsh.gupta+1001252@idinsight.org,9001001252,English,Address 1001252,Female,monitor;surveyor,3,91001001252,36
1001253,Name_1001253,utkarsh.gupta+1001253@idinsight.org,9001001253,Hindi,Address 1001253,Male,surveyor,3,91001001253,37
1001254,Name_1001254,utkarsh.gupta+1001254@idinsight.org,9001001254,Telugu,Address 1001254,Female,monitor;surveyor,3,91001001254,38
1001255,Name_1001255,utkarsh.gupta+1001255@idinsight.org,9001001255,English,Address 1001255,Male,surveyor,3,91001001255,39
1001256,Name_1001256,utkarsh.gupta+1001256@idinsight.org,9001001256,Hindi,Address 1001256,Female,monitor;surveyor,3,91001001256,40
1001257,Name_1001257,utkarsh.gupta+1001257@idinsight.org,9001001257,Telugu,Address 1001257,Male,surveyor,3,91001001257,41
1001258,Name_1001258,utkarsh.gupta+1001258@idinsight.org,9001001258,English,Address 1001258,Female,monitor;surveyor,3,91001001258,42
1001259,Name_1001259,utkarsh.gupta+1001259@idinsight.org,9001001259,Hindi,Address 1001259,Male,surveyor,3,91001001259,43
1001260,Name_1001260,utkarsh.gupta+1001260@idinsight.org,9001001260,Telugu,Address 1001260,Female,monitor;surveyor,3,91001001260,44
1001261,Name_1001261,utkarsh.gupta+1001261@idinsight.org,9001001261,English,Address 1001261,Male,surveyor,3,91001001261,25
1001262,Name_1001262,utkarsh.gupta+1001262@idinsight.org,9001001262,Hindi,Address 1001262,Female,monitor;surveyor,3,91001001262,26
1001263,Name_1001263,utkarsh.gupta+1001263@idinsight.org,9001001263,Telugu,Address 1001263,Male,surveyor,3,91001001263,27
1001264,Name_1001264,utkarsh.gupta+1001264@idinsight.org,9001001264,English,Address 1001264,Female,monitor;surveyor,3,91001001264,28
1001265,Name_1001265,utkarsh.gupta+1001265@idinsight.org,9001001265,Hindi,Address 1001265,Male,surveyor,3,91001001265,29
1001266,Name_1001266,utkarsh.gupta+1001266@idinsight.org,9001001266,Telugu,Address 1001266,Female,monitor;surveyor,3,91001001266,30
1001267,Name_1001267,utkarsh.gupta+1001267@idinsight.org,9001001267,English,Address 1001267,Male,surveyor,3,91001001267,31
1001268,Name_1001268,utkarsh.gupta+1001268@idinsight.org,9001001268,Hindi,Address 1001268,Female,monitor;surveyor,3,91001001268,32
1001269,Name_1001269,utkarsh.gupta+1001269@idinsight.org,9001001269,Telugu,Address 1001269,Male,surveyor,3,91001001269,33
1001270,Name_1001270,utkarsh.gupta+1001270@idinsight.org,9001001270,English,Address 1001270,Female,monitor;surveyor,3,91001001270,34
1001271,Name_1001271,utkarsh.gupta+1001271@idinsight.org,9001001271,Hindi,Address 1001271,Male,surveyor,3,91001001271,35
1001272,Name_1001272,utkarsh.gupta+1001272@idinsight.org,9001001272,Telugu,Address 1001272,Female,monitor;surveyor,3,91001001272,36
1001273,Name_1001273,utkarsh.gupta+1001273@idinsight.org,9001001273,English,Address 1001273,Male,surveyor,3,91001001273,37
1001274,Name_1001274,utkarsh.gupta+1001274@idinsight.org,9001001274,Hindi,Address 1001274,Female,monitor;surveyor,3,91001001274,38
1001275,Name_1001275,utkarsh.gupta+1001275@idinsight.org,9001001275,Telugu,Address 1001275,Male,surveyor,3,91001001275,39
1001276,Name_1001276,utkarsh.gupta+1001276@idinsight.org,9001001276,English,Address 1001276,Female,monitor;surveyor,3,91001001276,40
1001277,Name_1001277,utkarsh.gupta+1001277@idinsight.org,9001001277,Hindi,Address 1001277,Male,surveyor,3,91001001277,41
1001278,Name_1001278,utkarsh.gupta+1001278@idinsight.org,9001001278,Telugu,Address 1001278,Female,monitor;surveyor,3,91001001278,42
1001279,Name_1001279,utkarsh.gupta+1001279@idinsight.org,9001001279,English,Address 1001279,Male,surveyor,3,91001001279,43
1001280,Name_1001280,utkarsh.gupta+1001280@idinsight.org,9001001280,Hindi,Address 1001280,Female,monitor;surveyor,3,91001001280,44
1001281,Name_1001281,utkarsh.gupta+1001281@idinsight.org,9001001281,Telugu,Address 1001281,Male,surveyor,3,91001001281,25
1001282,Name_1001282,utkarsh.gupta+1001282@idinsight.org,9001001282,English,Address 1001282,Female,monitor;surveyor,3,91001001282,26
1001283,Name_1001283,utkarsh.gupta+1001283@idinsight.org,9001001283,Hindi,Address 1001283,Male,surveyor,3,91001001283,27
1001284,Name_1001284,utkarsh.gupta+1001284@idinsight.org,9001001284,Telugu,Address 1001284,Female,monitor;surveyor,3,91001001284,28
1001285,Name_1001285,utkarsh.gupta+1001285@idinsight.org,9001001285,English,Address 1001285,Male,surveyor,3,91001001285,29
1001286,Name_1001286,utkarsh.gupta+1001286@idinsight.org,9001001286,Hindi,Address 1001286,Female,monitor;surveyor,3,91001001286,30
1001287,Name_1001287,utkarsh.gupta+1001287@idinsight.org,9001001287,Telugu,Address 1001287,Male,surveyor,3,91001001287,31
1001288,Name_1001288,utkarsh.gupta+1001288@idinsight.org,9001001288,English,Address 1001288,Female,monitor;surveyor,3,91001001288,32
1001289,Name_1001289,utkarsh.gupta+1001289@idinsight.org,9001001289,Hindi,Address 1001289,Male,surveyor,3,91001001289,33
1001290,Name_1001290,utkarsh.gupta+1001290@idinsight.org,9001001290,Telugu,Address 1001290,Female,monitor;surveyor,3,91001001290,34
1001291,Name_1001291,utkarsh.gupta+1001291@idinsight.org,9001001291,English,Address 1001291,Male,surveyor,3,91001001291,35
1001292,Name_1001292,utkarsh.gupta+1001292@idinsight.org,9001001292,Hindi,Address 1001292,Female,monitor;surveyor,3,91001001292,36
1001293,Name_1001293,utkarsh.gupta+1001293@idinsight.org,9001001293,Telugu,Address 1001293,Male,surveyor,3,91001001293,37
1001294,Name_1001294,utkarsh.gupta+1001294@idinsight.org,9001001294,English,Address 1001294,Female,monitor;surveyor,3,91001001294,38
1001295,Name_1001295,utkarsh.gupta+1001295@idinsight.org,9001001295,Hindi,Address 1001295,Male,surveyor,3,91001001295,39
1001296,Name_1001296,utkarsh.gupta+1001296@idinsight.org,9001001296,Telugu,Address 1001296,Female,monitor;surveyor,3,91001001296,40
1001297,Name_1001297,utkarsh.gupta+1001297@idinsight.org,9001001297,English,Address 1001297,Male,surveyor,3,91001001297,41
1001298,Name_1001298,utkarsh.gupta+1001298@idinsight.org,9001001298,Hindi,Address 1001298,Female,monitor;surveyor,3,91001001298,42
1001299,Name_1001299,utkarsh.gupta+1001299@idinsight.org,9001001299,Telugu,Address 1001299,Male,surveyor,3,91001001299,43
1001300,Name_1001300,utkarsh.gupta+1001300@idinsight.org,9001001300,English,Address 1001300,Female,monitor;surveyor,3,91001001300,44
1001301,Name_1001301,utkarsh.gupta+1001301@idinsight.org,9001001301,Hindi,Address 1001301,Male,surveyor,3,91001001301,25
1001302,Name_1001302,utkarsh.gupta+1001302@idinsight.org,9001001302,Telugu,Address 1001302,Female,monitor;surveyor,3,91001001302,26
1001303,Name_1001303,utkarsh.gupta+1001303@idinsight.org,9001001303,English,Address 1001303,Male,surveyor,3,91001001303,27
1001304,Name_1001304,utkarsh.gupta+1001304@idinsight.org,9001001304,Hindi,Address 1001304,Female,monitor;surveyor,3,91001001304,28
1001305,Name_1001305,utkarsh.gupta+1001305@idinsight.org,9001001305,Telugu,Address 1001305,Male,surveyor,3,91001001305,29
1001306,Name_1001306,utkarsh.gupta+1001306@idinsight.org,9001001306,English,Address 1001306,Female,monitor;surveyor,3,91001001306,30
1001307,Name_1001307,utkarsh.gupta+1001307@idinsight.org,9001001307,Hindi,Address 1001307,Male,surveyor,3,91001001307,31
1001308,Name_1001308,utkarsh.gupta+1001308@idinsight.org,9001001308,Telugu,Address 1001308,Female,monitor;surveyor,3,91001001308,32
1001309,Name_1001309,utkarsh.gupta+1001309@idinsight.org,9001001309,English,Address 1001309,Male,surveyor,3,91001001309,33
1001310,Name_1001310,utkarsh.gupta+1001310@idinsight.org,9001001310,Hindi,Address 1001310,Female,monitor;surveyor,3,91001001310,34
1001311,Name_1001311,utkarsh.gupta+1001311@idinsight.org,9001001311,Telugu,Address 1001311,Male,surveyor,3,91001001311,35
1001312,Name_1001312,utkarsh.gupta+1001312@idinsight.org,9001001312,English,Address 1001312,Female,monitor;surveyor,3,91001001312,36
1001313,Name_1001313,utkarsh.gupta+1001313@idinsight.org,9001001313,Hindi,Address 1001313,Male,surveyor,3,91001001313,37
1001314,Name_1001314,utkarsh.gupta+1001314@idinsight.org,9001001314,Telugu,Address 1001314,Female,monitor;surveyor,3,91001001314,38
1001315,Name_1001315,utkarsh.gupta+1001315@idinsight.org,9001001315,English,Address 1001315,Male,surveyor,3,91001001315,39
1001316,Name_1001316,utkarsh.gupta+1001316@idinsight.org,9001001316,Hindi,Address 1001316,Female,monitor;surveyor,3,91001001316,40
1001317,Name_1001317,utkarsh.gupta+1001317@idinsight.org,9001001317,Telugu,Address 1001317,Male,surveyor,3,91001001317,41
1001318,Name_1001318,utkarsh.gupta+1001318@idinsight.org,9001001318,English,Address 1001318,Female,monitor;surveyor,3,91001001318,42
1001319,Name_1001319,utkarsh.gupta+1001319@idinsight.org,9001001319,Hindi,Address 1001319,Male,surveyor,3,91001001319,43
1001320,Name_1001320,utkarsh.gupta+1001320@idinsight.org,9001001320,Telugu,Address 1001320,Female,monitor;surveyor,3,91001001320,44
1001321,Name_1001321,utkarsh.gupta+1001321@idinsight.org,9001001321,English,Address 1001321,Male,surveyor,3,91001001321,25
1001322,Name_1001322,utkarsh.gupta+1001322@idinsight.org,9001001322,Hindi,Address 1001322,Female,monitor;surveyor,3,91001001322,26
1001323,Name_1001323,utkarsh.gupta+1001323@idinsight.org,9001001323,Telugu,Address 1001323,Male,surveyor,3,91001001323,27
1001324,Name_1001324,utkarsh.gupta+1001324@idinsight.org,9001001324,English,Address 1001324,Female,monitor;surveyor,3,91001001324,28
1001325,Name_1001325,utkarsh.gupta+1001325@idinsight.org,9001001325,Hindi,Address 1001325,Male,surveyor,3,91001001325,29
1001326,Name_1001326,utkarsh.gupta+1001326@idinsight.org,9001001326,Telugu,Address 1001326,Female,monitor;surveyor,3,91001001326,30
1001327,Name_1001327,utkarsh.gupta+1001327@idinsight.org,9001001327,English,Address 1001327,Male,surveyor,3,91001001327,31
1001328,Name_1001328,utkarsh.gupta+1001328@idinsight.org,9001001328,Hindi,Address 1001328,Female,monitor;surveyor,3,91001001328,32
1001329,Name_1001329,utkarsh.gupta+1001329@idinsight.org,9001001329,Telugu,Address 1001329,Male,surveyor,3,91001001329,33
1001330,Name_1001330,utkarsh.gupta+1001330@idinsight.org,9001001330,English,Address 1001330,Female,monitor;surveyor,3,91001001330,34
1001331,Name_1001331,utkarsh.gupta+1001331@idinsight.org,9001001331,Hindi,Address 1001331,Male,surveyor,3,91001001331,35
1001332,Name_1001332,utkarsh.gupta+1001332@idinsight.org,9001001332,Telugu,Address 1001332,Female,monitor;surveyor,3,91001001332,36
1001333,Name_1001333,utkarsh.gupta+1001333@idinsight.org,9001001333,English,Address 1001333,Male,surveyor,3,91001001333,37
1001334,Name_1001334,utkarsh.gupta+1001334@idinsight.org,9001001334,Hindi,Address 1001334,Female,monitor;surveyor,3,91001001334,38
1001335,Name_1001335,utkarsh.gupta+1001335@idinsight.org,9001001335,Telugu,Address 1001335,Male,surveyor,3,91001001335,39
1001336,Name_1001336,utkarsh.gupta+1001336@idinsight.org,9001001336,English,Address 1001336,Female,monitor;surveyor,3,91001001336,40
1001337,Name_1001337,utkarsh.gupta+1001337@idinsight.org,9001001337,Hindi,Address 1001337,Male,surveyor,3,91001001337,41
1001338,Name_1001338,utkarsh.gupta+1001338@idinsight.org,9001001338,Telugu,Address 1001338,Female,monitor;surveyor,3,91001001338,42
1001339,Name_1001339,utkarsh.gupta+1001339@idinsight.org,9001001339,English,Address 1001339,Male,surveyor,3,91001001339,43
1001340,Name_1001340,utkarsh.gupta+1001340@idinsight.org,9001001340,Hindi,Address 1001340,Female,monitor;surveyor,3,91001001340,44
1001341,Name_1001341,utkarsh.gupta+1001341@idinsight.org,9001001341,Telugu,Address 1001341,Male,surveyor,3,91001001341,25
1001342,Name_1001342,utkarsh.gupta+1001342@idinsight.org,9001001342,English,Address 1001342,Female,monitor;surveyor,3,91001001342,26
1001343,Name_1001343,utkarsh.gupta+1001343@idinsight.org,9001001343,Hindi,Address 1001343,Male,surveyor,3,91001001343,27
1001344,Name_1001344,utkarsh.gupta+1001344@idinsight.org,9001001344,Telugu,Address 1001344,Female,monitor;surveyor,3,91001001344,28
1001345,Name_1001345,utkarsh.gupta+1001345@idinsight.org,9001001345,English,Address 1001345,Male,surveyor,3,91001001345,29
1001346,Name_1001346,utkarsh.gupta+1001346@idinsight.org,9001001346,Hindi,Address 1001346,Female,monitor;surveyor,3,91001001346,30
1001347,Name_1001347,utkarsh.gupta+1001347@idinsight.org,9001001347,Telugu,Address 1001347,Male,surveyor,3,91001001347,31
1001348,Name_1001348,utkarsh.gupta+1001348@idinsight.org,9001001348,English,Address 1001348,Female,monitor;surveyor,3,91001001348,32
1001349,Name_1001349,utkarsh.gupta+1001349@idinsight.org,9001001349,Hindi,Address 1001349,Male,surveyor,3,91001001349,33
1001350,Name_1001350,utkarsh.gupta+1001350@idinsight.org,9001001350,Telugu,Address 1001350,Female,monitor;surveyor,3,91001001350,34
1001351,Name_1001351,utkarsh.gupta+1001351@idinsight.org,9001001351,English,Address 1001351,Male,surveyor,3,91001001351,35
1001352,Name_1001352,utkarsh.gupta+1001352@idinsight.org,9001001352,Hindi,Address 1001352,Female,monitor;surveyor,3,91001001352,36
1001353,Name_1001353,utkarsh.gupta+1001353@idinsight.org,9001001353,Telugu,Address 1001353,Male,surveyor,3,91001001353,37
1001354,Name_1001354,utkarsh.gupta+1001354@idinsight.org,9001001354,English,Address 1001354,Female,monitor;surveyor,3,91001001354,38
1001355,Name_1001355,utkarsh.gupta+1001355@idinsight.org,9001001355,Hindi,Address 1001355,Male,surveyor,3,91001001355,39
1001356,Name_1001356,utkarsh.gupta+1001356@idinsight.org,9001001356,Telugu,Address 1001356,Female,monitor;surveyor,3,91001001356,40
1001357,Name_1001357,utkarsh.gupta+1001357@idinsight.org,9001001357,English,Address 1001357,Male,surveyor,3,91001001357,41
1001358,Name_1001358,utkarsh.gupta+1001358@idinsight.org,9001001358,Hindi,Address 1001358,Female,monitor;surveyor,3,91001001358,42
1001359,Name_1001359,utkarsh.gupta+1001359@idinsight.org,9001001359,Telugu,Address 1001359,Male,surveyor,3,91001001359,43
1001360,Name_1001360,utkarsh.gupta+1001360@idinsight.org,9001001360,English,Address 1001360,Female,monitor;surveyor,3,91001001360,44
1001361,Name_1001361,utkarsh.gupta+1001361@idinsight.org,9001001361,Hindi,Address 1001361,Male,surveyor,3,91001001361,25
1001362,Name_1001362,utkarsh.gupta+1001362@idinsight.org,9001001362,Telugu,Address 1001362,Female,monitor;surveyor,3,91001001362,26
1001363,Name_1001363,utkarsh.gupta+1001363@idinsight.org,9001001363,English,Address 1001363,Male,surveyor,3,91001001363,27
1001364,Name_1001364,utkarsh.gupta+1001364@idinsight.org,9001001364,Hindi,Address 1001364,Female,monitor;surveyor,3,91001001364,28
1001365,Name_1001365,utkarsh.gupta+1001365@idinsight.org,9001001365,Telugu,Address 1001365,Male,surveyor,3,91001001365,29
1001366,Name_1001366,utkarsh.gupta+1001366@idinsight.org,9001001366,English,Address 1001366,Female,monitor;surveyor,3,91001001366,30
1001367,Name_1001367,utkarsh.gupta+1001367@idinsight.org,9001001367,Hindi,Address 1001367,Male,surveyor,3,91001001367,31
1001368,Name_1001368,utkarsh.gupta+1001368@idinsight.org,9001001368,Telugu,Address 1001368,Female,monitor;surveyor,3,91001001368,32
1001369,Name_1001369,utkarsh.gupta+1001369@idinsight.org,9001001369,English,Address 1001369,Male,surveyor,3,91001001369,33
1001370,Name_1001370,utkarsh.gupta+1001370@idinsight.org,9001001370,Hindi,Address 1001370,Female,monitor;surveyor,3,91001001370,34
1001371,Name_1001371,utkarsh.gupta+1001371@idinsight.org,9001001371,Telugu,Address 1001371,Male,surveyor,3,91001001371,35
1001372,Name_1001372,utkarsh.gupta+1001372@idinsight.org,9001001372,English,Address 1001372,Female,monitor;surveyor,3,91001001372,36
1001373,Name_1001373,utkarsh.gupta+1001373@idinsight.org,9001001373,Hindi,Address 1001373,Male,surveyor,3,91001001373,37
1001374,Name_1001374,utkarsh.gupta+1001374@idinsight.org,9001001374,Telugu,Address 1001374,Female,monitor;surveyor,3,91001001374,38
1001375,Name_1001375,utkarsh.gupta+1001375@idinsight.org,9001001375,English,Address 1001375,Male,surveyor,3,91001001375,39
1001376,Name_1001376,utkarsh.gupta+1001376@idinsight.org,9001001376,Hindi,Address 1001376,Female,monitor;surveyor,3,91001001376,40
1001377,Name_1001377,utkarsh.gupta+1001377@idinsight.org,9001001377,Telugu,Address 1001377,Male,surveyor,3,91001001377,41
1001378,Name_1001378,utkarsh.gupta+1001378@idinsight.org,9001001378,English,Address 1001378,Female,monitor;surveyor,3,91001001378,42
1001379,Name_1001379,utkarsh.gupta+1001379@idinsight.org,9001001379,Hindi,Address 1001379,Male,surveyor,3,91001001379,43
1001380,Name_1001380,utkarsh.gupta+1001380@idinsight.org,9001001380,Telugu,Address 1001380,Female,monitor;surveyor,3,91001001380,44
1001381,Name_1001381,utkarsh.gupta+1001381@idinsight.org,9001001381,English,Address 1001381,Male,surveyor,3,91001001381,25
1001382,Name_1001382,utkarsh.gupta+1001382@idinsight.org,9001001382,Hindi,Address 1001382,Female,monitor;surveyor,3,91001001382,26
1001383,Name_1001383,utkarsh.gupta+1001383@idinsight.org,9001001383,Telugu,Address 1001383,Male,surveyor,3,91001001383,27
1001384,Name_1001384,utkarsh.gupta+1001384@idinsight.org,9001001384,English,Address 1001384,Female,monitor;surveyor,3,91001001384,28
1001385,Name_1001385,utkarsh.gupta+1001385@idinsight.org,9001001385,Hindi,Address 1001385,Male,surveyor,3,91001001385,29
1001386,Name_1001386,utkarsh.gupta+1001386@idinsight.org,9001001386,Telugu,Address 1001386,Female,monitor;surveyor,3,91001001386,30
1001387,Name_1001387,utkarsh.gupta+1001387@idinsight.org,9001001387,English,Address 1001387,Male,surveyor,3,91001001387,31
1001388,Name_1001388,utkarsh.gupta+1001388@idinsight.org,9001001388,Hindi,Address 1001388,Female,monitor;surveyor,3,91001001388,32
1001389,Name_1001389,utkarsh.gupta+1001389@idinsight.org,9001001389,Telugu,Address 1001389,Male,surveyor,3,91001001389,33
1001390,Name_1001390,utkarsh.gupta+1001390@idinsight.org,9001001390,English,Address 1001390,Female,monitor;surveyor,3,91001001390,34
1001391,Name_1001391,utkarsh.gupta+1001391@idinsight.org,9001001391,Hindi,Address 1001391,Male,surveyor,3,91001001391,35
1001392,Name_1001392,utkarsh.gupta+1001392@idinsight.org,9001001392,Telugu,Address 1001392,Female,monitor;surveyor,3,91001001392,36
1001393,Name_1001393,utkarsh.gupta+1001393@idinsight.org,9001001393,English,Address 1001393,Male,surveyor,3,91001001393,37
1001394,Name_1001394,utkarsh.gupta+1001394@idinsight.org,9001001394,Hindi,Address 1001394,Female,monitor;surveyor,3,91001001394,38
1001395,Name_1001395,utkarsh.gupta+1001395@idinsight.org,9001001395,Telugu,Address 1001395,Male,surveyor,3,91001001395,39
1001396,Name_1001396,utkarsh.gupta+1001396@idinsight.org,9001001396,English,Address 1001396,Female,monitor;surveyor,3,91001001396,40
1001397,Name_1001397,utkarsh.gupta+1001397@idinsight.org,9001001397,Hindi,Address 1001397,Male,surveyor,3,91001001397,41
1001398,Name_1001398,utkarsh.gupta+1001398@idinsight.org,9001001398,Telugu,Address 1001398,Female,monitor;surveyor,3,91001001398,42
1001399,Name_1001399,utkarsh.gupta+1001399@idinsight.org,9001001399,English,Address 1001399,Male,surveyor,3,91001001399,43
1001400,Name_1001400,utkarsh.gupta+1001400@idinsight.org,9001001400,Hindi,Address 1001400,Female,monitor;surveyor,3,91001001400,44
1001401,Name_1001401,utkarsh.gupta+1001401@idinsight.org,9001001401,Telugu,Address 1001401,Male,surveyor,3,91001001401,25
1001402,Name_1001402,utkarsh.gupta+1001402@idinsight.org,9001001402,English,Address 1001402,Female,monitor;surveyor,3,91001001402,26
1001403,Name_1001403,utkarsh.gupta+1001403@idinsight.org,9001001403,Hindi,Address 1001403,Male,surveyor,3,91001001403,27
1001404,Name_1001404,utkarsh.gupta+1001404@idinsight.org,9001001404,Telugu,Address 1001404,Female,monitor;surveyor,3,91001001404,28
1001405,Name_1001405,utkarsh.gupta+1001405@idinsight.org,9001001405,English,Address 1001405,Male,surveyor,3,91001001405,29
1001406,Name_1001406,utkarsh.gupta+1001406@idinsight.org,9001001406,Hindi,Address 1001406,Female,monitor;surveyor,3,91001001406,30
1001407,Name_1001407,utkarsh.gupta+1001407@idinsight.org,9001001407,Telugu,Address 1001407,Male,surveyor,3,91001001407,31
1001408,Name_1001408,utkarsh.gupta+1001408@idinsight.org,9001001408,English,Address 1001408,Female,monitor;surveyor,3,91001001408,32
1001409,Name_1001409,utkarsh.gupta+1001409@idinsight.org,9001001409,Hindi,Address 1001409,Male,surveyor,3,91001001409,33
1001410,Name_1001410,utkarsh.gupta+1001410@idinsight.org,9001001410,Telugu,Address 1001410,Female,monitor;surveyor,3,91001001410,34
1001411,Name_1001411,utkarsh.gupta+1001411@idinsight.org,9001001411,English,Address 1001411,Male,surveyor,3,91001001411,35
1001412,Name_1001412,utkarsh.gupta+1001412@idinsight.org,9001001412,Hindi,Address 1001412,Female,monitor;surveyor,3,91001001412,36
1001413,Name_1001413,utkarsh.gupta+1001413@idinsight.org,9001001413,Telugu,Address 1001413,Male,surveyor,3,91001001413,37
1001414,Name_1001414,utkarsh.gupta+1001414@idinsight.org,9001001414,English,Address 1001414,Female,monitor;surveyor,3,91001001414,38
1001415,Name_1001415,utkarsh.gupta+1001415@idinsight.org,9001001415,Hindi,Address 1001415,Male,surveyor,3,91001001415,39
1001416,Name_1001416,utkarsh.gupta+1001416@idinsight.org,9001001416,Telugu,Address 1001416,Female,monitor;surveyor,3,91001001416,40
1001417,Name_1001417,utkarsh.gupta+1001417@idinsight.org,9001001417,English,Address 1001417,Male,surveyor,3,91001001417,41
1001418,Name_1001418,utkarsh.gupta+1001418@idinsight.org,9001001418,Hindi,Address 1001418,Female,monitor;surveyor,3,91001001418,42
1001419,Name_1001419,utkarsh.gupta+1001419@idinsight.org,9001001419,Telugu,Address 1001419,Male,surveyor,3,91001001419,43
1001420,Name_1001420,utkarsh.gupta+1001420@idinsight.org,9001001420,English,Address 1001420,Female,monitor;surveyor,3,91001001420,44
1001421,Name_1001421,utkarsh.gupta+1001421@idinsight.org,9001001421,Hindi,Address 1001421,Male,surveyor,3,91001001421,25
1001422,Name_1001422,utkarsh.gupta+1001422@idinsight.org,9001001422,Telugu,Address 1001422,Female,monitor;surveyor,3,91001001422,26
1001423,Name_1001423,utkarsh.gupta+1001423@idinsight.org,9001001423,English,Address 1001423,Male,surveyor,3,91001001423,27
1001424,Name_1001424,utkarsh.gupta+1001424@idinsight.org,9001001424,Hindi,Address 1001424,Female,monitor;surveyor,3,91001001424,28
1001425,Name_1001425,utkarsh.gupta+1001425@idinsight.org,9001001425,Telugu,Address 1001425,Male,surveyor,3,91001001425,29
1001426,Name_1001426,utkarsh.gupta+1001426@idinsight.org,9001001426,English,Address 1001426,Female,monitor;surveyor,3,91001001426,30
1001427,Name_1001427,utkarsh.gupta+1001427@idinsight.org,9001001427,Hindi,Address 1001427,Male,surveyor,3,91001001427,31
1001428,Name_1001428,utkarsh.gupta+1001428@idinsight.org,9001001428,Telugu,Address 1001428,Female,monitor;surveyor,3,91001001428,32
1001429,Name_1001429,utkarsh.gupta+1001429@idinsight.org,9001001429,English,Address 1001429,Male,surveyor,3,91001001429,33
1001430,Name_1001430,utkarsh.gupta+1001430@idinsight.org,9001001430,Hindi,Address 1001430,Female,monitor;surveyor,3,91001001430,34
1001431,Name_1001431,utkarsh.gupta+1001431@idinsight.org,9001001431,Telugu,Address 1001431,Male,surveyor,3,91001001431,35
1001432,Name_1001432,utkarsh.gupta+1001432@idinsight.org,9001001432,English,Address 1001432,Female,monitor;surveyor,3,91001001432,36
1001433,Name_1001433,utkarsh.gupta+1001433@idinsight.org,9001001433,Hindi,Address 1001433,Male,surveyor,3,91001001433,37
1001434,Name_1001434,utkarsh.gupta+1001434@idinsight.org,9001001434,Telugu,Address 1001434,Female,monitor;surveyor,3,91001001434,38
1001435,Name_1001435,utkarsh.gupta+1001435@idinsight.org,9001001435,English,Address 1001435,Male,surveyor,3,91001001435,39
1001436,Name_1001436,utkarsh.gupta+1001436@idinsight.org,9001001436,Hindi,Address 1001436,Female,monitor;surveyor,3,91001001436,40
1001437,Name_1001437,utkarsh.gupta+1001437@idinsight.org,9001001437,Telugu,Address 1001437,Male,surveyor,3,91001001437,41
1001438,Name_1001438,utkarsh.gupta+1001438@idinsight.org,9001001438,English,Address 1001438,Female,monitor;surveyor,3,91001001438,42
1001439,Name_1001439,utkarsh.gupta+1001439@idinsight.org,9001001439,Hindi,Address 1001439,Male,surveyor,3,91001001439,43
1001440,Name_1001440,utkarsh.gupta+1001440@idinsight.org,9001001440,Telugu,Address 1001440,Female,monitor;surveyor,3,91001001440,44
1001441,Name_1001441,utkarsh.gupta+1001441@idinsight.org,9001001441,English,Address 1001441,Male,surveyor,3,91001001441,25
1001442,Name_1001442,utkarsh.gupta+1001442@idinsight.org,9001001442,Hindi,Address 1001442,Female,monitor;surveyor,3,91001001442,26
1001443,Name_1001443,utkarsh.gupta+1001443@idinsight.org,9001001443,Telugu,Address 1001443,Male,surveyor,3,91001001443,27
1001444,Name_1001444,utkarsh.gupta+1001444@idinsight.org,9001001444,English,Address 1001444,Female,monitor;surveyor,3,91001001444,28
1001445,Name_1001445,utkarsh.gupta+1001445@idinsight.org,9001001445,Hindi,Address 1001445,Male,surveyor,3,91001001445,29
1001446,Name_1001446,utkarsh.gupta+1001446@idinsight.org,9001001446,Telugu,Address 1001446,Female,monitor;surveyor,3,91001001446,30
1001447,Name_1001447,utkarsh.gupta+1001447@idinsight.org,9001001447,English,Address 1001447,Male,surveyor,3,91001001447,31
1001448,Name_1001448,utkarsh.gupta+1001448@idinsight.org,9001001448,Hindi,Address 1001448,Female,monitor;surveyor,3,91001001448,32
1001449,Name_1001449,utkarsh.gupta+1001449@idinsight.org,9001001449,Telugu,Address 1001449,Male,surveyor,3,91001001449,33
1001450,Name_1001450,utkarsh.gupta+1001450@idinsight.org,9001001450,English,Address 1001450,Female,monitor;surveyor,3,91001001450,34
1001451,Name_1001451,utkarsh.gupta+1001451@idinsight.org,9001001451,Hindi,Address 1001451,Male,surveyor,3,91001001451,35
1001452,Name_1001452,utkarsh.gupta+1001452@idinsight.org,9001001452,Telugu,Address 1001452,Female,monitor;surveyor,3,91001001452,36
1001453,Name_1001453,utkarsh.gupta+1001453@idinsight.org,9001001453,English,Address 1001453,Male,surveyor,3,91001001453,37
1001454,Name_1001454,utkarsh.gupta+1001454@idinsight.org,9001001454,Hindi,Address 1001454,Female,monitor;surveyor,3,91001001454,38
1001455,Name_1001455,utkarsh.gupta+1001455@idinsight.org,9001001455,Telugu,Address 1001455,Male,surveyor,3,91001001455,39
1001456,Name_1001456,utkarsh.gupta+1001456@idinsight.org,9001001456,English,Address 1001456,Female,monitor;surveyor,3,91001001456,40
1001457,Name_1001457,utkarsh.gupta+1001457@idinsight.org,9001001457,Hindi,Address 1001457,Male,surveyor,3,91001001457,41
1001458,Name_1001458,utkarsh.gupta+1001458@idinsight.org,9001001458,Telugu,Address 1001458,Female,monitor;surveyor,3,91001001458,42
1001459,Name_1001459,utkarsh.gupta+1001459@idinsight.org,9001001459,English,Address 1001459,Male,surveyor,3,91001001459,43
1001460,Name_1001460,utkarsh.gupta+1001460@idinsight.org,9001001460,Hindi,Address 1001460,Female,monitor;surveyor,3,91001001460,44
1001461,Name_1001461,utkarsh.gupta+1001461@idinsight.org,9001001461,Telugu,Address 1001461,Male,surveyor,3,91001001461,25
1001462,Name_1001462,utkarsh.gupta+1001462@idinsight.org,9001001462,English,Address 1001462,Female,monitor;surveyor,3,91001001462,26
1001463,Name_1001463,utkarsh.gupta+1001463@idinsight.org,9001001463,Hindi,Address 1001463,Male,surveyor,3,91001001463,27
1001464,Name_1001464,utkarsh.gupta+1001464@idinsight.org,9001001464,Telugu,Address 1001464,Female,monitor;surveyor,3,91001001464,28
1001465,Name_1001465,utkarsh.gupta+1001465@idinsight.org,9001001465,English,Address 1001465,Male,surveyor,3,91001001465,29
1001466,Name_1001466,utkarsh.gupta+1001466@idinsight.org,9001001466,Hindi,Address 1001466,Female,monitor;surveyor,3,91001001466,30
1001467,Name_1001467,utkarsh.gupta+1001467@idinsight.org,9001001467,Telugu,Address 1001467,Male,surveyor,3,91001001467,31
1001468,Name_1001468,utkarsh.gupta+1001468@idinsight.org,9001001468,English,Address 1001468,Female,monitor;surveyor,3,91001001468,32
1001469,Name_1001469,utkarsh.gupta+1001469@idinsight.org,9001001469,Hindi,Address 1001469,Male,surveyor,3,91001001469,33
1001470,Name_1001470,utkarsh.gupta+1001470@idinsight.org,9001001470,Telugu,Address 1001470,Female,monitor;surveyor,3,91001001470,34
1001471,Name_1001471,utkarsh.gupta+1001471@idinsight.org,9001001471,English,Address 1001471,Male,surveyor,3,91001001471,35
1001472,Name_1001472,utkarsh.gupta+1001472@idinsight.org,9001001472,Hindi,Address 1001472,Female,monitor;surveyor,3,91001001472,36
1001473,Name_1001473,utkarsh.gupta+1001473@idinsight.org,9001001473,Telugu,Address 1001473,Male,surveyor,3,91001001473,37
1001474,Name_1001474,utkarsh.gupta+1001474@idinsight.org,9001001474,English,Address 1001474,Female,monitor;surveyor,3,91001001474,38
1001475,Name_1001475,utkarsh.gupta+1001475@idinsight.org,9001001475,Hindi,Address 1001475,Male,surveyor,3,91001001475,39
1001476,Name_1001476,utkarsh.gupta+1001476@idinsight.org,9001001476,Telugu,Address 1001476,Female,monitor;surveyor,3,91001001476,40
1001477,Name_1001477,utkarsh.gupta+1001477@idinsight.org,9001001477,English,Address 1001477,Male,surveyor,3,91001001477,41
1001478,Name_1001478,utkarsh.gupta+1001478@idinsight.org,9001001478,Hindi,Address 1001478,Female,monitor;surveyor,3,91001001478,42
1001479,Name_1001479,utkarsh.gupta+1001479@idinsight.org,9001001479,Telugu,Address 1001479,Male,surveyor,3,91001001479,43
1001480,Name_1001480,utkarsh.gupta+1001480@idinsight.org,9001001480,English,Address 1001480,Female,monitor;surveyor,3,91001001480,44
1001481,Name_1001481,utkarsh.gupta+1001481@idinsight.org,9001001481,Hindi,Address 1001481,Male,surveyor,3,91001001481,25
1001482,Name_1001482,utkarsh.gupta+1001482@idinsight.org,9001001482,Telugu,Address 1001482,Female,monitor;surveyor,3,91001001482,26
1001483,Name_1001483,utkarsh.gupta+1001483@idinsight.org,9001001483,English,Address 1001483,Male,surveyor,3,91001001483,27
1001484,Name_1001484,utkarsh.gupta+1001484@idinsight.org,9001001484,Hindi,Address 1001484,Female,monitor;surveyor,3,91001001484,28
1001485,Name_1001485,utkarsh.gupta+1001485@idinsight.org,9001001485,Telugu,Address 1001485,Male,surveyor,3,91001001485,29
1001486,Name_1001486,utkarsh.gupta+1001486@idinsight.org,9001001486,English,Address 1001486,Female,monitor;surveyor,3,91001001486,30
1001487,Name_1001487,utkarsh.gupta+1001487@idinsight.org,9001001487,Hindi,Address 1001487,Male,surveyor,3,91001001487,31
1001488,Name_1001488,utkarsh.gupta+1001488@idinsight.org,9001001488,Telugu,Address 1001488,Female,monitor;surveyor,3,91001001488,32
1001489,Name_1001489,utkarsh.gupta+1001489@idinsight.org,9001001489,English,Address 1001489,Male,surveyor,3,91001001489,33
1001490,Name_1001490,utkarsh.gupta+1001490@idinsight.org,9001001490,Hindi,Address 1001490,Female,monitor;surveyor,3,91001001490,34
1001491,Name_1001491,utkarsh.gupta+1001491@idinsight.org,9001001491,Telugu,Address 1001491,Male,surveyor,3,91001001491,35
1001492,Name_1001492,utkarsh.gupta+1001492@idinsight.org,9001001492,English,Address 1001492,Female,monitor;surveyor,3,91001001492,36
1001493,Name_1001493,utkarsh.gupta+1001493@idinsight.org,9001001493,Hindi,Address 1001493,Male,surveyor,3,91001001493,37
1001494,Name_1001494,utkarsh.gupta+1001494@idinsight.org,9001001494,Telugu,Address 1001494,Female,monitor;surveyor,3,91001001494,38
1001495,Name_1001495,utkarsh.gupta+1001495@idinsight.org,9001001495,English,Address 1001495,Male,surveyor,3,91001001495,39
1001496,Name_1001496,utkarsh.gupta+1001496@idinsight.org,9001001496,Hindi,Address 1001496,Female,monitor;surveyor,3,91001001496,40
1001497,Name_1001497,utkarsh.gupta+1001497@idinsight.org,9001001497,Telugu,Address 1001497,Male,surveyor,3,91001001497,41
1001498,Name_1001498,utkarsh.gupta+1001498@idinsight.org,9001001498,English,Address 1001498,Female,monitor;surveyor,3,91001001498,42
1001499,Name_1001499,utkarsh.gupta+1001499@idinsight.org,9001001499,Hindi,Address 1001499,Male,surveyor,3,91001001499,43
1001500,Name_1001500,utkarsh.gupta+1001500@idinsight.org,9001001500,Telugu,Address 1001500,Female,monitor;surveyor,3,91001001500,44
1001501,Name_1001501,utkarsh.gupta+1001501@idinsight.org,9001001501,English,Address 1001501,Male,surveyor,5,91001001501,25
1001502,Name_1001502,utkarsh.gupta+1001502@idinsight.org,9001001502,Hindi,Address 1001502,Female,monitor;surveyor,5,91001001502,26
1001503,Name_1001503,utkarsh.gupta+1001503@idinsight.org,9001001503,Telugu,Address 1001503,Male,surveyor,5,91001001503,27
1001504,Name_1001504,utkarsh.gupta+1001504@idinsight.org,9001001504,English,Address 1001504,Female,monitor;surveyor,5,91001001504,28
1001505,Name_1001505,utkarsh.gupta+1001505@idinsight.org,9001001505,Hindi,Address 1001505,Male,surveyor,5,91001001505,29
1001506,Name_1001506,utkarsh.gupta+1001506@idinsight.org,9001001506,Telugu,Address 1001506,Female,monitor;surveyor,5,91001001506,30
1001507,Name_1001507,utkarsh.gupta+1001507@idinsight.org,9001001507,English,Address 1001507,Male,surveyor,5,91001001507,31
1001508,Name_1001508,utkarsh.gupta+1001508@idinsight.org,9001001508,Hindi,Address 1001508,Female,monitor;surveyor,5,91001001508,32
1001509,Name_1001509,utkarsh.gupta+1001509@idinsight.org,9001001509,Telugu,Address 1001509,Male,surveyor,5,91001001509,33
1001510,Name_1001510,utkarsh.gupta+1001510@idinsight.org,9001001510,English,Address 1001510,Female,monitor;surveyor,5,91001001510,34
1001511,Name_1001511,utkarsh.gupta+1001511@idinsight.org,9001001511,Hindi,Address 1001511,Male,surveyor,5,91001001511,35
1001512,Name_1001512,utkarsh.gupta+1001512@idinsight.org,9001001512,Telugu,Address 1001512,Female,monitor;surveyor,5,91001001512,36
1001513,Name_1001513,utkarsh.gupta+1001513@idinsight.org,9001001513,English,Address 1001513,Male,surveyor,5,91001001513,37
1001514,Name_1001514,utkarsh.gupta+1001514@idinsight.org,9001001514,Hindi,Address 1001514,Female,monitor;surveyor,5,91001001514,38
1001515,Name_1001515,utkarsh.gupta+1001515@idinsight.org,9001001515,Telugu,Address 1001515,Male,surveyor,5,91001001515,39
1001516,Name_1001516,utkarsh.gupta+1001516@idinsight.org,9001001516,English,Address 1001516,Female,monitor;surveyor,5,91001001516,40
1001517,Name_1001517,utkarsh.gupta+1001517@idinsight.org,9001001517,Hindi,Address 1001517,Male,surveyor,5,91001001517,41
1001518,Name_1001518,utkarsh.gupta+1001518@idinsight.org,9001001518,Telugu,Address 1001518,Female,monitor;surveyor,5,91001001518,42
1001519,Name_1001519,utkarsh.gupta+1001519@idinsight.org,9001001519,English,Address 1001519,Male,surveyor,5,91001001519,43
1001520,Name_1001520,utkarsh.gupta+1001520@idinsight.org,9001001520,Hindi,Address 1001520,Female,monitor;surveyor,5,91001001520,44
1001521,Name_1001521,utkarsh.gupta+1001521@idinsight.org,9001001521,Telugu,Address 1001521,Male,surveyor,5,91001001521,25
1001522,Name_1001522,utkarsh.gupta+1001522@idinsight.org,9001001522,English,Address 1001522,Female,monitor;surveyor,5,91001001522,26
1001523,Name_1001523,utkarsh.gupta+1001523@idinsight.org,9001001523,Hindi,Address 1001523,Male,surveyor,5,91001001523,27
1001524,Name_1001524,utkarsh.gupta+1001524@idinsight.org,9001001524,Telugu,Address 1001524,Female,monitor;surveyor,5,91001001524,28
1001525,Name_1001525,utkarsh.gupta+1001525@idinsight.org,9001001525,English,Address 1001525,Male,surveyor,5,91001001525,29
1001526,Name_1001526,utkarsh.gupta+1001526@idinsight.org,9001001526,Hindi,Address 1001526,Female,monitor;surveyor,5,91001001526,30
1001527,Name_1001527,utkarsh.gupta+1001527@idinsight.org,9001001527,Telugu,Address 1001527,Male,surveyor,5,91001001527,31
1001528,Name_1001528,utkarsh.gupta+1001528@idinsight.org,9001001528,English,Address 1001528,Female,monitor;surveyor,5,91001001528,32
1001529,Name_1001529,utkarsh.gupta+1001529@idinsight.org,9001001529,Hindi,Address 1001529,Male,surveyor,5,91001001529,33
1001530,Name_1001530,utkarsh.gupta+1001530@idinsight.org,9001001530,Telugu,Address 1001530,Female,monitor;surveyor,5,91001001530,34
1001531,Name_1001531,utkarsh.gupta+1001531@idinsight.org,9001001531,English,Address 1001531,Male,surveyor,5,91001001531,35
1001532,Name_1001532,utkarsh.gupta+1001532@idinsight.org,9001001532,Hindi,Address 1001532,Female,monitor;surveyor,5,91001001532,36
1001533,Name_1001533,utkarsh.gupta+1001533@idinsight.org,9001001533,Telugu,Address 1001533,Male,surveyor,5,91001001533,37
1001534,Name_1001534,utkarsh.gupta+1001534@idinsight.org,9001001534,English,Address 1001534,Female,monitor;surveyor,5,91001001534,38
1001535,Name_1001535,utkarsh.gupta+1001535@idinsight.org,9001001535,Hindi,Address 1001535,Male,surveyor,5,91001001535,39
1001536,Name_1001536,utkarsh.gupta+1001536@idinsight.org,9001001536,Telugu,Address 1001536,Female,monitor;surveyor,5,91001001536,40
1001537,Name_1001537,utkarsh.gupta+1001537@idinsight.org,9001001537,English,Address 1001537,Male,surveyor,5,91001001537,41
1001538,Name_1001538,utkarsh.gupta+1001538@idinsight.org,9001001538,Hindi,Address 1001538,Female,monitor;surveyor,5,91001001538,42
1001539,Name_1001539,utkarsh.gupta+1001539@idinsight.org,9001001539,Telugu,Address 1001539,Male,surveyor,5,91001001539,43
1001540,Name_1001540,utkarsh.gupta+1001540@idinsight.org,9001001540,English,Address 1001540,Female,monitor;surveyor,5,91001001540,44
1001541,Name_1001541,utkarsh.gupta+1001541@idinsight.org,9001001541,Hindi,Address 1001541,Male,surveyor,5,91001001541,25
1001542,Name_1001542,utkarsh.gupta+1001542@idinsight.org,9001001542,Telugu,Address 1001542,Female,monitor;surveyor,5,91001001542,26
1001543,Name_1001543,utkarsh.gupta+1001543@idinsight.org,9001001543,English,Address 1001543,Male,surveyor,5,91001001543,27
1001544,Name_1001544,utkarsh.gupta+1001544@idinsight.org,9001001544,Hindi,Address 1001544,Female,monitor;surveyor,5,91001001544,28
1001545,Name_1001545,utkarsh.gupta+1001545@idinsight.org,9001001545,Telugu,Address 1001545,Male,surveyor,5,91001001545,29
1001546,Name_1001546,utkarsh.gupta+1001546@idinsight.org,9001001546,English,Address 1001546,Female,monitor;surveyor,5,91001001546,30
1001547,Name_1001547,utkarsh.gupta+1001547@idinsight.org,9001001547,Hindi,Address 1001547,Male,surveyor,5,91001001547,31
1001548,Name_1001548,utkarsh.gupta+1001548@idinsight.org,9001001548,Telugu,Address 1001548,Female,monitor;surveyor,5,91001001548,32
1001549,Name_1001549,utkarsh.gupta+1001549@idinsight.org,9001001549,English,Address 1001549,Male,surveyor,5,91001001549,33
1001550,Name_1001550,utkarsh.gupta+1001550@idinsight.org,9001001550,Hindi,Address 1001550,Female,monitor;surveyor,5,91001001550,34
1001551,Name_1001551,utkarsh.gupta+1001551@idinsight.org,9001001551,Telugu,Address 1001551,Male,surveyor,5,91001001551,35
1001552,Name_1001552,utkarsh.gupta+1001552@idinsight.org,9001001552,English,Address 1001552,Female,monitor;surveyor,5,91001001552,36
1001553,Name_1001553,utkarsh.gupta+1001553@idinsight.org,9001001553,Hindi,Address 1001553,Male,surveyor,5,91001001553,37
1001554,Name_1001554,utkarsh.gupta+1001554@idinsight.org,9001001554,Telugu,Address 1001554,Female,monitor;surveyor,5,91001001554,38
1001555,Name_1001555,utkarsh.gupta+1001555@idinsight.org,9001001555,English,Address 1001555,Male,surveyor,5,91001001555,39
1001556,Name_1001556,utkarsh.gupta+1001556@idinsight.org,9001001556,Hindi,Address 1001556,Female,monitor;surveyor,5,91001001556,40
1001557,Name_1001557,utkarsh.gupta+1001557@idinsight.org,9001001557,Telugu,Address 1001557,Male,surveyor,5,91001001557,41
1001558,Name_1001558,utkarsh.gupta+1001558@idinsight.org,9001001558,English,Address 1001558,Female,monitor;surveyor,5,91001001558,42
1001559,Name_1001559,utkarsh.gupta+1001559@idinsight.org,9001001559,Hindi,Address 1001559,Male,surveyor,5,91001001559,43
1001560,Name_1001560,utkarsh.gupta+1001560@idinsight.org,9001001560,Telugu,Address 1001560,Female,monitor;surveyor,5,91001001560,44
1001561,Name_1001561,utkarsh.gupta+1001561@idinsight.org,9001001561,English,Address 1001561,Male,surveyor,5,91001001561,25
1001562,Name_1001562,utkarsh.gupta+1001562@idinsight.org,9001001562,Hindi,Address 1001562,Female,monitor;surveyor,5,91001001562,26
1001563,Name_1001563,utkarsh.gupta+1001563@idinsight.org,9001001563,Telugu,Address 1001563,Male,surveyor,5,91001001563,27
1001564,Name_1001564,utkarsh.gupta+1001564@idinsight.org,9001001564,English,Address 1001564,Female,monitor;surveyor,5,91001001564,28
1001565,Name_1001565,utkarsh.gupta+1001565@idinsight.org,9001001565,Hindi,Address 1001565,Male,surveyor,5,91001001565,29
1001566,Name_1001566,utkarsh.gupta+1001566@idinsight.org,9001001566,Telugu,Address 1001566,Female,monitor;surveyor,5,91001001566,30
1001567,Name_1001567,utkarsh.gupta+1001567@idinsight.org,9001001567,English,Address 1001567,Male,surveyor,5,91001001567,31
1001568,Name_1001568,utkarsh.gupta+1001568@idinsight.org,9001001568,Hindi,Address 1001568,Female,monitor;surveyor,5,91001001568,32
1001569,Name_1001569,utkarsh.gupta+1001569@idinsight.org,9001001569,Telugu,Address 1001569,Male,surveyor,5,91001001569,33
1001570,Name_1001570,utkarsh.gupta+1001570@idinsight.org,9001001570,English,Address 1001570,Female,monitor;surveyor,5,91001001570,34
1001571,Name_1001571,utkarsh.gupta+1001571@idinsight.org,9001001571,Hindi,Address 1001571,Male,surveyor,5,91001001571,35
1001572,Name_1001572,utkarsh.gupta+1001572@idinsight.org,9001001572,Telugu,Address 1001572,Female,monitor;surveyor,5,91001001572,36
1001573,Name_1001573,utkarsh.gupta+1001573@idinsight.org,9001001573,English,Address 1001573,Male,surveyor,5,91001001573,37
1001574,Name_1001574,utkarsh.gupta+1001574@idinsight.org,9001001574,Hindi,Address 1001574,Female,monitor;surveyor,5,91001001574,38
1001575,Name_1001575,utkarsh.gupta+1001575@idinsight.org,9001001575,Telugu,Address 1001575,Male,surveyor,5,91001001575,39
1001576,Name_1001576,utkarsh.gupta+1001576@idinsight.org,9001001576,English,Address 1001576,Female,monitor;surveyor,5,91001001576,40
1001577,Name_1001577,utkarsh.gupta+1001577@idinsight.org,9001001577,Hindi,Address 1001577,Male,surveyor,5,91001001577,41
1001578,Name_1001578,utkarsh.gupta+1001578@idinsight.org,9001001578,Telugu,Address 1001578,Female,monitor;surveyor,5,91001001578,42
1001579,Name_1001579,utkarsh.gupta+1001579@idinsight.org,9001001579,English,Address 1001579,Male,surveyor,5,91001001579,43
1001580,Name_1001580,utkarsh.gupta+1001580@idinsight.org,9001001580,Hindi,Address 1001580,Female,monitor;surveyor,5,91001001580,44
1001581,Name_1001581,utkarsh.gupta+1001581@idinsight.org,9001001581,Telugu,Address 1001581,Male,surveyor,5,91001001581,25
1001582,Name_1001582,utkarsh.gupta+1001582@idinsight.org,9001001582,English,Address 1001582,Female,monitor;surveyor,5,91001001582,26
1001583,Name_1001583,utkarsh.gupta+1001583@idinsight.org,9001001583,Hindi,Address 1001583,Male,surveyor,5,91001001583,27
1001584,Name_1001584,utkarsh.gupta+1001584@idinsight.org,9001001584,Telugu,Address 1001584,Female,monitor;surveyor,5,91001001584,28
1001585,Name_1001585,utkarsh.gupta+1001585@idinsight.org,9001001585,English,Address 1001585,Male,surveyor,5,91001001585,29
1001586,Name_1001586,utkarsh.gupta+1001586@idinsight.org,9001001586,Hindi,Address 1001586,Female,monitor;surveyor,5,91001001586,30
1001587,Name_1001587,utkarsh.gupta+1001587@idinsight.org,9001001587,Telugu,Address 1001587,Male,surveyor,5,91001001587,31
1001588,Name_1001588,utkarsh.gupta+1001588@idinsight.org,9001001588,English,Address 1001588,Female,monitor;surveyor,5,91001001588,32
1001589,Name_1001589,utkarsh.gupta+1001589@idinsight.org,9001001589,Hindi,Address 1001589,Male,surveyor,5,91001001589,33
1001590,Name_1001590,utkarsh.gupta+1001590@idinsight.org,9001001590,Telugu,Address 1001590,Female,monitor;surveyor,5,91001001590,34
1001591,Name_1001591,utkarsh.gupta+1001591@idinsight.org,9001001591,English,Address 1001591,Male,surveyor,5,91001001591,35
1001592,Name_1001592,utkarsh.gupta+1001592@idinsight.org,9001001592,Hindi,Address 1001592,Female,monitor;surveyor,5,91001001592,36
1001593,Name_1001593,utkarsh.gupta+1001593@idinsight.org,9001001593,Telugu,Address 1001593,Male,surveyor,5,91001001593,37
1001594,Name_1001594,utkarsh.gupta+1001594@idinsight.org,9001001594,English,Address 1001594,Female,monitor;surveyor,5,91001001594,38
1001595,Name_1001595,utkarsh.gupta+1001595@idinsight.org,9001001595,Hindi,Address 1001595,Male,surveyor,5,91001001595,39
1001596,Name_1001596,utkarsh.gupta+1001596@idinsight.org,9001001596,Telugu,Address 1001596,Female,monitor;surveyor,5,91001001596,40
1001597,Name_1001597,utkarsh.gupta+1001597@idinsight.org,9001001597,English,Address 1001597,Male,surveyor,5,91001001597,41
1001598,Name_1001598,utkarsh.gupta+1001598@idinsight.org,9001001598,Hindi,Address 1001598,Female,monitor;surveyor,5,91001001598,42
1001599,Name_1001599,utkarsh.gupta+1001599@idinsight.org,9001001599,Telugu,Address 1001599,Male,surveyor,5,91001001599,43
1001600,Name_1001600,utkarsh.gupta+1001600@idinsight.org,9001001600,English,Address 1001600,Female,monitor;surveyor,5,91001001600,44
1001601,Name_1001601,utkarsh.gupta+1001601@idinsight.org,9001001601,Hindi,Address 1001601,Male,surveyor,5,91001001601,25
1001602,Name_1001602,utkarsh.gupta+1001602@idinsight.org,9001001602,Telugu,Address 1001602,Female,monitor;surveyor,5,91001001602,26
1001603,Name_1001603,utkarsh.gupta+1001603@idinsight.org,9001001603,English,Address 1001603,Male,surveyor,5,91001001603,27
1001604,Name_1001604,utkarsh.gupta+1001604@idinsight.org,9001001604,Hindi,Address 1001604,Female,monitor;surveyor,5,91001001604,28
1001605,Name_1001605,utkarsh.gupta+1001605@idinsight.org,9001001605,Telugu,Address 1001605,Male,surveyor,5,91001001605,29
1001606,Name_1001606,utkarsh.gupta+1001606@idinsight.org,9001001606,English,Address 1001606,Female,monitor;surveyor,5,91001001606,30
1001607,Name_1001607,utkarsh.gupta+1001607@idinsight.org,9001001607,Hindi,Address 1001607,Male,surveyor,5,91001001607,31
1001608,Name_1001608,utkarsh.gupta+1001608@idinsight.org,9001001608,Telugu,Address 1001608,Female,monitor;surveyor,5,91001001608,32
1001609,Name_1001609,utkarsh.gupta+1001609@idinsight.org,9001001609,English,Address 1001609,Male,surveyor,5,91001001609,33
1001610,Name_1001610,utkarsh.gupta+1001610@idinsight.org,9001001610,Hindi,Address 1001610,Female,monitor;surveyor,5,91001001610,34
1001611,Name_1001611,utkarsh.gupta+1001611@idinsight.org,9001001611,Telugu,Address 1001611,Male,surveyor,5,91001001611,35
1001612,Name_1001612,utkarsh.gupta+1001612@idinsight.org,9001001612,English,Address 1001612,Female,monitor;surveyor,5,91001001612,36
1001613,Name_1001613,utkarsh.gupta+1001613@idinsight.org,9001001613,Hindi,Address 1001613,Male,surveyor,5,91001001613,37
1001614,Name_1001614,utkarsh.gupta+1001614@idinsight.org,9001001614,Telugu,Address 1001614,Female,monitor;surveyor,5,91001001614,38
1001615,Name_1001615,utkarsh.gupta+1001615@idinsight.org,9001001615,English,Address 1001615,Male,surveyor,5,91001001615,39
1001616,Name_1001616,utkarsh.gupta+1001616@idinsight.org,9001001616,Hindi,Address 1001616,Female,monitor;surveyor,5,91001001616,40
1001617,Name_1001617,utkarsh.gupta+1001617@idinsight.org,9001001617,Telugu,Address 1001617,Male,surveyor,5,91001001617,41
1001618,Name_1001618,utkarsh.gupta+1001618@idinsight.org,9001001618,English,Address 1001618,Female,monitor;surveyor,5,91001001618,42
1001619,Name_1001619,utkarsh.gupta+1001619@idinsight.org,9001001619,Hindi,Address 1001619,Male,surveyor,5,91001001619,43
1001620,Name_1001620,utkarsh.gupta+1001620@idinsight.org,9001001620,Telugu,Address 1001620,Female,monitor;surveyor,5,91001001620,44
1001621,Name_1001621,utkarsh.gupta+1001621@idinsight.org,9001001621,English,Address 1001621,Male,surveyor,5,91001001621,25
1001622,Name_1001622,utkarsh.gupta+1001622@idinsight.org,9001001622,Hindi,Address 1001622,Female,monitor;surveyor,5,91001001622,26
1001623,Name_1001623,utkarsh.gupta+1001623@idinsight.org,9001001623,Telugu,Address 1001623,Male,surveyor,5,91001001623,27
1001624,Name_1001624,utkarsh.gupta+1001624@idinsight.org,9001001624,English,Address 1001624,Female,monitor;surveyor,5,91001001624,28
1001625,Name_1001625,utkarsh.gupta+1001625@idinsight.org,9001001625,Hindi,Address 1001625,Male,surveyor,5,91001001625,29
1001626,Name_1001626,utkarsh.gupta+1001626@idinsight.org,9001001626,Telugu,Address 1001626,Female,monitor;surveyor,5,91001001626,30
1001627,Name_1001627,utkarsh.gupta+1001627@idinsight.org,9001001627,English,Address 1001627,Male,surveyor,5,91001001627,31
1001628,Name_1001628,utkarsh.gupta+1001628@idinsight.org,9001001628,Hindi,Address 1001628,Female,monitor;surveyor,5,91001001628,32
1001629,Name_1001629,utkarsh.gupta+1001629@idinsight.org,9001001629,Telugu,Address 1001629,Male,surveyor,5,91001001629,33
1001630,Name_1001630,utkarsh.gupta+1001630@idinsight.org,9001001630,English,Address 1001630,Female,monitor;surveyor,5,91001001630,34
1001631,Name_1001631,utkarsh.gupta+1001631@idinsight.org,9001001631,Hindi,Address 1001631,Male,surveyor,5,91001001631,35
1001632,Name_1001632,utkarsh.gupta+1001632@idinsight.org,9001001632,Telugu,Address 1001632,Female,monitor;surveyor,5,91001001632,36
1001633,Name_1001633,utkarsh.gupta+1001633@idinsight.org,9001001633,English,Address 1001633,Male,surveyor,5,91001001633,37
1001634,Name_1001634,utkarsh.gupta+1001634@idinsight.org,9001001634,Hindi,Address 1001634,Female,monitor;surveyor,5,91001001634,38
1001635,Name_1001635,utkarsh.gupta+1001635@idinsight.org,9001001635,Telugu,Address 1001635,Male,surveyor,5,91001001635,39
1001636,Name_1001636,utkarsh.gupta+1001636@idinsight.org,9001001636,English,Address 1001636,Female,monitor;surveyor,5,91001001636,40
1001637,Name_1001637,utkarsh.gupta+1001637@idinsight.org,9001001637,Hindi,Address 1001637,Male,surveyor,5,91001001637,41
1001638,Name_1001638,utkarsh.gupta+1001638@idinsight.org,9001001638,Telugu,Address 1001638,Female,monitor;surveyor,5,91001001638,42
1001639,Name_1001639,utkarsh.gupta+1001639@idinsight.org,9001001639,English,Address 1001639,Male,surveyor,5,91001001639,43
1001640,Name_1001640,utkarsh.gupta+1001640@idinsight.org,9001001640,Hindi,Address 1001640,Female,monitor;surveyor,5,91001001640,44
1001641,Name_1001641,utkarsh.gupta+1001641@idinsight.org,9001001641,Telugu,Address 1001641,Male,surveyor,5,91001001641,25
1001642,Name_1001642,utkarsh.gupta+1001642@idinsight.org,9001001642,English,Address 1001642,Female,monitor;surveyor,5,91001001642,26
1001643,Name_1001643,utkarsh.gupta+1001643@idinsight.org,9001001643,Hindi,Address 1001643,Male,surveyor,5,91001001643,27
1001644,Name_1001644,utkarsh.gupta+1001644@idinsight.org,9001001644,Telugu,Address 1001644,Female,monitor;surveyor,5,91001001644,28
1001645,Name_1001645,utkarsh.gupta+1001645@idinsight.org,9001001645,English,Address 1001645,Male,surveyor,5,91001001645,29
1001646,Name_1001646,utkarsh.gupta+1001646@idinsight.org,9001001646,Hindi,Address 1001646,Female,monitor;surveyor,5,91001001646,30
1001647,Name_1001647,utkarsh.gupta+1001647@idinsight.org,9001001647,Telugu,Address 1001647,Male,surveyor,5,91001001647,31
1001648,Name_1001648,utkarsh.gupta+1001648@idinsight.org,9001001648,English,Address 1001648,Female,monitor;surveyor,5,91001001648,32
1001649,Name_1001649,utkarsh.gupta+1001649@idinsight.org,9001001649,Hindi,Address 1001649,Male,surveyor,5,91001001649,33
1001650,Name_1001650,utkarsh.gupta+1001650@idinsight.org,9001001650,Telugu,Address 1001650,Female,monitor;surveyor,5,91001001650,34
1001651,Name_1001651,utkarsh.gupta+1001651@idinsight.org,9001001651,English,Address 1001651,Male,surveyor,5,91001001651,35
1001652,Name_1001652,utkarsh.gupta+1001652@idinsight.org,9001001652,Hindi,Address 1001652,Female,monitor;surveyor,5,91001001652,36
1001653,Name_1001653,utkarsh.gupta+1001653@idinsight.org,9001001653,Telugu,Address 1001653,Male,surveyor,5,91001001653,37
1001654,Name_1001654,utkarsh.gupta+1001654@idinsight.org,9001001654,English,Address 1001654,Female,monitor;surveyor,5,91001001654,38
1001655,Name_1001655,utkarsh.gupta+1001655@idinsight.org,9001001655,Hindi,Address 1001655,Male,surveyor,5,91001001655,39
1001656,Name_1001656,utkarsh.gupta+1001656@idinsight.org,9001001656,Telugu,Address 1001656,Female,monitor;surveyor,5,91001001656,40
1001657,Name_1001657,utkarsh.gupta+1001657@idinsight.org,9001001657,English,Address 1001657,Male,surveyor,5,91001001657,41
1001658,Name_1001658,utkarsh.gupta+1001658@idinsight.org,9001001658,Hindi,Address 1001658,Female,monitor;surveyor,5,91001001658,42
1001659,Name_1001659,utkarsh.gupta+1001659@idinsight.org,9001001659,Telugu,Address 1001659,Male,surveyor,5,91001001659,43
1001660,Name_1001660,utkarsh.gupta+1001660@idinsight.org,9001001660,English,Address 1001660,Female,monitor;surveyor,5,91001001660,44
1001661,Name_1001661,utkarsh.gupta+1001661@idinsight.org,9001001661,Hindi,Address 1001661,Male,surveyor,5,91001001661,25
1001662,Name_1001662,utkarsh.gupta+1001662@idinsight.org,9001001662,Telugu,Address 1001662,Female,monitor;surveyor,5,91001001662,26
1001663,Name_1001663,utkarsh.gupta+1001663@idinsight.org,9001001663,English,Address 1001663,Male,surveyor,5,91001001663,27
1001664,Name_1001664,utkarsh.gupta+1001664@idinsight.org,9001001664,Hindi,Address 1001664,Female,monitor;surveyor,5,91001001664,28
1001665,Name_1001665,utkarsh.gupta+1001665@idinsight.org,9001001665,Telugu,Address 1001665,Male,surveyor,5,91001001665,29
1001666,Name_1001666,utkarsh.gupta+1001666@idinsight.org,9001001666,English,Address 1001666,Female,monitor;surveyor,5,91001001666,30
1001667,Name_1001667,utkarsh.gupta+1001667@idinsight.org,9001001667,Hindi,Address 1001667,Male,surveyor,5,91001001667,31
1001668,Name_1001668,utkarsh.gupta+1001668@idinsight.org,9001001668,Telugu,Address 1001668,Female,monitor;surveyor,5,91001001668,32
1001669,Name_1001669,utkarsh.gupta+1001669@idinsight.org,9001001669,English,Address 1001669,Male,surveyor,5,91001001669,33
1001670,Name_1001670,utkarsh.gupta+1001670@idinsight.org,9001001670,Hindi,Address 1001670,Female,monitor;surveyor,5,91001001670,34
1001671,Name_1001671,utkarsh.gupta+1001671@idinsight.org,9001001671,Telugu,Address 1001671,Male,surveyor,5,91001001671,35
1001672,Name_1001672,utkarsh.gupta+1001672@idinsight.org,9001001672,English,Address 1001672,Female,monitor;surveyor,5,91001001672,36
1001673,Name_1001673,utkarsh.gupta+1001673@idinsight.org,9001001673,Hindi,Address 1001673,Male,surveyor,5,91001001673,37
1001674,Name_1001674,utkarsh.gupta+1001674@idinsight.org,9001001674,Telugu,Address 1001674,Female,monitor;surveyor,5,91001001674,38
1001675,Name_1001675,utkarsh.gupta+1001675@idinsight.org,9001001675,English,Address 1001675,Male,surveyor,5,91001001675,39
1001676,Name_1001676,utkarsh.gupta+1001676@idinsight.org,9001001676,Hindi,Address 1001676,Female,monitor;surveyor,5,91001001676,40
1001677,Name_1001677,utkarsh.gupta+1001677@idinsight.org,9001001677,Telugu,Address 1001677,Male,surveyor,5,91001001677,41
1001678,Name_1001678,utkarsh.gupta+1001678@idinsight.org,9001001678,English,Address 1001678,Female,monitor;surveyor,5,91001001678,42
1001679,Name_1001679,utkarsh.gupta+1001679@idinsight.org,9001001679,Hindi,Address 1001679,Male,surveyor,5,91001001679,43
1001680,Name_1001680,utkarsh.gupta+1001680@idinsight.org,9001001680,Telugu,Address 1001680,Female,monitor;surveyor,5,91001001680,44
1001681,Name_1001681,utkarsh.gupta+1001681@idinsight.org,9001001681,English,Address 1001681,Male,surveyor,5,91001001681,25
1001682,Name_1001682,utkarsh.gupta+1001682@idinsight.org,9001001682,Hindi,Address 1001682,Female,monitor;surveyor,5,91001001682,26
1001683,Name_1001683,utkarsh.gupta+1001683@idinsight.org,9001001683,Telugu,Address 1001683,Male,surveyor,5,91001001683,27
1001684,Name_1001684,utkarsh.gupta+1001684@idinsight.org,9001001684,English,Address 1001684,Female,monitor;surveyor,5,91001001684,28
1001685,Name_1001685,utkarsh.gupta+1001685@idinsight.org,9001001685,Hindi,Address 1001685,Male,surveyor,5,91001001685,29
1001686,Name_1001686,utkarsh.gupta+1001686@idinsight.org,9001001686,Telugu,Address 1001686,Female,monitor;surveyor,5,91001001686,30
1001687,Name_1001687,utkarsh.gupta+1001687@idinsight.org,9001001687,English,Address 1001687,Male,surveyor,5,91001001687,31
1001688,Name_1001688,utkarsh.gupta+1001688@idinsight.org,9001001688,Hindi,Address 1001688,Female,monitor;surveyor,5,91001001688,32
1001689,Name_1001689,utkarsh.gupta+1001689@idinsight.org,9001001689,Telugu,Address 1001689,Male,surveyor,5,91001001689,33
1001690,Name_1001690,utkarsh.gupta+1001690@idinsight.org,9001001690,English,Address 1001690,Female,monitor;surveyor,5,91001001690,34
1001691,Name_1001691,utkarsh.gupta+1001691@idinsight.org,9001001691,Hindi,Address 1001691,Male,surveyor,5,91001001691,35
1001692,Name_1001692,utkarsh.gupta+1001692@idinsight.org,9001001692,Telugu,Address 1001692,Female,monitor;surveyor,5,91001001692,36
1001693,Name_1001693,utkarsh.gupta+1001693@idinsight.org,9001001693,English,Address 1001693,Male,surveyor,5,91001001693,37
1001694,Name_1001694,utkarsh.gupta+1001694@idinsight.org,9001001694,Hindi,Address 1001694,Female,monitor;surveyor,5,91001001694,38
1001695,Name_1001695,utkarsh.gupta+1001695@idinsight.org,9001001695,Telugu,Address 1001695,Male,surveyor,5,91001001695,39
1001696,Name_1001696,utkarsh.gupta+1001696@idinsight.org,9001001696,English,Address 1001696,Female,monitor;surveyor,5,91001001696,40
1001697,Name_1001697,utkarsh.gupta+1001697@idinsight.org,9001001697,Hindi,Address 1001697,Male,surveyor,5,91001001697,41
1001698,Name_1001698,utkarsh.gupta+1001698@idinsight.org,9001001698,Telugu,Address 1001698,Female,monitor;surveyor,5,91001001698,42
1001699,Name_1001699,utkarsh.gupta+1001699@idinsight.org,9001001699,English,Address 1001699,Male,surveyor,5,91001001699,43
1001700,Name_1001700,utkarsh.gupta+1001700@idinsight.org,9001001700,Hindi,Address 1001700,Female,monitor;surveyor,5,91001001700,44
1001701,Name_1001701,utkarsh.gupta+1001701@idinsight.org,9001001701,Telugu,Address 1001701,Male,surveyor,5,91001001701,25
1001702,Name_1001702,utkarsh.gupta+1001702@idinsight.org,9001001702,English,Address 1001702,Female,monitor;surveyor,5,91001001702,26
1001703,Name_1001703,utkarsh.gupta+1001703@idinsight.org,9001001703,Hindi,Address 1001703,Male,surveyor,5,91001001703,27
1001704,Name_1001704,utkarsh.gupta+1001704@idinsight.org,9001001704,Telugu,Address 1001704,Female,monitor;surveyor,5,91001001704,28
1001705,Name_1001705,utkarsh.gupta+1001705@idinsight.org,9001001705,English,Address 1001705,Male,surveyor,5,91001001705,29
1001706,Name_1001706,utkarsh.gupta+1001706@idinsight.org,9001001706,Hindi,Address 1001706,Female,monitor;surveyor,5,91001001706,30
1001707,Name_1001707,utkarsh.gupta+1001707@idinsight.org,9001001707,Telugu,Address 1001707,Male,surveyor,5,91001001707,31
1001708,Name_1001708,utkarsh.gupta+1001708@idinsight.org,9001001708,English,Address 1001708,Female,monitor;surveyor,5,91001001708,32
1001709,Name_1001709,utkarsh.gupta+1001709@idinsight.org,9001001709,Hindi,Address 1001709,Male,surveyor,5,91001001709,33
1001710,Name_1001710,utkarsh.gupta+1001710@idinsight.org,9001001710,Telugu,Address 1001710,Female,monitor;surveyor,5,91001001710,34
1001711,Name_1001711,utkarsh.gupta+1001711@idinsight.org,9001001711,English,Address 1001711,Male,surveyor,5,91001001711,35
1001712,Name_1001712,utkarsh.gupta+1001712@idinsight.org,9001001712,Hindi,Address 1001712,Female,monitor;surveyor,5,91001001712,36
1001713,Name_1001713,utkarsh.gupta+1001713@idinsight.org,9001001713,Telugu,Address 1001713,Male,surveyor,5,91001001713,37
1001714,Name_1001714,utkarsh.gupta+1001714@idinsight.org,9001001714,English,Address 1001714,Female,monitor;surveyor,5,91001001714,38
1001715,Name_1001715,utkarsh.gupta+1001715@idinsight.org,9001001715,Hindi,Address 1001715,Male,surveyor,5,91001001715,39
1001716,Name_1001716,utkarsh.gupta+1001716@idinsight.org,9001001716,Telugu,Address 1001716,Female,monitor;surveyor,5,91001001716,40
1001717,Name_1001717,utkarsh.gupta+1001717@idinsight.org,9001001717,English,Address 1001717,Male,surveyor,5,91001001717,41
1001718,Name_1001718,utkarsh.gupta+1001718@idinsight.org,9001001718,Hindi,Address 1001718,Female,monitor;surveyor,5,91001001718,42
1001719,Name_1001719,utkarsh.gupta+1001719@idinsight.org,9001001719,Telugu,Address 1001719,Male,surveyor,5,91001001719,43
1001720,Name_1001720,utkarsh.gupta+1001720@idinsight.org,9001001720,English,Address 1001720,Female,monitor;surveyor,5,91001001720,44
1001721,Name_1001721,utkarsh.gupta+1001721@idinsight.org,9001001721,Hindi,Address 1001721,Male,surveyor,5,91001001721,25
1001722,Name_1001722,utkarsh.gupta+1001722@idinsight.org,9001001722,Telugu,Address 1001722,Female,monitor;surveyor,5,91001001722,26
1001723,Name_1001723,utkarsh.gupta+1001723@idinsight.org,9001001723,English,Address 1001723,Male,surveyor,5,91001001723,27
1001724,Name_1001724,utkarsh.gupta+1001724@idinsight.org,9001001724,Hindi,Address 1001724,Female,monitor;surveyor,5,91001001724,28
1001725,Name_1001725,utkarsh.gupta+1001725@idinsight.org,9001001725,Telugu,Address 1001725,Male,surveyor,5,91001001725,29
1001726,Name_1001726,utkarsh.gupta+1001726@idinsight.org,9001001726,English,Address 1001726,Female,monitor;surveyor,5,91001001726,30
1001727,Name_1001727,utkarsh.gupta+1001727@idinsight.org,9001001727,Hindi,Address 1001727,Male,surveyor,5,91001001727,31
1001728,Name_1001728,utkarsh.gupta+1001728@idinsight.org,9001001728,Telugu,Address 1001728,Female,monitor;surveyor,5,91001001728,32
1001729,Name_1001729,utkarsh.gupta+1001729@idinsight.org,9001001729,English,Address 1001729,Male,surveyor,5,91001001729,33
1001730,Name_1001730,utkarsh.gupta+1001730@idinsight.org,9001001730,Hindi,Address 1001730,Female,monitor;surveyor,5,91001001730,34
1001731,Name_1001731,utkarsh.gupta+1001731@idinsight.org,9001001731,Telugu,Address 1001731,Male,surveyor,5,91001001731,35
1001732,Name_1001732,utkarsh.gupta+1001732@idinsight.org,9001001732,English,Address 1001732,Female,monitor;surveyor,5,91001001732,36
1001733,Name_1001733,utkarsh.gupta+1001733@idinsight.org,9001001733,Hindi,Address 1001733,Male,surveyor,5,91001001733,37
1001734,Name_1001734,utkarsh.gupta+1001734@idinsight.org,9001001734,Telugu,Address 1001734,Female,monitor;surveyor,5,91001001734,38
1001735,Name_1001735,utkarsh.gupta+1001735@idinsight.org,9001001735,English,Address 1001735,Male,surveyor,5,91001001735,39
1001736,Name_1001736,utkarsh.gupta+1001736@idinsight.org,9001001736,Hindi,Address 1001736,Female,monitor;surveyor,5,91001001736,40
1001737,Name_1001737,utkarsh.gupta+1001737@idinsight.org,9001001737,Telugu,Address 1001737,Male,surveyor,5,91001001737,41
1001738,Name_1001738,utkarsh.gupta+1001738@idinsight.org,9001001738,English,Address 1001738,Female,monitor;surveyor,5,91001001738,42
1001739,Name_1001739,utkarsh.gupta+1001739@idinsight.org,9001001739,Hindi,Address 1001739,Male,surveyor,5,91001001739,43
1001740,Name_1001740,utkarsh.gupta+1001740@idinsight.org,9001001740,Telugu,Address 1001740,Female,monitor;surveyor,5,91001001740,44
1001741,Name_1001741,utkarsh.gupta+1001741@idinsight.org,9001001741,English,Address 1001741,Male,surveyor,5,91001001741,25
1001742,Name_1001742,utkarsh.gupta+1001742@idinsight.org,9001001742,Hindi,Address 1001742,Female,monitor;surveyor,5,91001001742,26
1001743,Name_1001743,utkarsh.gupta+1001743@idinsight.org,9001001743,Telugu,Address 1001743,Male,surveyor,5,91001001743,27
1001744,Name_1001744,utkarsh.gupta+1001744@idinsight.org,9001001744,English,Address 1001744,Female,monitor;surveyor,5,91001001744,28
1001745,Name_1001745,utkarsh.gupta+1001745@idinsight.org,9001001745,Hindi,Address 1001745,Male,surveyor,5,91001001745,29
1001746,Name_1001746,utkarsh.gupta+1001746@idinsight.org,9001001746,Telugu,Address 1001746,Female,monitor;surveyor,5,91001001746,30
1001747,Name_1001747,utkarsh.gupta+1001747@idinsight.org,9001001747,English,Address 1001747,Male,surveyor,5,91001001747,31
1001748,Name_1001748,utkarsh.gupta+1001748@idinsight.org,9001001748,Hindi,Address 1001748,Female,monitor;surveyor,5,91001001748,32
1001749,Name_1001749,utkarsh.gupta+1001749@idinsight.org,9001001749,Telugu,Address 1001749,Male,surveyor,5,91001001749,33
1001750,Name_1001750,utkarsh.gupta+1001750@idinsight.org,9001001750,English,Address 1001750,Female,monitor;surveyor,5,91001001750,34
1001751,Name_1001751,utkarsh.gupta+1001751@idinsight.org,9001001751,Hindi,Address 1001751,Male,surveyor,5,91001001751,35
1001752,Name_1001752,utkarsh.gupta+1001752@idinsight.org,9001001752,Telugu,Address 1001752,Female,monitor;surveyor,5,91001001752,36
1001753,Name_1001753,utkarsh.gupta+1001753@idinsight.org,9001001753,English,Address 1001753,Male,surveyor,5,91001001753,37
1001754,Name_1001754,utkarsh.gupta+1001754@idinsight.org,9001001754,Hindi,Address 1001754,Female,monitor;surveyor,5,91001001754,38
1001755,Name_1001755,utkarsh.gupta+1001755@idinsight.org,9001001755,Telugu,Address 1001755,Male,surveyor,5,91001001755,39
1001756,Name_1001756,utkarsh.gupta+1001756@idinsight.org,9001001756,English,Address 1001756,Female,monitor;surveyor,5,91001001756,40
1001757,Name_1001757,utkarsh.gupta+1001757@idinsight.org,9001001757,Hindi,Address 1001757,Male,surveyor,5,91001001757,41
1001758,Name_1001758,utkarsh.gupta+1001758@idinsight.org,9001001758,Telugu,Address 1001758,Female,monitor;surveyor,5,91001001758,42
1001759,Name_1001759,utkarsh.gupta+1001759@idinsight.org,9001001759,English,Address 1001759,Male,surveyor,5,91001001759,43
1001760,Name_1001760,utkarsh.gupta+1001760@idinsight.org,9001001760,Hindi,Address 1001760,Female,monitor;surveyor,5,91001001760,44
1001761,Name_1001761,utkarsh.gupta+1001761@idinsight.org,9001001761,Telugu,Address 1001761,Male,surveyor,5,91001001761,25
1001762,Name_1001762,utkarsh.gupta+1001762@idinsight.org,9001001762,English,Address 1001762,Female,monitor;surveyor,5,91001001762,26
1001763,Name_1001763,utkarsh.gupta+1001763@idinsight.org,9001001763,Hindi,Address 1001763,Male,surveyor,5,91001001763,27
1001764,Name_1001764,utkarsh.gupta+1001764@idinsight.org,9001001764,Telugu,Address 1001764,Female,monitor;surveyor,5,91001001764,28
1001765,Name_1001765,utkarsh.gupta+1001765@idinsight.org,9001001765,English,Address 1001765,Male,surveyor,5,91001001765,29
1001766,Name_1001766,utkarsh.gupta+1001766@idinsight.org,9001001766,Hindi,Address 1001766,Female,monitor;surveyor,5,91001001766,30
1001767,Name_1001767,utkarsh.gupta+1001767@idinsight.org,9001001767,Telugu,Address 1001767,Male,surveyor,5,91001001767,31
1001768,Name_1001768,utkarsh.gupta+1001768@idinsight.org,9001001768,English,Address 1001768,Female,monitor;surveyor,5,91001001768,32
1001769,Name_1001769,utkarsh.gupta+1001769@idinsight.org,9001001769,Hindi,Address 1001769,Male,surveyor,5,91001001769,33
1001770,Name_1001770,utkarsh.gupta+1001770@idinsight.org,9001001770,Telugu,Address 1001770,Female,monitor;surveyor,5,91001001770,34
1001771,Name_1001771,utkarsh.gupta+1001771@idinsight.org,9001001771,English,Address 1001771,Male,surveyor,5,91001001771,35
1001772,Name_1001772,utkarsh.gupta+1001772@idinsight.org,9001001772,Hindi,Address 1001772,Female,monitor;surveyor,5,91001001772,36
1001773,Name_1001773,utkarsh.gupta+1001773@idinsight.org,9001001773,Telugu,Address 1001773,Male,surveyor,5,91001001773,37
1001774,Name_1001774,utkarsh.gupta+1001774@idinsight.org,9001001774,English,Address 1001774,Female,monitor;surveyor,5,91001001774,38
1001775,Name_1001775,utkarsh.gupta+1001775@idinsight.org,9001001775,Hindi,Address 1001775,Male,surveyor,5,91001001775,39
1001776,Name_1001776,utkarsh.gupta+1001776@idinsight.org,9001001776,Telugu,Address 1001776,Female,monitor;surveyor,5,91001001776,40
1001777,Name_1001777,utkarsh.gupta+1001777@idinsight.org,9001001777,English,Address 1001777,Male,surveyor,5,91001001777,41
1001778,Name_1001778,utkarsh.gupta+1001778@idinsight.org,9001001778,Hindi,Address 1001778,Female,monitor;surveyor,5,91001001778,42
1001779,Name_1001779,utkarsh.gupta+1001779@idinsight.org,9001001779,Telugu,Address 1001779,Male,surveyor,5,91001001779,43
1001780,Name_1001780,utkarsh.gupta+1001780@idinsight.org,9001001780,English,Address 1001780,Female,monitor;surveyor,5,91001001780,44
1001781,Name_1001781,utkarsh.gupta+1001781@idinsight.org,9001001781,Hindi,Address 1001781,Male,surveyor,5,91001001781,25
1001782,Name_1001782,utkarsh.gupta+1001782@idinsight.org,9001001782,Telugu,Address 1001782,Female,monitor;surveyor,5,91001001782,26
1001783,Name_1001783,utkarsh.gupta+1001783@idinsight.org,9001001783,English,Address 1001783,Male,surveyor,5,91001001783,27
1001784,Name_1001784,utkarsh.gupta+1001784@idinsight.org,9001001784,Hindi,Address 1001784,Female,monitor;surveyor,5,91001001784,28
1001785,Name_1001785,utkarsh.gupta+1001785@idinsight.org,9001001785,Telugu,Address 1001785,Male,surveyor,5,91001001785,29
1001786,Name_1001786,utkarsh.gupta+1001786@idinsight.org,9001001786,English,Address 1001786,Female,monitor;surveyor,5,91001001786,30
1001787,Name_1001787,utkarsh.gupta+1001787@idinsight.org,9001001787,Hindi,Address 1001787,Male,surveyor,5,91001001787,31
1001788,Name_1001788,utkarsh.gupta+1001788@idinsight.org,9001001788,Telugu,Address 1001788,Female,monitor;surveyor,5,91001001788,32
1001789,Name_1001789,utkarsh.gupta+1001789@idinsight.org,9001001789,English,Address 1001789,Male,surveyor,5,91001001789,33
1001790,Name_1001790,utkarsh.gupta+1001790@idinsight.org,9001001790,Hindi,Address 1001790,Female,monitor;surveyor,5,91001001790,34
1001791,Name_1001791,utkarsh.gupta+1001791@idinsight.org,9001001791,Telugu,Address 1001791,Male,surveyor,5,91001001791,35
1001792,Name_1001792,utkarsh.gupta+1001792@idinsight.org,9001001792,English,Address 1001792,Female,monitor;surveyor,5,91001001792,36
1001793,Name_1001793,utkarsh.gupta+1001793@idinsight.org,9001001793,Hindi,Address 1001793,Male,surveyor,5,91001001793,37
1001794,Name_1001794,utkarsh.gupta+1001794@idinsight.org,9001001794,Telugu,Address 1001794,Female,monitor;surveyor,5,91001001794,38
1001795,Name_1001795,utkarsh.gupta+1001795@idinsight.org,9001001795,English,Address 1001795,Male,surveyor,5,91001001795,39
1001796,Name_1001796,utkarsh.gupta+1001796@idinsight.org,9001001796,Hindi,Address 1001796,Female,monitor;surveyor,5,91001001796,40
1001797,Name_1001797,utkarsh.gupta+1001797@idinsight.org,9001001797,Telugu,Address 1001797,Male,surveyor,5,91001001797,41
1001798,Name_1001798,utkarsh.gupta+1001798@idinsight.org,9001001798,English,Address 1001798,Female,monitor;surveyor,5,91001001798,42
1001799,Name_1001799,utkarsh.gupta+1001799@idinsight.org,9001001799,Hindi,Address 1001799,Male,surveyor,5,91001001799,43
1001800,Name_1001800,utkarsh.gupta+1001800@idinsight.org,9001001800,Telugu,Address 1001800,Female,monitor;surveyor,5,91001001800,44
1001801,Name_1001801,utkarsh.gupta+1001801@idinsight.org,9001001801,English,Address 1001801,Male,surveyor,5,91001001801,25
1001802,Name_1001802,utkarsh.gupta+1001802@idinsight.org,9001001802,Hindi,Address 1001802,Female,monitor;surveyor,5,91001001802,26
1001803,Name_1001803,utkarsh.gupta+1001803@idinsight.org,9001001803,Telugu,Address 1001803,Male,surveyor,5,91001001803,27
1001804,Name_1001804,utkarsh.gupta+1001804@idinsight.org,9001001804,English,Address 1001804,Female,monitor;surveyor,5,91001001804,28
1001805,Name_1001805,utkarsh.gupta+1001805@idinsight.org,9001001805,Hindi,Address 1001805,Male,surveyor,5,91001001805,29
1001806,Name_1001806,utkarsh.gupta+1001806@idinsight.org,9001001806,Telugu,Address 1001806,Female,monitor;surveyor,5,91001001806,30
1001807,Name_1001807,utkarsh.gupta+1001807@idinsight.org,9001001807,English,Address 1001807,Male,surveyor,5,91001001807,31
1001808,Name_1001808,utkarsh.gupta+1001808@idinsight.org,9001001808,Hindi,Address 1001808,Female,monitor;surveyor,5,91001001808,32
1001809,Name_1001809,utkarsh.gupta+1001809@idinsight.org,9001001809,Telugu,Address 1001809,Male,surveyor,5,91001001809,33
1001810,Name_1001810,utkarsh.gupta+1001810@idinsight.org,9001001810,English,Address 1001810,Female,monitor;surveyor,5,91001001810,34
1001811,Name_1001811,utkarsh.gupta+1001811@idinsight.org,9001001811,Hindi,Address 1001811,Male,surveyor,5,91001001811,35
1001812,Name_1001812,utkarsh.gupta+1001812@idinsight.org,9001001812,Telugu,Address 1001812,Female,monitor;surveyor,5,91001001812,36
1001813,Name_1001813,utkarsh.gupta+1001813@idinsight.org,9001001813,English,Address 1001813,Male,surveyor,5,91001001813,37
1001814,Name_1001814,utkarsh.gupta+1001814@idinsight.org,9001001814,Hindi,Address 1001814,Female,monitor;surveyor,5,91001001814,38
1001815,Name_1001815,utkarsh.gupta+1001815@idinsight.org,9001001815,Telugu,Address 1001815,Male,surveyor,5,91001001815,39
1001816,Name_1001816,utkarsh.gupta+1001816@idinsight.org,9001001816,English,Address 1001816,Female,monitor;surveyor,5,91001001816,40
1001817,Name_1001817,utkarsh.gupta+1001817@idinsight.org,9001001817,Hindi,Address 1001817,Male,surveyor,5,91001001817,41
1001818,Name_1001818,utkarsh.gupta+1001818@idinsight.org,9001001818,Telugu,Address 1001818,Female,monitor;surveyor,5,91001001818,42
1001819,Name_1001819,utkarsh.gupta+1001819@idinsight.org,9001001819,English,Address 1001819,Male,surveyor,5,91001001819,43
1001820,Name_1001820,utkarsh.gupta+1001820@idinsight.org,9001001820,Hindi,Address 1001820,Female,monitor;surveyor,5,91001001820,44
1001821,Name_1001821,utkarsh.gupta+1001821@idinsight.org,9001001821,Telugu,Address 1001821,Male,surveyor,5,91001001821,25
1001822,Name_1001822,utkarsh.gupta+1001822@idinsight.org,9001001822,English,Address 1001822,Female,monitor;surveyor,5,91001001822,26
1001823,Name_1001823,utkarsh.gupta+1001823@idinsight.org,9001001823,Hindi,Address 1001823,Male,surveyor,5,91001001823,27
1001824,Name_1001824,utkarsh.gupta+1001824@idinsight.org,9001001824,Telugu,Address 1001824,Female,monitor;surveyor,5,91001001824,28
1001825,Name_1001825,utkarsh.gupta+1001825@idinsight.org,9001001825,English,Address 1001825,Male,surveyor,5,91001001825,29
1001826,Name_1001826,utkarsh.gupta+1001826@idinsight.org,9001001826,Hindi,Address 1001826,Female,monitor;surveyor,5,91001001826,30
1001827,Name_1001827,utkarsh.gupta+1001827@idinsight.org,9001001827,Telugu,Address 1001827,Male,surveyor,5,91001001827,31
1001828,Name_1001828,utkarsh.gupta+1001828@idinsight.org,9001001828,English,Address 1001828,Female,monitor;surveyor,5,91001001828,32
1001829,Name_1001829,utkarsh.gupta+1001829@idinsight.org,9001001829,Hindi,Address 1001829,Male,surveyor,5,91001001829,33
1001830,Name_1001830,utkarsh.gupta+1001830@idinsight.org,9001001830,Telugu,Address 1001830,Female,monitor;surveyor,5,91001001830,34
1001831,Name_1001831,utkarsh.gupta+1001831@idinsight.org,9001001831,English,Address 1001831,Male,surveyor,5,91001001831,35
1001832,Name_1001832,utkarsh.gupta+1001832@idinsight.org,9001001832,Hindi,Address 1001832,Female,monitor;surveyor,5,91001001832,36
1001833,Name_1001833,utkarsh.gupta+1001833@idinsight.org,9001001833,Telugu,Address 1001833,Male,surveyor,5,91001001833,37
1001834,Name_1001834,utkarsh.gupta+1001834@idinsight.org,9001001834,English,Address 1001834,Female,monitor;surveyor,5,91001001834,38
1001835,Name_1001835,utkarsh.gupta+1001835@idinsight.org,9001001835,Hindi,Address 1001835,Male,surveyor,5,91001001835,39
1001836,Name_1001836,utkarsh.gupta+1001836@idinsight.org,9001001836,Telugu,Address 1001836,Female,monitor;surveyor,5,91001001836,40
1001837,Name_1001837,utkarsh.gupta+1001837@idinsight.org,9001001837,English,Address 1001837,Male,surveyor,5,91001001837,41
1001838,Name_1001838,utkarsh.gupta+1001838@idinsight.org,9001001838,Hindi,Address 1001838,Female,monitor;surveyor,5,91001001838,42
1001839,Name_1001839,utkarsh.gupta+1001839@idinsight.org,9001001839,Telugu,Address 1001839,Male,surveyor,5,91001001839,43
1001840,Name_1001840,utkarsh.gupta+1001840@idinsight.org,9001001840,English,Address 1001840,Female,monitor;surveyor,5,91001001840,44
1001841,Name_1001841,utkarsh.gupta+1001841@idinsight.org,9001001841,Hindi,Address 1001841,Male,surveyor,5,91001001841,25
1001842,Name_1001842,utkarsh.gupta+1001842@idinsight.org,9001001842,Telugu,Address 1001842,Female,monitor;surveyor,5,91001001842,26
1001843,Name_1001843,utkarsh.gupta+1001843@idinsight.org,9001001843,English,Address 1001843,Male,surveyor,5,91001001843,27
1001844,Name_1001844,utkarsh.gupta+1001844@idinsight.org,9001001844,Hindi,Address 1001844,Female,monitor;surveyor,5,91001001844,28
1001845,Name_1001845,utkarsh.gupta+1001845@idinsight.org,9001001845,Telugu,Address 1001845,Male,surveyor,5,91001001845,29
1001846,Name_1001846,utkarsh.gupta+1001846@idinsight.org,9001001846,English,Address 1001846,Female,monitor;surveyor,5,91001001846,30
1001847,Name_1001847,utkarsh.gupta+1001847@idinsight.org,9001001847,Hindi,Address 1001847,Male,surveyor,5,91001001847,31
1001848,Name_1001848,utkarsh.gupta+1001848@idinsight.org,9001001848,Telugu,Address 1001848,Female,monitor;surveyor,5,91001001848,32
1001849,Name_1001849,utkarsh.gupta+1001849@idinsight.org,9001001849,English,Address 1001849,Male,surveyor,5,91001001849,33
1001850,Name_1001850,utkarsh.gupta+1001850@idinsight.org,9001001850,Hindi,Address 1001850,Female,monitor;surveyor,5,91001001850,34
1001851,Name_1001851,utkarsh.gupta+1001851@idinsight.org,9001001851,Telugu,Address 1001851,Male,surveyor,5,91001001851,35
1001852,Name_1001852,utkarsh.gupta+1001852@idinsight.org,9001001852,English,Address 1001852,Female,monitor;surveyor,5,91001001852,36
1001853,Name_1001853,utkarsh.gupta+1001853@idinsight.org,9001001853,Hindi,Address 1001853,Male,surveyor,5,91001001853,37
1001854,Name_1001854,utkarsh.gupta+1001854@idinsight.org,9001001854,Telugu,Address 1001854,Female,monitor;surveyor,5,91001001854,38
1001855,Name_1001855,utkarsh.gupta+1001855@idinsight.org,9001001855,English,Address 1001855,Male,surveyor,5,91001001855,39
1001856,Name_1001856,utkarsh.gupta+1001856@idinsight.org,9001001856,Hindi,Address 1001856,Female,monitor;surveyor,5,91001001856,40
1001857,Name_1001857,utkarsh.gupta+1001857@idinsight.org,9001001857,Telugu,Address 1001857,Male,surveyor,5,91001001857,41
1001858,Name_1001858,utkarsh.gupta+1001858@idinsight.org,9001001858,English,Address 1001858,Female,monitor;surveyor,5,91001001858,42
1001859,Name_1001859,utkarsh.gupta+1001859@idinsight.org,9001001859,Hindi,Address 1001859,Male,surveyor,5,91001001859,43
1001860,Name_1001860,utkarsh.gupta+1001860@idinsight.org,9001001860,Telugu,Address 1001860,Female,monitor;surveyor,5,91001001860,44
1001861,Name_1001861,utkarsh.gupta+1001861@idinsight.org,9001001861,English,Address 1001861,Male,surveyor,5,91001001861,25
1001862,Name_1001862,utkarsh.gupta+1001862@idinsight.org,9001001862,Hindi,Address 1001862,Female,monitor;surveyor,5,91001001862,26
1001863,Name_1001863,utkarsh.gupta+1001863@idinsight.org,9001001863,Telugu,Address 1001863,Male,surveyor,5,91001001863,27
1001864,Name_1001864,utkarsh.gupta+1001864@idinsight.org,9001001864,English,Address 1001864,Female,monitor;surveyor,5,91001001864,28
1001865,Name_1001865,utkarsh.gupta+1001865@idinsight.org,9001001865,Hindi,Address 1001865,Male,surveyor,5,91001001865,29
1001866,Name_1001866,utkarsh.gupta+1001866@idinsight.org,9001001866,Telugu,Address 1001866,Female,monitor;surveyor,5,91001001866,30
1001867,Name_1001867,utkarsh.gupta+1001867@idinsight.org,9001001867,English,Address 1001867,Male,surveyor,5,91001001867,31
1001868,Name_1001868,utkarsh.gupta+1001868@idinsight.org,9001001868,Hindi,Address 1001868,Female,monitor;surveyor,5,91001001868,32
1001869,Name_1001869,utkarsh.gupta+1001869@idinsight.org,9001001869,Telugu,Address 1001869,Male,surveyor,5,91001001869,33
1001870,Name_1001870,utkarsh.gupta+1001870@idinsight.org,9001001870,English,Address 1001870,Female,monitor;surveyor,5,91001001870,34
1001871,Name_1001871,utkarsh.gupta+1001871@idinsight.org,9001001871,Hindi,Address 1001871,Male,surveyor,5,91001001871,35
1001872,Name_1001872,utkarsh.gupta+1001872@idinsight.org,9001001872,Telugu,Address 1001872,Female,monitor;surveyor,5,91001001872,36
1001873,Name_1001873,utkarsh.gupta+1001873@idinsight.org,9001001873,English,Address 1001873,Male,surveyor,5,91001001873,37
1001874,Name_1001874,utkarsh.gupta+1001874@idinsight.org,9001001874,Hindi,Address 1001874,Female,monitor;surveyor,5,91001001874,38
1001875,Name_1001875,utkarsh.gupta+1001875@idinsight.org,9001001875,Telugu,Address 1001875,Male,surveyor,5,91001001875,39
1001876,Name_1001876,utkarsh.gupta+1001876@idinsight.org,9001001876,English,Address 1001876,Female,monitor;surveyor,5,91001001876,40
1001877,Name_1001877,utkarsh.gupta+1001877@idinsight.org,9001001877,Hindi,Address 1001877,Male,surveyor,5,91001001877,41
1001878,Name_1001878,utkarsh.gupta+1001878@idinsight.org,9001001878,Telugu,Address 1001878,Female,monitor;surveyor,5,91001001878,42
1001879,Name_1001879,utkarsh.gupta+1001879@idinsight.org,9001001879,English,Address 1001879,Male,surveyor,5,91001001879,43
1001880,Name_1001880,utkarsh.gupta+1001880@idinsight.org,9001001880,Hindi,Address 1001880,Female,monitor;surveyor,5,91001001880,44
1001881,Name_1001881,utkarsh.gupta+1001881@idinsight.org,9001001881,Telugu,Address 1001881,Male,surveyor,5,91001001881,25
1001882,Name_1001882,utkarsh.gupta+1001882@idinsight.org,9001001882,English,Address 1001882,Female,monitor;surveyor,5,91001001882,26
1001883,Name_1001883,utkarsh.gupta+1001883@idinsight.org,9001001883,Hindi,Address 1001883,Male,surveyor,5,91001001883,27
1001884,Name_1001884,utkarsh.gupta+1001884@idinsight.org,9001001884,Telugu,Address 1001884,Female,monitor;surveyor,5,91001001884,28
1001885,Name_1001885,utkarsh.gupta+1001885@idinsight.org,9001001885,English,Address 1001885,Male,surveyor,5,91001001885,29
1001886,Name_1001886,utkarsh.gupta+1001886@idinsight.org,9001001886,Hindi,Address 1001886,Female,monitor;surveyor,5,91001001886,30
1001887,Name_1001887,utkarsh.gupta+1001887@idinsight.org,9001001887,Telugu,Address 1001887,Male,surveyor,5,91001001887,31
1001888,Name_1001888,utkarsh.gupta+1001888@idinsight.org,9001001888,English,Address 1001888,Female,monitor;surveyor,5,91001001888,32
1001889,Name_1001889,utkarsh.gupta+1001889@idinsight.org,9001001889,Hindi,Address 1001889,Male,surveyor,5,91001001889,33
1001890,Name_1001890,utkarsh.gupta+1001890@idinsight.org,9001001890,Telugu,Address 1001890,Female,monitor;surveyor,5,91001001890,34
1001891,Name_1001891,utkarsh.gupta+1001891@idinsight.org,9001001891,English,Address 1001891,Male,surveyor,5,91001001891,35
1001892,Name_1001892,utkarsh.gupta+1001892@idinsight.org,9001001892,Hindi,Address 1001892,Female,monitor;surveyor,5,91001001892,36
1001893,Name_1001893,utkarsh.gupta+1001893@idinsight.org,9001001893,Telugu,Address 1001893,Male,surveyor,5,91001001893,37
1001894,Name_1001894,utkarsh.gupta+1001894@idinsight.org,9001001894,English,Address 1001894,Female,monitor;surveyor,5,91001001894,38
1001895,Name_1001895,utkarsh.gupta+1001895@idinsight.org,9001001895,Hindi,Address 1001895,Male,surveyor,5,91001001895,39
1001896,Name_1001896,utkarsh.gupta+1001896@idinsight.org,9001001896,Telugu,Address 1001896,Female,monitor;surveyor,5,91001001896,40
1001897,Name_1001897,utkarsh.gupta+1001897@idinsight.org,9001001897,English,Address 1001897,Male,surveyor,5,91001001897,41
1001898,Name_1001898,utkarsh.gupta+1001898@idinsight.org,9001001898,Hindi,Address 1001898,Female,monitor;surveyor,5,91001001898,42
1001899,Name_1001899,utkarsh.gupta+1001899@idinsight.org,9001001899,Telugu,Address 1001899,Male,surveyor,5,91001001899,43
1001900,Name_1001900,utkarsh.gupta+1001900@idinsight.org,9001001900,English,Address 1001900,Female,monitor;surveyor,5,91001001900,44
1001901,Name_1001901,utkarsh.gupta+1001901@idinsight.org,9001001901,Hindi,Address 1001901,Male,surveyor,5,91001001901,25
1001902,Name_1001902,utkarsh.gupta+1001902@idinsight.org,9001001902,Telugu,Address 1001902,Female,monitor;surveyor,5,91001001902,26
1001903,Name_1001903,utkarsh.gupta+1001903@idinsight.org,9001001903,English,Address 1001903,Male,surveyor,5,91001001903,27
1001904,Name_1001904,utkarsh.gupta+1001904@idinsight.org,9001001904,Hindi,Address 1001904,Female,monitor;surveyor,5,91001001904,28
1001905,Name_1001905,utkarsh.gupta+1001905@idinsight.org,9001001905,Telugu,Address 1001905,Male,surveyor,5,91001001905,29
1001906,Name_1001906,utkarsh.gupta+1001906@idinsight.org,9001001906,English,Address 1001906,Female,monitor;surveyor,5,91001001906,30
1001907,Name_1001907,utkarsh.gupta+1001907@idinsight.org,9001001907,Hindi,Address 1001907,Male,surveyor,5,91001001907,31
1001908,Name_1001908,utkarsh.gupta+1001908@idinsight.org,9001001908,Telugu,Address 1001908,Female,monitor;surveyor,5,91001001908,32
1001909,Name_1001909,utkarsh.gupta+1001909@idinsight.org,9001001909,English,Address 1001909,Male,surveyor,5,91001001909,33
1001910,Name_1001910,utkarsh.gupta+1001910@idinsight.org,9001001910,Hindi,Address 1001910,Female,monitor;surveyor,5,91001001910,34
1001911,Name_1001911,utkarsh.gupta+1001911@idinsight.org,9001001911,Telugu,Address 1001911,Male,surveyor,5,91001001911,35
1001912,Name_1001912,utkarsh.gupta+1001912@idinsight.org,9001001912,English,Address 1001912,Female,monitor;surveyor,5,91001001912,36
1001913,Name_1001913,utkarsh.gupta+1001913@idinsight.org,9001001913,Hindi,Address 1001913,Male,surveyor,5,91001001913,37
1001914,Name_1001914,utkarsh.gupta+1001914@idinsight.org,9001001914,Telugu,Address 1001914,Female,monitor;surveyor,5,91001001914,38
1001915,Name_1001915,utkarsh.gupta+1001915@idinsight.org,9001001915,English,Address 1001915,Male,surveyor,5,91001001915,39
1001916,Name_1001916,utkarsh.gupta+1001916@idinsight.org,9001001916,Hindi,Address 1001916,Female,monitor;surveyor,5,91001001916,40
1001917,Name_1001917,utkarsh.gupta+1001917@idinsight.org,9001001917,Telugu,Address 1001917,Male,surveyor,5,91001001917,41
1001918,Name_1001918,utkarsh.gupta+1001918@idinsight.org,9001001918,English,Address 1001918,Female,monitor;surveyor,5,91001001918,42
1001919,Name_1001919,utkarsh.gupta+1001919@idinsight.org,9001001919,Hindi,Address 1001919,Male,surveyor,5,91001001919,43
1001920,Name_1001920,utkarsh.gupta+1001920@idinsight.org,9001001920,Telugu,Address 1001920,Female,monitor;surveyor,5,91001001920,44
1001921,Name_1001921,utkarsh.gupta+1001921@idinsight.org,9001001921,English,Address 1001921,Male,surveyor,5,91001001921,25
1001922,Name_1001922,utkarsh.gupta+1001922@idinsight.org,9001001922,Hindi,Address 1001922,Female,monitor;surveyor,5,91001001922,26
1001923,Name_1001923,utkarsh.gupta+1001923@idinsight.org,9001001923,Telugu,Address 1001923,Male,surveyor,5,91001001923,27
1001924,Name_1001924,utkarsh.gupta+1001924@idinsight.org,9001001924,English,Address 1001924,Female,monitor;surveyor,5,91001001924,28
1001925,Name_1001925,utkarsh.gupta+1001925@idinsight.org,9001001925,Hindi,Address 1001925,Male,surveyor,5,91001001925,29
1001926,Name_1001926,utkarsh.gupta+1001926@idinsight.org,9001001926,Telugu,Address 1001926,Female,monitor;surveyor,5,91001001926,30
1001927,Name_1001927,utkarsh.gupta+1001927@idinsight.org,9001001927,English,Address 1001927,Male,surveyor,5,91001001927,31
1001928,Name_1001928,utkarsh.gupta+1001928@idinsight.org,9001001928,Hindi,Address 1001928,Female,monitor;surveyor,5,91001001928,32
1001929,Name_1001929,utkarsh.gupta+1001929@idinsight.org,9001001929,Telugu,Address 1001929,Male,surveyor,5,91001001929,33
1001930,Name_1001930,utkarsh.gupta+1001930@idinsight.org,9001001930,English,Address 1001930,Female,monitor;surveyor,5,91001001930,34
1001931,Name_1001931,utkarsh.gupta+1001931@idinsight.org,9001001931,Hindi,Address 1001931,Male,surveyor,5,91001001931,35
1001932,Name_1001932,utkarsh.gupta+1001932@idinsight.org,9001001932,Telugu,Address 1001932,Female,monitor;surveyor,5,91001001932,36
1001933,Name_1001933,utkarsh.gupta+1001933@idinsight.org,9001001933,English,Address 1001933,Male,surveyor,5,91001001933,37
1001934,Name_1001934,utkarsh.gupta+1001934@idinsight.org,9001001934,Hindi,Address 1001934,Female,monitor;surveyor,5,91001001934,38
1001935,Name_1001935,utkarsh.gupta+1001935@idinsight.org,9001001935,Telugu,Address 1001935,Male,surveyor,5,91001001935,39
1001936,Name_1001936,utkarsh.gupta+1001936@idinsight.org,9001001936,English,Address 1001936,Female,monitor;surveyor,5,91001001936,40
1001937,Name_1001937,utkarsh.gupta+1001937@idinsight.org,9001001937,Hindi,Address 1001937,Male,surveyor,5,91001001937,41
1001938,Name_1001938,utkarsh.gupta+1001938@idinsight.org,9001001938,Telugu,Address 1001938,Female,monitor;surveyor,5,91001001938,42
1001939,Name_1001939,utkarsh.gupta+1001939@idinsight.org,9001001939,English,Address 1001939,Male,surveyor,5,91001001939,43
1001940,Name_1001940,utkarsh.gupta+1001940@idinsight.org,9001001940,Hindi,Address 1001940,Female,monitor;surveyor,5,91001001940,44
1001941,Name_1001941,utkarsh.gupta+1001941@idinsight.org,9001001941,Telugu,Address 1001941,Male,surveyor,5,91001001941,25
1001942,Name_1001942,utkarsh.gupta+1001942@idinsight.org,9001001942,English,Address 1001942,Female,monitor;surveyor,5,91001001942,26
1001943,Name_1001943,utkarsh.gupta+1001943@idinsight.org,9001001943,Hindi,Address 1001943,Male,surveyor,5,91001001943,27
1001944,Name_1001944,utkarsh.gupta+1001944@idinsight.org,9001001944,Telugu,Address 1001944,Female,monitor;surveyor,5,91001001944,28
1001945,Name_1001945,utkarsh.gupta+1001945@idinsight.org,9001001945,English,Address 1001945,Male,surveyor,5,91001001945,29
1001946,Name_1001946,utkarsh.gupta+1001946@idinsight.org,9001001946,Hindi,Address 1001946,Female,monitor;surveyor,5,91001001946,30
1001947,Name_1001947,utkarsh.gupta+1001947@idinsight.org,9001001947,Telugu,Address 1001947,Male,surveyor,5,91001001947,31
1001948,Name_1001948,utkarsh.gupta+1001948@idinsight.org,9001001948,English,Address 1001948,Female,monitor;surveyor,5,91001001948,32
1001949,Name_1001949,utkarsh.gupta+1001949@idinsight.org,9001001949,Hindi,Address 1001949,Male,surveyor,5,91001001949,33
1001950,Name_1001950,utkarsh.gupta+1001950@idinsight.org,9001001950,Telugu,Address 1001950,Female,monitor;surveyor,5,91001001950,34
1001951,Name_1001951,utkarsh.gupta+1001951@idinsight.org,9001001951,English,Address 1001951,Male,surveyor,5,91001001951,35
1001952,Name_1001952,utkarsh.gupta+1001952@idinsight.org,9001001952,Hindi,Address 1001952,Female,monitor;surveyor,5,91001001952,36
1001953,Name_1001953,utkarsh.gupta+1001953@idinsight.org,9001001953,Telugu,Address 1001953,Male,surveyor,5,91001001953,37
1001954,Name_1001954,utkarsh.gupta+1001954@idinsight.org,9001001954,English,Address 1001954,Female,monitor;surveyor,5,91001001954,38
1001955,Name_1001955,utkarsh.gupta+1001955@idinsight.org,9001001955,Hindi,Address 1001955,Male,surveyor,5,91001001955,39
1001956,Name_1001956,utkarsh.gupta+1001956@idinsight.org,9001001956,Telugu,Address 1001956,Female,monitor;surveyor,5,91001001956,40
1001957,Name_1001957,utkarsh.gupta+1001957@idinsight.org,9001001957,English,Address 1001957,Male,surveyor,5,91001001957,41
1001958,Name_1001958,utkarsh.gupta+1001958@idinsight.org,9001001958,Hindi,Address 1001958,Female,monitor;surveyor,5,91001001958,42
1001959,Name_1001959,utkarsh.gupta+1001959@idinsight.org,9001001959,Telugu,Address 1001959,Male,surveyor,5,91001001959,43
1001960,Name_1001960,utkarsh.gupta+1001960@idinsight.org,9001001960,English,Address 1001960,Female,monitor;surveyor,5,91001001960,44
1001961,Name_1001961,utkarsh.gupta+1001961@idinsight.org,9001001961,Hindi,Address 1001961,Male,surveyor,5,91001001961,25
1001962,Name_1001962,utkarsh.gupta+1001962@idinsight.org,9001001962,Telugu,Address 1001962,Female,monitor;surveyor,5,91001001962,26
1001963,Name_1001963,utkarsh.gupta+1001963@idinsight.org,9001001963,English,Address 1001963,Male,surveyor,5,91001001963,27
1001964,Name_1001964,utkarsh.gupta+1001964@idinsight.org,9001001964,Hindi,Address 1001964,Female,monitor;surveyor,5,91001001964,28
1001965,Name_1001965,utkarsh.gupta+1001965@idinsight.org,9001001965,Telugu,Address 1001965,Male,surveyor,5,91001001965,29
1001966,Name_1001966,utkarsh.gupta+1001966@idinsight.org,9001001966,English,Address 1001966,Female,monitor;surveyor,5,91001001966,30
1001967,Name_1001967,utkarsh.gupta+1001967@idinsight.org,9001001967,Hindi,Address 1001967,Male,surveyor,5,91001001967,31
1001968,Name_1001968,utkarsh.gupta+1001968@idinsight.org,9001001968,Telugu,Address 1001968,Female,monitor;surveyor,5,91001001968,32
1001969,Name_1001969,utkarsh.gupta+1001969@idinsight.org,9001001969,English,Address 1001969,Male,surveyor,5,91001001969,33
1001970,Name_1001970,utkarsh.gupta+1001970@idinsight.org,9001001970,Hindi,Address 1001970,Female,monitor;surveyor,5,91001001970,34
1001971,Name_1001971,utkarsh.gupta+1001971@idinsight.org,9001001971,Telugu,Address 1001971,Male,surveyor,5,91001001971,35
1001972,Name_1001972,utkarsh.gupta+1001972@idinsight.org,9001001972,English,Address 1001972,Female,monitor;surveyor,5,91001001972,36
1001973,Name_1001973,utkarsh.gupta+1001973@idinsight.org,9001001973,Hindi,Address 1001973,Male,surveyor,5,91001001973,37
1001974,Name_1001974,utkarsh.gupta+1001974@idinsight.org,9001001974,Telugu,Address 1001974,Female,monitor;surveyor,5,91001001974,38
1001975,Name_1001975,utkarsh.gupta+1001975@idinsight.org,9001001975,English,Address 1001975,Male,surveyor,5,91001001975,39
1001976,Name_1001976,utkarsh.gupta+1001976@idinsight.org,9001001976,Hindi,Address 1001976,Female,monitor;surveyor,5,91001001976,40
1001977,Name_1001977,utkarsh.gupta+1001977@idinsight.org,9001001977,Telugu,Address 1001977,Male,surveyor,5,91001001977,41
1001978,Name_1001978,utkarsh.gupta+1001978@idinsight.org,9001001978,English,Address 1001978,Female,monitor;surveyor,5,91001001978,42
1001979,Name_1001979,utkarsh.gupta+1001979@idinsight.org,9001001979,Hindi,Address 1001979,Male,surveyor,5,91001001979,43
1001980,Name_1001980,utkarsh.gupta+1001980@idinsight.org,9001001980,Telugu,Address 1001980,Female,monitor;surveyor,5,91001001980,44
1001981,Name_1001981,utkarsh.gupta+1001981@idinsight.org,9001001981,English,Address 1001981,Male,surveyor,5,91001001981,25
1001982,Name_1001982,utkarsh.gupta+1001982@idinsight.org,9001001982,Hindi,Address 1001982,Female,monitor;surveyor,5,91001001982,26
1001983,Name_1001983,utkarsh.gupta+1001983@idinsight.org,9001001983,Telugu,Address 1001983,Male,surveyor,5,91001001983,27
1001984,Name_1001984,utkarsh.gupta+1001984@idinsight.org,9001001984,English,Address 1001984,Female,monitor;surveyor,5,91001001984,28
1001985,Name_1001985,utkarsh.gupta+1001985@idinsight.org,9001001985,Hindi,Address 1001985,Male,surveyor,5,91001001985,29
1001986,Name_1001986,utkarsh.gupta+1001986@idinsight.org,9001001986,Telugu,Address 1001986,Female,monitor;surveyor,5,91001001986,30
1001987,Name_1001987,utkarsh.gupta+1001987@idinsight.org,9001001987,English,Address 1001987,Male,surveyor,5,91001001987,31
1001988,Name_1001988,utkarsh.gupta+1001988@idinsight.org,9001001988,Hindi,Address 1001988,Female,monitor;surveyor,5,91001001988,32
1001989,Name_1001989,utkarsh.gupta+1001989@idinsight.org,9001001989,Telugu,Address 1001989,Male,surveyor,5,91001001989,33
1001990,Name_1001990,utkarsh.gupta+1001990@idinsight.org,9001001990,English,Address 1001990,Female,monitor;surveyor,5,91001001990,34
1001991,Name_1001991,utkarsh.gupta+1001991@idinsight.org,9001001991,Hindi,Address 1001991,Male,surveyor,5,91001001991,35
1001992,Name_1001992,utkarsh.gupta+1001992@idinsight.org,9001001992,Telugu,Address 1001992,Female,monitor;surveyor,5,91001001992,36
1001993,Name_1001993,utkarsh.gupta+1001993@idinsight.org,9001001993,English,Address 1001993,Male,surveyor,5,91001001993,37
1001994,Name_1001994,utkarsh.gupta+1001994@idinsight.org,9001001994,Hindi,Address 1001994,Female,monitor;surveyor,5,91001001994,38
1001995,Name_1001995,utkarsh.gupta+1001995@idinsight.org,9001001995,Telugu,Address 1001995,Male,surveyor,5,91001001995,39
1001996,Name_1001996,utkarsh.gupta+1001996@idinsight.org,9001001996,English,Address 1001996,Female,monitor;surveyor,5,91001001996,40
1001997,Name_1001997,utkarsh.gupta+1001997@idinsight.org,9001001997,Hindi,Address 1001997,Male,surveyor,5,91001001997,41
1001998,Name_1001998,utkarsh.gupta+1001998@idinsight.org,9001001998,Telugu,Address 1001998,Female,monitor;surveyor,5,91001001998,42
1001999,Name_1001999,utkarsh.gupta+1001999@idinsight.org,9001001999,English,Address 1001999,Male,surveyor,5,91001001999,43
1002000,Name_1002000,utkarsh.gupta+1002000@idinsight.org,9001002000,Hindi,Address 1002000,Female,monitor;surveyor,5,91001002000,44
