target_id1,language1,gender1,psu_id1,name1,mobile_primary1,address1
1,English,Male,1510721,Name_1,9000000001,Address 1
2,Hindi,Female,1510721,Name_2,9000000002,Address 2
3,Telugu,Male,1510721,Name_3,9000000003,Address 3
4,English,Female,1510721,Name_4,9000000004,Address 4
5,Hindi,Male,1510721,Name_5,9000000005,Address 5
6,Telugu,Female,1510721,Name_6,9000000006,Address 6
7,English,Male,1510721,Name_7,9000000007,Address 7
8,Hindi,Female,1510721,Name_8,9000000008,Address 8
9,Telugu,Male,1510721,Name_9,9000000009,Address 9
10,English,Female,1510721,Name_10,9000000010,Address 10
11,Hindi,Male,1510721,Name_11,9000000011,Address 11
12,Telugu,Female,1510721,Name_12,9000000012,Address 12
13,English,Male,1510721,Name_13,9000000013,Address 13
14,Hindi,Female,1510721,Name_14,9000000014,Address 14
15,Telugu,Male,1510721,Name_15,9000000015,Address 15
16,English,Female,1510721,Name_16,9000000016,Address 16
17,Hindi,Male,1510721,Name_17,9000000017,Address 17
18,Telugu,Female,1510721,Name_18,9000000018,Address 18
19,English,Male,1510721,Name_19,9000000019,Address 19
20,Hindi,Female,1510721,Name_20,9000000020,Address 20
21,Telugu,Male,1510721,Name_21,9000000021,Address 21
22,English,Female,1510721,Name_22,9000000022,Address 22
23,Hindi,Male,1510733,Name_23,9000000023,Address 23
24,Telugu,Female,1510733,Name_24,9000000024,Address 24
25,English,Male,1510733,Name_25,9000000025,Address 25
26,Hindi,Female,1510733,Name_26,9000000026,Address 26
27,Telugu,Male,1510733,Name_27,9000000027,Address 27
28,English,Female,1510733,Name_28,9000000028,Address 28
29,Hindi,Male,1510733,Name_29,9000000029,Address 29
30,Telugu,Female,1510733,Name_30,9000000030,Address 30
31,English,Male,1510733,Name_31,9000000031,Address 31
32,Hindi,Female,1510733,Name_32,9000000032,Address 32
33,Telugu,Male,1510733,Name_33,9000000033,Address 33
34,English,Female,1510733,Name_34,9000000034,Address 34
35,Hindi,Male,1510733,Name_35,9000000035,Address 35
36,Telugu,Female,1510733,Name_36,9000000036,Address 36
37,English,Male,1510733,Name_37,9000000037,Address 37
38,Hindi,Female,1510733,Name_38,9000000038,Address 38
39,Telugu,Male,1510733,Name_39,9000000039,Address 39
40,English,Female,1510733,Name_40,9000000040,Address 40
41,Hindi,Male,1510733,Name_41,9000000041,Address 41
42,Telugu,Female,1510733,Name_42,9000000042,Address 42
43,English,Male,1510733,Name_43,9000000043,Address 43
44,Hindi,Female,1510733,Name_44,9000000044,Address 44
45,Telugu,Male,1510747,Name_45,9000000045,Address 45
46,English,Female,1510747,Name_46,9000000046,Address 46
47,Hindi,Male,1510747,Name_47,9000000047,Address 47
48,Telugu,Female,1510747,Name_48,9000000048,Address 48
49,English,Male,1510747,Name_49,9000000049,Address 49
50,Hindi,Female,1510747,Name_50,9000000050,Address 50
51,Telugu,Male,1510747,Name_51,9000000051,Address 51
52,English,Female,1510747,Name_52,9000000052,Address 52
53,Hindi,Male,1510747,Name_53,9000000053,Address 53
54,Telugu,Female,1510747,Name_54,9000000054,Address 54
55,English,Male,1510747,Name_55,9000000055,Address 55
56,Hindi,Female,1510747,Name_56,9000000056,Address 56
57,Telugu,Male,1510747,Name_57,9000000057,Address 57
58,English,Female,1510747,Name_58,9000000058,Address 58
59,Hindi,Male,1510747,Name_59,9000000059,Address 59
60,Telugu,Female,1510747,Name_60,9000000060,Address 60
61,English,Male,1510747,Name_61,9000000061,Address 61
62,Hindi,Female,1510747,Name_62,9000000062,Address 62
63,Telugu,Male,1510747,Name_63,9000000063,Address 63
64,English,Female,1510747,Name_64,9000000064,Address 64
65,Hindi,Male,1510747,Name_65,9000000065,Address 65
66,Telugu,Female,1510747,Name_66,9000000066,Address 66
67,English,Male,1510749,Name_67,9000000067,Address 67
68,Hindi,Female,1510749,Name_68,9000000068,Address 68
69,Telugu,Male,1510749,Name_69,9000000069,Address 69
70,English,Female,1510749,Name_70,9000000070,Address 70
71,Hindi,Male,1510749,Name_71,9000000071,Address 71
72,Telugu,Female,1510749,Name_72,9000000072,Address 72
73,English,Male,1510749,Name_73,9000000073,Address 73
74,Hindi,Female,1510749,Name_74,9000000074,Address 74
75,Telugu,Male,1510749,Name_75,9000000075,Address 75
76,English,Female,1510749,Name_76,9000000076,Address 76
77,Hindi,Male,1510749,Name_77,9000000077,Address 77
78,Telugu,Female,1510749,Name_78,9000000078,Address 78
79,English,Male,1510749,Name_79,9000000079,Address 79
80,Hindi,Female,1510749,Name_80,9000000080,Address 80
81,Telugu,Male,1510749,Name_81,9000000081,Address 81
82,English,Female,1510749,Name_82,9000000082,Address 82
83,Hindi,Male,1510749,Name_83,9000000083,Address 83
84,Telugu,Female,1510749,Name_84,9000000084,Address 84
85,English,Male,1510749,Name_85,9000000085,Address 85
86,Hindi,Female,1510749,Name_86,9000000086,Address 86
87,Telugu,Male,1510749,Name_87,9000000087,Address 87
88,English,Female,1510749,Name_88,9000000088,Address 88
89,Hindi,Male,1511312,Name_89,9000000089,Address 89
90,Telugu,Female,1511312,Name_90,9000000090,Address 90
91,English,Male,1511312,Name_91,9000000091,Address 91
92,Hindi,Female,1511312,Name_92,9000000092,Address 92
93,Telugu,Male,1511312,Name_93,9000000093,Address 93
94,English,Female,1511312,Name_94,9000000094,Address 94
95,Hindi,Male,1511312,Name_95,9000000095,Address 95
96,Telugu,Female,1511312,Name_96,9000000096,Address 96
97,English,Male,1511312,Name_97,9000000097,Address 97
98,Hindi,Female,1511312,Name_98,9000000098,Address 98
99,Telugu,Male,1511312,Name_99,9000000099,Address 99
100,English,Female,1511312,Name_100,9000000100,Address 100
101,Hindi,Male,1511312,Name_101,9000000101,Address 101
102,Telugu,Female,1511312,Name_102,9000000102,Address 102
103,English,Male,1511312,Name_103,9000000103,Address 103
104,Hindi,Female,1511312,Name_104,9000000104,Address 104
105,Telugu,Male,1511312,Name_105,9000000105,Address 105
106,English,Female,1511312,Name_106,9000000106,Address 106
107,Hindi,Male,1511312,Name_107,9000000107,Address 107
108,Telugu,Female,1511312,Name_108,9000000108,Address 108
109,English,Male,1511312,Name_109,9000000109,Address 109
110,Hindi,Female,1511312,Name_110,9000000110,Address 110
111,Telugu,Male,1511313,Name_111,9000000111,Address 111
112,English,Female,1511313,Name_112,9000000112,Address 112
113,Hindi,Male,1511313,Name_113,9000000113,Address 113
114,Telugu,Female,1511313,Name_114,9000000114,Address 114
115,English,Male,1511313,Name_115,9000000115,Address 115
116,Hindi,Female,1511313,Name_116,9000000116,Address 116
117,Telugu,Male,1511313,Name_117,9000000117,Address 117
118,English,Female,1511313,Name_118,9000000118,Address 118
119,Hindi,Male,1511313,Name_119,9000000119,Address 119
120,Telugu,Female,1511313,Name_120,9000000120,Address 120
121,English,Male,1511313,Name_121,9000000121,Address 121
122,Hindi,Female,1511313,Name_122,9000000122,Address 122
123,Telugu,Male,1511313,Name_123,9000000123,Address 123
124,English,Female,1511313,Name_124,9000000124,Address 124
125,Hindi,Male,1511313,Name_125,9000000125,Address 125
126,Telugu,Female,1511313,Name_126,9000000126,Address 126
127,English,Male,1511313,Name_127,9000000127,Address 127
128,Hindi,Female,1511313,Name_128,9000000128,Address 128
129,Telugu,Male,1511313,Name_129,9000000129,Address 129
130,English,Female,1511313,Name_130,9000000130,Address 130
131,Hindi,Male,1511313,Name_131,9000000131,Address 131
132,Telugu,Female,1511313,Name_132,9000000132,Address 132
133,English,Male,1511314,Name_133,9000000133,Address 133
134,Hindi,Female,1511314,Name_134,9000000134,Address 134
135,Telugu,Male,1511314,Name_135,9000000135,Address 135
136,English,Female,1511314,Name_136,9000000136,Address 136
137,Hindi,Male,1511314,Name_137,9000000137,Address 137
138,Telugu,Female,1511314,Name_138,9000000138,Address 138
139,English,Male,1511314,Name_139,9000000139,Address 139
140,Hindi,Female,1511314,Name_140,9000000140,Address 140
141,Telugu,Male,1511314,Name_141,9000000141,Address 141
142,English,Female,1511314,Name_142,9000000142,Address 142
143,Hindi,Male,1511314,Name_143,9000000143,Address 143
144,Telugu,Female,1511314,Name_144,9000000144,Address 144
145,English,Male,1511314,Name_145,9000000145,Address 145
146,Hindi,Female,1511314,Name_146,9000000146,Address 146
147,Telugu,Male,1511314,Name_147,9000000147,Address 147
148,English,Female,1511314,Name_148,9000000148,Address 148
149,Hindi,Male,1511314,Name_149,9000000149,Address 149
150,Telugu,Female,1511314,Name_150,9000000150,Address 150
151,English,Male,1511314,Name_151,9000000151,Address 151
152,Hindi,Female,1511314,Name_152,9000000152,Address 152
153,Telugu,Male,1511314,Name_153,9000000153,Address 153
154,English,Female,1511314,Name_154,9000000154,Address 154
155,Hindi,Male,1511318,Name_155,9000000155,Address 155
156,Telugu,Female,1511318,Name_156,9000000156,Address 156
157,English,Male,1511318,Name_157,9000000157,Address 157
158,Hindi,Female,1511318,Name_158,9000000158,Address 158
159,Telugu,Male,1511318,Name_159,9000000159,Address 159
160,English,Female,1511318,Name_160,9000000160,Address 160
161,Hindi,Male,1511318,Name_161,9000000161,Address 161
162,Telugu,Female,1511318,Name_162,9000000162,Address 162
163,English,Male,1511318,Name_163,9000000163,Address 163
164,Hindi,Female,1511318,Name_164,9000000164,Address 164
165,Telugu,Male,1511318,Name_165,9000000165,Address 165
166,English,Female,1511318,Name_166,9000000166,Address 166
167,Hindi,Male,1511318,Name_167,9000000167,Address 167
168,Telugu,Female,1511318,Name_168,9000000168,Address 168
169,English,Male,1511318,Name_169,9000000169,Address 169
170,Hindi,Female,1511318,Name_170,9000000170,Address 170
171,Telugu,Male,1511318,Name_171,9000000171,Address 171
172,English,Female,1511318,Name_172,9000000172,Address 172
173,Hindi,Male,1511318,Name_173,9000000173,Address 173
174,Telugu,Female,1511318,Name_174,9000000174,Address 174
175,English,Male,1511318,Name_175,9000000175,Address 175
176,Hindi,Female,1511318,Name_176,9000000176,Address 176
177,Telugu,Male,1511319,Name_177,9000000177,Address 177
178,English,Female,1511319,Name_178,9000000178,Address 178
179,Hindi,Male,1511319,Name_179,9000000179,Address 179
180,Telugu,Female,1511319,Name_180,9000000180,Address 180
181,English,Male,1511319,Name_181,9000000181,Address 181
182,Hindi,Female,1511319,Name_182,9000000182,Address 182
183,Telugu,Male,1511319,Name_183,9000000183,Address 183
184,English,Female,1511319,Name_184,9000000184,Address 184
185,Hindi,Male,1511319,Name_185,9000000185,Address 185
186,Telugu,Female,1511319,Name_186,9000000186,Address 186
187,English,Male,1511319,Name_187,9000000187,Address 187
188,Hindi,Female,1511319,Name_188,9000000188,Address 188
189,Telugu,Male,1511319,Name_189,9000000189,Address 189
190,English,Female,1511319,Name_190,9000000190,Address 190
191,Hindi,Male,1511319,Name_191,9000000191,Address 191
192,Telugu,Female,1511319,Name_192,9000000192,Address 192
193,English,Male,1511319,Name_193,9000000193,Address 193
194,Hindi,Female,1511319,Name_194,9000000194,Address 194
195,Telugu,Male,1511319,Name_195,9000000195,Address 195
196,English,Female,1511319,Name_196,9000000196,Address 196
197,Hindi,Male,1511319,Name_197,9000000197,Address 197
198,Telugu,Female,1511319,Name_198,9000000198,Address 198
199,English,Male,1511330,Name_199,9000000199,Address 199
200,Hindi,Female,1511330,Name_200,9000000200,Address 200
201,Telugu,Male,1511330,Name_201,9000000201,Address 201
202,English,Female,1511330,Name_202,9000000202,Address 202
203,Hindi,Male,1511330,Name_203,9000000203,Address 203
204,Telugu,Female,1511330,Name_204,9000000204,Address 204
205,English,Male,1511330,Name_205,9000000205,Address 205
206,Hindi,Female,1511330,Name_206,9000000206,Address 206
207,Telugu,Male,1511330,Name_207,9000000207,Address 207
208,English,Female,1511330,Name_208,9000000208,Address 208
209,Hindi,Male,1511330,Name_209,9000000209,Address 209
210,Telugu,Female,1511330,Name_210,9000000210,Address 210
211,English,Male,1511330,Name_211,9000000211,Address 211
212,Hindi,Female,1511330,Name_212,9000000212,Address 212
213,Telugu,Male,1511330,Name_213,9000000213,Address 213
214,English,Female,1511330,Name_214,9000000214,Address 214
215,Hindi,Male,1511330,Name_215,9000000215,Address 215
216,Telugu,Female,1511330,Name_216,9000000216,Address 216
217,English,Male,1511330,Name_217,9000000217,Address 217
218,Hindi,Female,1511330,Name_218,9000000218,Address 218
219,Telugu,Male,1511330,Name_219,9000000219,Address 219
220,English,Female,1511330,Name_220,9000000220,Address 220
221,Hindi,Male,1511331,Name_221,9000000221,Address 221
222,Telugu,Female,1511331,Name_222,9000000222,Address 222
223,English,Male,1511331,Name_223,9000000223,Address 223
224,Hindi,Female,1511331,Name_224,9000000224,Address 224
225,Telugu,Male,1511331,Name_225,9000000225,Address 225
226,English,Female,1511331,Name_226,9000000226,Address 226
227,Hindi,Male,1511331,Name_227,9000000227,Address 227
228,Telugu,Female,1511331,Name_228,9000000228,Address 228
229,English,Male,1511331,Name_229,9000000229,Address 229
230,Hindi,Female,1511331,Name_230,9000000230,Address 230
231,Telugu,Male,1511331,Name_231,9000000231,Address 231
232,English,Female,1511331,Name_232,9000000232,Address 232
233,Hindi,Male,1511331,Name_233,9000000233,Address 233
234,Telugu,Female,1511331,Name_234,9000000234,Address 234
235,English,Male,1511331,Name_235,9000000235,Address 235
236,Hindi,Female,1511331,Name_236,9000000236,Address 236
237,Telugu,Male,1511331,Name_237,9000000237,Address 237
238,English,Female,1511331,Name_238,9000000238,Address 238
239,Hindi,Male,1511331,Name_239,9000000239,Address 239
240,Telugu,Female,1511331,Name_240,9000000240,Address 240
241,English,Male,1511331,Name_241,9000000241,Address 241
242,Hindi,Female,1511331,Name_242,9000000242,Address 242
243,Telugu,Male,1611012,Name_243,9000000243,Address 243
244,English,Female,1611012,Name_244,9000000244,Address 244
245,Hindi,Male,1611012,Name_245,9000000245,Address 245
246,Telugu,Female,1611012,Name_246,9000000246,Address 246
247,English,Male,1611012,Name_247,9000000247,Address 247
248,Hindi,Female,1611012,Name_248,9000000248,Address 248
249,Telugu,Male,1611012,Name_249,9000000249,Address 249
250,English,Female,1611012,Name_250,9000000250,Address 250
251,Hindi,Male,1611012,Name_251,9000000251,Address 251
252,Telugu,Female,1611012,Name_252,9000000252,Address 252
253,English,Male,1611012,Name_253,9000000253,Address 253
254,Hindi,Female,1611012,Name_254,9000000254,Address 254
255,Telugu,Male,1611012,Name_255,9000000255,Address 255
256,English,Female,1611012,Name_256,9000000256,Address 256
257,Hindi,Male,1611012,Name_257,9000000257,Address 257
258,Telugu,Female,1611012,Name_258,9000000258,Address 258
259,English,Male,1611012,Name_259,9000000259,Address 259
260,Hindi,Female,1611012,Name_260,9000000260,Address 260
261,Telugu,Male,1611012,Name_261,9000000261,Address 261
262,English,Female,1611012,Name_262,9000000262,Address 262
263,Hindi,Male,1611012,Name_263,9000000263,Address 263
264,Telugu,Female,1611012,Name_264,9000000264,Address 264
265,English,Male,1611019,Name_265,9000000265,Address 265
266,Hindi,Female,1611019,Name_266,9000000266,Address 266
267,Telugu,Male,1611019,Name_267,9000000267,Address 267
268,English,Female,1611019,Name_268,9000000268,Address 268
269,Hindi,Male,1611019,Name_269,9000000269,Address 269
270,Telugu,Female,1611019,Name_270,9000000270,Address 270
271,English,Male,1611019,Name_271,9000000271,Address 271
272,Hindi,Female,1611019,Name_272,9000000272,Address 272
273,Telugu,Male,1611019,Name_273,9000000273,Address 273
274,English,Female,1611019,Name_274,9000000274,Address 274
275,Hindi,Male,1611019,Name_275,9000000275,Address 275
276,Telugu,Female,1611019,Name_276,9000000276,Address 276
277,English,Male,1611019,Name_277,9000000277,Address 277
278,Hindi,Female,1611019,Name_278,9000000278,Address 278
279,Telugu,Male,1611019,Name_279,9000000279,Address 279
280,English,Female,1611019,Name_280,9000000280,Address 280
281,Hindi,Male,1611019,Name_281,9000000281,Address 281
282,Telugu,Female,1611019,Name_282,9000000282,Address 282
283,English,Male,1611019,Name_283,9000000283,Address 283
284,Hindi,Female,1611019,Name_284,9000000284,Address 284
285,Telugu,Male,1611019,Name_285,9000000285,Address 285
286,English,Female,1611019,Name_286,9000000286,Address 286
287,Hindi,Male,1611025,Name_287,9000000287,Address 287
288,Telugu,Female,1611025,Name_288,9000000288,Address 288
289,English,Male,1611025,Name_289,9000000289,Address 289
290,Hindi,Female,1611025,Name_290,9000000290,Address 290
291,Telugu,Male,1611025,Name_291,9000000291,Address 291
292,English,Female,1611025,Name_292,9000000292,Address 292
293,Hindi,Male,1611025,Name_293,9000000293,Address 293
294,Telugu,Female,1611025,Name_294,9000000294,Address 294
295,English,Male,1611025,Name_295,9000000295,Address 295
296,Hindi,Female,1611025,Name_296,9000000296,Address 296
297,Telugu,Male,1611025,Name_297,9000000297,Address 297
298,English,Female,1611025,Name_298,9000000298,Address 298
299,Hindi,Male,1611025,Name_299,9000000299,Address 299
300,Telugu,Female,1611025,Name_300,9000000300,Address 300
301,English,Male,1611025,Name_301,9000000301,Address 301
302,Hindi,Female,1611025,Name_302,9000000302,Address 302
303,Telugu,Male,1611025,Name_303,9000000303,Address 303
304,English,Female,1611025,Name_304,9000000304,Address 304
305,Hindi,Male,1611025,Name_305,9000000305,Address 305
306,Telugu,Female,1611025,Name_306,9000000306,Address 306
307,English,Male,1611025,Name_307,9000000307,Address 307
308,Hindi,Female,1611025,Name_308,9000000308,Address 308
309,Telugu,Male,1611028,Name_309,9000000309,Address 309
310,English,Female,1611028,Name_310,9000000310,Address 310
311,Hindi,Male,1611028,Name_311,9000000311,Address 311
312,Telugu,Female,1611028,Name_312,9000000312,Address 312
313,English,Male,1611028,Name_313,9000000313,Address 313
314,Hindi,Female,1611028,Name_314,9000000314,Address 314
315,Telugu,Male,1611028,Name_315,9000000315,Address 315
316,English,Female,1611028,Name_316,9000000316,Address 316
317,Hindi,Male,1611028,Name_317,9000000317,Address 317
318,Telugu,Female,1611028,Name_318,9000000318,Address 318
319,English,Male,1611028,Name_319,9000000319,Address 319
320,Hindi,Female,1611028,Name_320,9000000320,Address 320
321,Telugu,Male,1611028,Name_321,9000000321,Address 321
322,English,Female,1611028,Name_322,9000000322,Address 322
323,Hindi,Male,1611028,Name_323,9000000323,Address 323
324,Telugu,Female,1611028,Name_324,9000000324,Address 324
325,English,Male,1611028,Name_325,9000000325,Address 325
326,Hindi,Female,1611028,Name_326,9000000326,Address 326
327,Telugu,Male,1611028,Name_327,9000000327,Address 327
328,English,Female,1611028,Name_328,9000000328,Address 328
329,Hindi,Male,1611028,Name_329,9000000329,Address 329
330,Telugu,Female,1611028,Name_330,9000000330,Address 330
331,English,Male,1611037,Name_331,9000000331,Address 331
332,Hindi,Female,1611037,Name_332,9000000332,Address 332
333,Telugu,Male,1611037,Name_333,9000000333,Address 333
334,English,Female,1611037,Name_334,9000000334,Address 334
335,Hindi,Male,1611037,Name_335,9000000335,Address 335
336,Telugu,Female,1611037,Name_336,9000000336,Address 336
337,English,Male,1611037,Name_337,9000000337,Address 337
338,Hindi,Female,1611037,Name_338,9000000338,Address 338
339,Telugu,Male,1611037,Name_339,9000000339,Address 339
340,English,Female,1611037,Name_340,9000000340,Address 340
341,Hindi,Male,1611037,Name_341,9000000341,Address 341
342,Telugu,Female,1611037,Name_342,9000000342,Address 342
343,English,Male,1611037,Name_343,9000000343,Address 343
344,Hindi,Female,1611037,Name_344,9000000344,Address 344
345,Telugu,Male,1611037,Name_345,9000000345,Address 345
346,English,Female,1611037,Name_346,9000000346,Address 346
347,Hindi,Male,1611037,Name_347,9000000347,Address 347
348,Telugu,Female,1611037,Name_348,9000000348,Address 348
349,English,Male,1611037,Name_349,9000000349,Address 349
350,Hindi,Female,1611037,Name_350,9000000350,Address 350
351,Telugu,Male,1611037,Name_351,9000000351,Address 351
352,English,Female,1611037,Name_352,9000000352,Address 352
353,Hindi,Male,1611040,Name_353,9000000353,Address 353
354,Telugu,Female,1611040,Name_354,9000000354,Address 354
355,English,Male,1611040,Name_355,9000000355,Address 355
356,Hindi,Female,1611040,Name_356,9000000356,Address 356
357,Telugu,Male,1611040,Name_357,9000000357,Address 357
358,English,Female,1611040,Name_358,9000000358,Address 358
359,Hindi,Male,1611040,Name_359,9000000359,Address 359
360,Telugu,Female,1611040,Name_360,9000000360,Address 360
361,English,Male,1611040,Name_361,9000000361,Address 361
362,Hindi,Female,1611040,Name_362,9000000362,Address 362
363,Telugu,Male,1611040,Name_363,9000000363,Address 363
364,English,Female,1611040,Name_364,9000000364,Address 364
365,Hindi,Male,1611040,Name_365,9000000365,Address 365
366,Telugu,Female,1611040,Name_366,9000000366,Address 366
367,English,Male,1611040,Name_367,9000000367,Address 367
368,Hindi,Female,1611040,Name_368,9000000368,Address 368
369,Telugu,Male,1611040,Name_369,9000000369,Address 369
370,English,Female,1611040,Name_370,9000000370,Address 370
371,Hindi,Male,1611040,Name_371,9000000371,Address 371
372,Telugu,Female,1611040,Name_372,9000000372,Address 372
373,English,Male,1611040,Name_373,9000000373,Address 373
374,Hindi,Female,1611040,Name_374,9000000374,Address 374
375,Telugu,Male,1611041,Name_375,9000000375,Address 375
376,English,Female,1611041,Name_376,9000000376,Address 376
377,Hindi,Male,1611041,Name_377,9000000377,Address 377
378,Telugu,Female,1611041,Name_378,9000000378,Address 378
379,English,Male,1611041,Name_379,9000000379,Address 379
380,Hindi,Female,1611041,Name_380,9000000380,Address 380
381,Telugu,Male,1611041,Name_381,9000000381,Address 381
382,English,Female,1611041,Name_382,9000000382,Address 382
383,Hindi,Male,1611041,Name_383,9000000383,Address 383
384,Telugu,Female,1611041,Name_384,9000000384,Address 384
385,English,Male,1611041,Name_385,9000000385,Address 385
386,Hindi,Female,1611041,Name_386,9000000386,Address 386
387,Telugu,Male,1611041,Name_387,9000000387,Address 387
388,English,Female,1611041,Name_388,9000000388,Address 388
389,Hindi,Male,1611041,Name_389,9000000389,Address 389
390,Telugu,Female,1611041,Name_390,9000000390,Address 390
391,English,Male,1611041,Name_391,9000000391,Address 391
392,Hindi,Female,1611041,Name_392,9000000392,Address 392
393,Telugu,Male,1611041,Name_393,9000000393,Address 393
394,English,Female,1611041,Name_394,9000000394,Address 394
395,Hindi,Male,1611041,Name_395,9000000395,Address 395
396,Telugu,Female,1611041,Name_396,9000000396,Address 396
397,English,Male,161105,Name_397,9000000397,Address 397
398,Hindi,Female,161105,Name_398,9000000398,Address 398
399,Telugu,Male,161105,Name_399,9000000399,Address 399
400,English,Female,161105,Name_400,9000000400,Address 400
401,Hindi,Male,161105,Name_401,9000000401,Address 401
402,Telugu,Female,161105,Name_402,9000000402,Address 402
403,English,Male,161105,Name_403,9000000403,Address 403
404,Hindi,Female,161105,Name_404,9000000404,Address 404
405,Telugu,Male,161105,Name_405,9000000405,Address 405
406,English,Female,161105,Name_406,9000000406,Address 406
407,Hindi,Male,161105,Name_407,9000000407,Address 407
408,Telugu,Female,161105,Name_408,9000000408,Address 408
409,English,Male,161105,Name_409,9000000409,Address 409
410,Hindi,Female,161105,Name_410,9000000410,Address 410
411,Telugu,Male,161105,Name_411,9000000411,Address 411
412,English,Female,161105,Name_412,9000000412,Address 412
413,Hindi,Male,161105,Name_413,9000000413,Address 413
414,Telugu,Female,161105,Name_414,9000000414,Address 414
415,English,Male,161105,Name_415,9000000415,Address 415
416,Hindi,Female,161105,Name_416,9000000416,Address 416
417,Telugu,Male,161105,Name_417,9000000417,Address 417
418,English,Female,161105,Name_418,9000000418,Address 418
419,Hindi,Male,161107,Name_419,9000000419,Address 419
420,Telugu,Female,161107,Name_420,9000000420,Address 420
421,English,Male,161107,Name_421,9000000421,Address 421
422,Hindi,Female,161107,Name_422,9000000422,Address 422
423,Telugu,Male,161107,Name_423,9000000423,Address 423
424,English,Female,161107,Name_424,9000000424,Address 424
425,Hindi,Male,161107,Name_425,9000000425,Address 425
426,Telugu,Female,161107,Name_426,9000000426,Address 426
427,English,Male,161107,Name_427,9000000427,Address 427
428,Hindi,Female,161107,Name_428,9000000428,Address 428
429,Telugu,Male,161107,Name_429,9000000429,Address 429
430,English,Female,161107,Name_430,9000000430,Address 430
431,Hindi,Male,161107,Name_431,9000000431,Address 431
432,Telugu,Female,161107,Name_432,9000000432,Address 432
433,English,Male,161107,Name_433,9000000433,Address 433
434,Hindi,Female,161107,Name_434,9000000434,Address 434
435,Telugu,Male,161107,Name_435,9000000435,Address 435
436,English,Female,161107,Name_436,9000000436,Address 436
437,Hindi,Male,161107,Name_437,9000000437,Address 437
438,Telugu,Female,161107,Name_438,9000000438,Address 438
439,English,Male,161107,Name_439,9000000439,Address 439
440,Hindi,Female,161107,Name_440,9000000440,Address 440
441,Telugu,Male,1611552,Name_441,9000000441,Address 441
442,English,Female,1611552,Name_442,9000000442,Address 442
443,Hindi,Male,1611552,Name_443,9000000443,Address 443
444,Telugu,Female,1611552,Name_444,9000000444,Address 444
445,English,Male,1611552,Name_445,9000000445,Address 445
446,Hindi,Female,1611552,Name_446,9000000446,Address 446
447,Telugu,Male,1611552,Name_447,9000000447,Address 447
448,English,Female,1611552,Name_448,9000000448,Address 448
449,Hindi,Male,1611552,Name_449,9000000449,Address 449
450,Telugu,Female,1611552,Name_450,9000000450,Address 450
451,English,Male,1611552,Name_451,9000000451,Address 451
452,Hindi,Female,1611552,Name_452,9000000452,Address 452
453,Telugu,Male,1611552,Name_453,9000000453,Address 453
454,English,Female,1611552,Name_454,9000000454,Address 454
455,Hindi,Male,1611552,Name_455,9000000455,Address 455
456,Telugu,Female,1611552,Name_456,9000000456,Address 456
457,English,Male,1611552,Name_457,9000000457,Address 457
458,Hindi,Female,1611552,Name_458,9000000458,Address 458
459,Telugu,Male,1611552,Name_459,9000000459,Address 459
460,English,Female,1611552,Name_460,9000000460,Address 460
461,Hindi,Male,1611552,Name_461,9000000461,Address 461
462,Telugu,Female,1611552,Name_462,9000000462,Address 462
463,English,Male,16118106,Name_463,9000000463,Address 463
464,Hindi,Female,16118106,Name_464,9000000464,Address 464
465,Telugu,Male,16118106,Name_465,9000000465,Address 465
466,English,Female,16118106,Name_466,9000000466,Address 466
467,Hindi,Male,16118106,Name_467,9000000467,Address 467
468,Telugu,Female,16118106,Name_468,9000000468,Address 468
469,English,Male,16118106,Name_469,9000000469,Address 469
470,Hindi,Female,16118106,Name_470,9000000470,Address 470
471,Telugu,Male,16118106,Name_471,9000000471,Address 471
472,English,Female,16118106,Name_472,9000000472,Address 472
473,Hindi,Male,16118106,Name_473,9000000473,Address 473
474,Telugu,Female,16118106,Name_474,9000000474,Address 474
475,English,Male,16118106,Name_475,9000000475,Address 475
476,Hindi,Female,16118106,Name_476,9000000476,Address 476
477,Telugu,Male,16118106,Name_477,9000000477,Address 477
478,English,Female,16118106,Name_478,9000000478,Address 478
479,Hindi,Male,16118106,Name_479,9000000479,Address 479
480,Telugu,Female,16118106,Name_480,9000000480,Address 480
481,English,Male,16118106,Name_481,9000000481,Address 481
482,Hindi,Female,16118106,Name_482,9000000482,Address 482
483,Telugu,Male,16118106,Name_483,9000000483,Address 483
484,English,Female,16118106,Name_484,9000000484,Address 484
485,Hindi,Male,16118117,Name_485,9000000485,Address 485
486,Telugu,Female,16118117,Name_486,9000000486,Address 486
487,English,Male,16118117,Name_487,9000000487,Address 487
488,Hindi,Female,16118117,Name_488,9000000488,Address 488
489,Telugu,Male,16118117,Name_489,9000000489,Address 489
490,English,Female,16118117,Name_490,9000000490,Address 490
491,Hindi,Male,16118117,Name_491,9000000491,Address 491
492,Telugu,Female,16118117,Name_492,9000000492,Address 492
493,English,Male,16118117,Name_493,9000000493,Address 493
494,Hindi,Female,16118117,Name_494,9000000494,Address 494
495,Telugu,Male,16118117,Name_495,9000000495,Address 495
496,English,Female,16118117,Name_496,9000000496,Address 496
497,Hindi,Male,16118117,Name_497,9000000497,Address 497
498,Telugu,Female,16118117,Name_498,9000000498,Address 498
499,English,Male,16118117,Name_499,9000000499,Address 499
500,Hindi,Female,16118117,Name_500,9000000500,Address 500
501,Telugu,Male,16118117,Name_501,9000000501,Address 501
502,English,Female,16118117,Name_502,9000000502,Address 502
503,Hindi,Male,16118117,Name_503,9000000503,Address 503
504,Telugu,Female,16118117,Name_504,9000000504,Address 504
505,English,Male,16118117,Name_505,9000000505,Address 505
506,Hindi,Female,16118117,Name_506,9000000506,Address 506
507,Telugu,Male,16118118,Name_507,9000000507,Address 507
508,English,Female,16118118,Name_508,9000000508,Address 508
509,Hindi,Male,16118118,Name_509,9000000509,Address 509
510,Telugu,Female,16118118,Name_510,9000000510,Address 510
511,English,Male,16118118,Name_511,9000000511,Address 511
512,Hindi,Female,16118118,Name_512,9000000512,Address 512
513,Telugu,Male,16118118,Name_513,9000000513,Address 513
514,English,Female,16118118,Name_514,9000000514,Address 514
515,Hindi,Male,16118118,Name_515,9000000515,Address 515
516,Telugu,Female,16118118,Name_516,9000000516,Address 516
517,English,Male,16118118,Name_517,9000000517,Address 517
518,Hindi,Female,16118118,Name_518,9000000518,Address 518
519,Telugu,Male,16118118,Name_519,9000000519,Address 519
520,English,Female,16118118,Name_520,9000000520,Address 520
521,Hindi,Male,16118118,Name_521,9000000521,Address 521
522,Telugu,Female,16118118,Name_522,9000000522,Address 522
523,English,Male,16118118,Name_523,9000000523,Address 523
524,Hindi,Female,16118118,Name_524,9000000524,Address 524
525,Telugu,Male,16118118,Name_525,9000000525,Address 525
526,English,Female,16118118,Name_526,9000000526,Address 526
527,Hindi,Male,16118118,Name_527,9000000527,Address 527
528,Telugu,Female,16118118,Name_528,9000000528,Address 528
529,English,Male,16118122,Name_529,9000000529,Address 529
530,Hindi,Female,16118122,Name_530,9000000530,Address 530
531,Telugu,Male,16118122,Name_531,9000000531,Address 531
532,English,Female,16118122,Name_532,9000000532,Address 532
533,Hindi,Male,16118122,Name_533,9000000533,Address 533
534,Telugu,Female,16118122,Name_534,9000000534,Address 534
535,English,Male,16118122,Name_535,9000000535,Address 535
536,Hindi,Female,16118122,Name_536,9000000536,Address 536
537,Telugu,Male,16118122,Name_537,9000000537,Address 537
538,English,Female,16118122,Name_538,9000000538,Address 538
539,Hindi,Male,16118122,Name_539,9000000539,Address 539
540,Telugu,Female,16118122,Name_540,9000000540,Address 540
541,English,Male,16118122,Name_541,9000000541,Address 541
542,Hindi,Female,16118122,Name_542,9000000542,Address 542
543,Telugu,Male,16118122,Name_543,9000000543,Address 543
544,English,Female,16118122,Name_544,9000000544,Address 544
545,Hindi,Male,16118122,Name_545,9000000545,Address 545
546,Telugu,Female,16118122,Name_546,9000000546,Address 546
547,English,Male,16118122,Name_547,9000000547,Address 547
548,Hindi,Female,16118122,Name_548,9000000548,Address 548
549,Telugu,Male,16118122,Name_549,9000000549,Address 549
550,English,Female,16118122,Name_550,9000000550,Address 550
551,Hindi,Male,16118123,Name_551,9000000551,Address 551
552,Telugu,Female,16118123,Name_552,9000000552,Address 552
553,English,Male,16118123,Name_553,9000000553,Address 553
554,Hindi,Female,16118123,Name_554,9000000554,Address 554
555,Telugu,Male,16118123,Name_555,9000000555,Address 555
556,English,Female,16118123,Name_556,9000000556,Address 556
557,Hindi,Male,16118123,Name_557,9000000557,Address 557
558,Telugu,Female,16118123,Name_558,9000000558,Address 558
559,English,Male,16118123,Name_559,9000000559,Address 559
560,Hindi,Female,16118123,Name_560,9000000560,Address 560
561,Telugu,Male,16118123,Name_561,9000000561,Address 561
562,English,Female,16118123,Name_562,9000000562,Address 562
563,Hindi,Male,16118123,Name_563,9000000563,Address 563
564,Telugu,Female,16118123,Name_564,9000000564,Address 564
565,English,Male,16118123,Name_565,9000000565,Address 565
566,Hindi,Female,16118123,Name_566,9000000566,Address 566
567,Telugu,Male,16118123,Name_567,9000000567,Address 567
568,English,Female,16118123,Name_568,9000000568,Address 568
569,Hindi,Male,16118123,Name_569,9000000569,Address 569
570,Telugu,Female,16118123,Name_570,9000000570,Address 570
571,English,Male,16118123,Name_571,9000000571,Address 571
572,Hindi,Female,16118123,Name_572,9000000572,Address 572
573,Telugu,Male,1611853,Name_573,9000000573,Address 573
574,English,Female,1611853,Name_574,9000000574,Address 574
575,Hindi,Male,1611853,Name_575,9000000575,Address 575
576,Telugu,Female,1611853,Name_576,9000000576,Address 576
577,English,Male,1611853,Name_577,9000000577,Address 577
578,Hindi,Female,1611853,Name_578,9000000578,Address 578
579,Telugu,Male,1611853,Name_579,9000000579,Address 579
580,English,Female,1611853,Name_580,9000000580,Address 580
581,Hindi,Male,1611853,Name_581,9000000581,Address 581
582,Telugu,Female,1611853,Name_582,9000000582,Address 582
583,English,Male,1611853,Name_583,9000000583,Address 583
584,Hindi,Female,1611853,Name_584,9000000584,Address 584
585,Telugu,Male,1611853,Name_585,9000000585,Address 585
586,English,Female,1611853,Name_586,9000000586,Address 586
587,Hindi,Male,1611853,Name_587,9000000587,Address 587
588,Telugu,Female,1611853,Name_588,9000000588,Address 588
589,English,Male,1611853,Name_589,9000000589,Address 589
590,Hindi,Female,1611853,Name_590,9000000590,Address 590
591,Telugu,Male,1611853,Name_591,9000000591,Address 591
592,English,Female,1611853,Name_592,9000000592,Address 592
593,Hindi,Male,1611853,Name_593,9000000593,Address 593
594,Telugu,Female,1611853,Name_594,9000000594,Address 594
595,English,Male,1611866,Name_595,9000000595,Address 595
596,Hindi,Female,1611866,Name_596,9000000596,Address 596
597,Telugu,Male,1611866,Name_597,9000000597,Address 597
598,English,Female,1611866,Name_598,9000000598,Address 598
599,Hindi,Male,1611866,Name_599,9000000599,Address 599
600,Telugu,Female,1611866,Name_600,9000000600,Address 600
601,English,Male,1611866,Name_601,9000000601,Address 601
602,Hindi,Female,1611866,Name_602,9000000602,Address 602
603,Telugu,Male,1611866,Name_603,9000000603,Address 603
604,English,Female,1611866,Name_604,9000000604,Address 604
605,Hindi,Male,1611866,Name_605,9000000605,Address 605
606,Telugu,Female,1611866,Name_606,9000000606,Address 606
607,English,Male,1611866,Name_607,9000000607,Address 607
608,Hindi,Female,1611866,Name_608,9000000608,Address 608
609,Telugu,Male,1611866,Name_609,9000000609,Address 609
610,English,Female,1611866,Name_610,9000000610,Address 610
611,Hindi,Male,1611866,Name_611,9000000611,Address 611
612,Telugu,Female,1611866,Name_612,9000000612,Address 612
613,English,Male,1611866,Name_613,9000000613,Address 613
614,Hindi,Female,1611866,Name_614,9000000614,Address 614
615,Telugu,Male,1611866,Name_615,9000000615,Address 615
616,English,Female,1611866,Name_616,9000000616,Address 616
617,Hindi,Male,1611873,Name_617,9000000617,Address 617
618,Telugu,Female,1611873,Name_618,9000000618,Address 618
619,English,Male,1611873,Name_619,9000000619,Address 619
620,Hindi,Female,1611873,Name_620,9000000620,Address 620
621,Telugu,Male,1611873,Name_621,9000000621,Address 621
622,English,Female,1611873,Name_622,9000000622,Address 622
623,Hindi,Male,1611873,Name_623,9000000623,Address 623
624,Telugu,Female,1611873,Name_624,9000000624,Address 624
625,English,Male,1611873,Name_625,9000000625,Address 625
626,Hindi,Female,1611873,Name_626,9000000626,Address 626
627,Telugu,Male,1611873,Name_627,9000000627,Address 627
628,English,Female,1611873,Name_628,9000000628,Address 628
629,Hindi,Male,1611873,Name_629,9000000629,Address 629
630,Telugu,Female,1611873,Name_630,9000000630,Address 630
631,English,Male,1611873,Name_631,9000000631,Address 631
632,Hindi,Female,1611873,Name_632,9000000632,Address 632
633,Telugu,Male,1611873,Name_633,9000000633,Address 633
634,English,Female,1611873,Name_634,9000000634,Address 634
635,Hindi,Male,1611873,Name_635,9000000635,Address 635
636,Telugu,Female,1611873,Name_636,9000000636,Address 636
637,English,Male,1611873,Name_637,9000000637,Address 637
638,Hindi,Female,1611873,Name_638,9000000638,Address 638
639,Telugu,Male,1611874,Name_639,9000000639,Address 639
640,English,Female,1611874,Name_640,9000000640,Address 640
641,Hindi,Male,1611874,Name_641,9000000641,Address 641
642,Telugu,Female,1611874,Name_642,9000000642,Address 642
643,English,Male,1611874,Name_643,9000000643,Address 643
644,Hindi,Female,1611874,Name_644,9000000644,Address 644
645,Telugu,Male,1611874,Name_645,9000000645,Address 645
646,English,Female,1611874,Name_646,9000000646,Address 646
647,Hindi,Male,1611874,Name_647,9000000647,Address 647
648,Telugu,Female,1611874,Name_648,9000000648,Address 648
649,English,Male,1611874,Name_649,9000000649,Address 649
650,Hindi,Female,1611874,Name_650,9000000650,Address 650
651,Telugu,Male,1611874,Name_651,9000000651,Address 651
652,English,Female,1611874,Name_652,9000000652,Address 652
653,Hindi,Male,1611874,Name_653,9000000653,Address 653
654,Telugu,Female,1611874,Name_654,9000000654,Address 654
655,English,Male,1611874,Name_655,9000000655,Address 655
656,Hindi,Female,1611874,Name_656,9000000656,Address 656
657,Telugu,Male,1611874,Name_657,9000000657,Address 657
658,English,Female,1611874,Name_658,9000000658,Address 658
659,Hindi,Male,1611874,Name_659,9000000659,Address 659
660,Telugu,Female,1611874,Name_660,9000000660,Address 660
661,English,Male,1611879,Name_661,9000000661,Address 661
662,Hindi,Female,1611879,Name_662,9000000662,Address 662
663,Telugu,Male,1611879,Name_663,9000000663,Address 663
664,English,Female,1611879,Name_664,9000000664,Address 664
665,Hindi,Male,1611879,Name_665,9000000665,Address 665
666,Telugu,Female,1611879,Name_666,9000000666,Address 666
667,English,Male,1611879,Name_667,9000000667,Address 667
668,Hindi,Female,1611879,Name_668,9000000668,Address 668
669,Telugu,Male,1611879,Name_669,9000000669,Address 669
670,English,Female,1611879,Name_670,9000000670,Address 670
671,Hindi,Male,1611879,Name_671,9000000671,Address 671
672,Telugu,Female,1611879,Name_672,9000000672,Address 672
673,English,Male,1611879,Name_673,9000000673,Address 673
674,Hindi,Female,1611879,Name_674,9000000674,Address 674
675,Telugu,Male,1611879,Name_675,9000000675,Address 675
676,English,Female,1611879,Name_676,9000000676,Address 676
677,Hindi,Male,1611879,Name_677,9000000677,Address 677
678,Telugu,Female,1611879,Name_678,9000000678,Address 678
679,English,Male,1611879,Name_679,9000000679,Address 679
680,Hindi,Female,1611879,Name_680,9000000680,Address 680
681,Telugu,Male,1611879,Name_681,9000000681,Address 681
682,English,Female,1611879,Name_682,9000000682,Address 682
683,Hindi,Male,1611880,Name_683,9000000683,Address 683
684,Telugu,Female,1611880,Name_684,9000000684,Address 684
685,English,Male,1611880,Name_685,9000000685,Address 685
686,Hindi,Female,1611880,Name_686,9000000686,Address 686
687,Telugu,Male,1611880,Name_687,9000000687,Address 687
688,English,Female,1611880,Name_688,9000000688,Address 688
689,Hindi,Male,1611880,Name_689,9000000689,Address 689
690,Telugu,Female,1611880,Name_690,9000000690,Address 690
691,English,Male,1611880,Name_691,9000000691,Address 691
692,Hindi,Female,1611880,Name_692,9000000692,Address 692
693,Telugu,Male,1611880,Name_693,9000000693,Address 693
694,English,Female,1611880,Name_694,9000000694,Address 694
695,Hindi,Male,1611880,Name_695,9000000695,Address 695
696,Telugu,Female,1611880,Name_696,9000000696,Address 696
697,English,Male,1611880,Name_697,9000000697,Address 697
698,Hindi,Female,1611880,Name_698,9000000698,Address 698
699,Telugu,Male,1611880,Name_699,9000000699,Address 699
700,English,Female,1611880,Name_700,9000000700,Address 700
701,Hindi,Male,1611880,Name_701,9000000701,Address 701
702,Telugu,Female,1611880,Name_702,9000000702,Address 702
703,English,Male,1611880,Name_703,9000000703,Address 703
704,Hindi,Female,1611880,Name_704,9000000704,Address 704
705,Telugu,Male,1611885,Name_705,9000000705,Address 705
706,English,Female,1611885,Name_706,9000000706,Address 706
707,Hindi,Male,1611885,Name_707,9000000707,Address 707
708,Telugu,Female,1611885,Name_708,9000000708,Address 708
709,English,Male,1611885,Name_709,9000000709,Address 709
710,Hindi,Female,1611885,Name_710,9000000710,Address 710
711,Telugu,Male,1611885,Name_711,9000000711,Address 711
712,English,Female,1611885,Name_712,9000000712,Address 712
713,Hindi,Male,1611885,Name_713,9000000713,Address 713
714,Telugu,Female,1611885,Name_714,9000000714,Address 714
715,English,Male,1611885,Name_715,9000000715,Address 715
716,Hindi,Female,1611885,Name_716,9000000716,Address 716
717,Telugu,Male,1611885,Name_717,9000000717,Address 717
718,English,Female,1611885,Name_718,9000000718,Address 718
719,Hindi,Male,1611885,Name_719,9000000719,Address 719
720,Telugu,Female,1611885,Name_720,9000000720,Address 720
721,English,Male,1611885,Name_721,9000000721,Address 721
722,Hindi,Female,1611885,Name_722,9000000722,Address 722
723,Telugu,Male,1611885,Name_723,9000000723,Address 723
724,English,Female,1611885,Name_724,9000000724,Address 724
725,Hindi,Male,1611885,Name_725,9000000725,Address 725
726,Telugu,Female,1611885,Name_726,9000000726,Address 726
727,English,Male,1611887,Name_727,9000000727,Address 727
728,Hindi,Female,1611887,Name_728,9000000728,Address 728
729,Telugu,Male,1611887,Name_729,9000000729,Address 729
730,English,Female,1611887,Name_730,9000000730,Address 730
731,Hindi,Male,1611887,Name_731,9000000731,Address 731
732,Telugu,Female,1611887,Name_732,9000000732,Address 732
733,English,Male,1611887,Name_733,9000000733,Address 733
734,Hindi,Female,1611887,Name_734,9000000734,Address 734
735,Telugu,Male,1611887,Name_735,9000000735,Address 735
736,English,Female,1611887,Name_736,9000000736,Address 736
737,Hindi,Male,1611887,Name_737,9000000737,Address 737
738,Telugu,Female,1611887,Name_738,9000000738,Address 738
739,English,Male,1611887,Name_739,9000000739,Address 739
740,Hindi,Female,1611887,Name_740,9000000740,Address 740
741,Telugu,Male,1611887,Name_741,9000000741,Address 741
742,English,Female,1611887,Name_742,9000000742,Address 742
743,Hindi,Male,1611887,Name_743,9000000743,Address 743
744,Telugu,Female,1611887,Name_744,9000000744,Address 744
745,English,Male,1611887,Name_745,9000000745,Address 745
746,Hindi,Female,1611887,Name_746,9000000746,Address 746
747,Telugu,Male,1611887,Name_747,9000000747,Address 747
748,English,Female,1611887,Name_748,9000000748,Address 748
749,Hindi,Male,1611888,Name_749,9000000749,Address 749
750,Telugu,Female,1611888,Name_750,9000000750,Address 750
751,English,Male,1611888,Name_751,9000000751,Address 751
752,Hindi,Female,1611888,Name_752,9000000752,Address 752
753,Telugu,Male,1611888,Name_753,9000000753,Address 753
754,English,Female,1611888,Name_754,9000000754,Address 754
755,Hindi,Male,1611888,Name_755,9000000755,Address 755
756,Telugu,Female,1611888,Name_756,9000000756,Address 756
757,English,Male,1611888,Name_757,9000000757,Address 757
758,Hindi,Female,1611888,Name_758,9000000758,Address 758
759,Telugu,Male,1611888,Name_759,9000000759,Address 759
760,English,Female,1611888,Name_760,9000000760,Address 760
761,Hindi,Male,1611888,Name_761,9000000761,Address 761
762,Telugu,Female,1611888,Name_762,9000000762,Address 762
763,English,Male,1611888,Name_763,9000000763,Address 763
764,Hindi,Female,1611888,Name_764,9000000764,Address 764
765,Telugu,Male,1611888,Name_765,9000000765,Address 765
766,English,Female,1611888,Name_766,9000000766,Address 766
767,Hindi,Male,1611888,Name_767,9000000767,Address 767
768,Telugu,Female,1611888,Name_768,9000000768,Address 768
769,English,Male,1611888,Name_769,9000000769,Address 769
770,Hindi,Female,1611888,Name_770,9000000770,Address 770
771,Telugu,Male,17101102,Name_771,9000000771,Address 771
772,English,Female,17101102,Name_772,9000000772,Address 772
773,Hindi,Male,17101102,Name_773,9000000773,Address 773
774,Telugu,Female,17101102,Name_774,9000000774,Address 774
775,English,Male,17101102,Name_775,9000000775,Address 775
776,Hindi,Female,17101102,Name_776,9000000776,Address 776
777,Telugu,Male,17101102,Name_777,9000000777,Address 777
778,English,Female,17101102,Name_778,9000000778,Address 778
779,Hindi,Male,17101102,Name_779,9000000779,Address 779
780,Telugu,Female,17101102,Name_780,9000000780,Address 780
781,English,Male,17101102,Name_781,9000000781,Address 781
782,Hindi,Female,17101102,Name_782,9000000782,Address 782
783,Telugu,Male,17101102,Name_783,9000000783,Address 783
784,English,Female,17101102,Name_784,9000000784,Address 784
785,Hindi,Male,17101102,Name_785,9000000785,Address 785
786,Telugu,Female,17101102,Name_786,9000000786,Address 786
787,English,Male,17101102,Name_787,9000000787,Address 787
788,Hindi,Female,17101102,Name_788,9000000788,Address 788
789,Telugu,Male,17101102,Name_789,9000000789,Address 789
790,English,Female,17101102,Name_790,9000000790,Address 790
791,Hindi,Male,17101102,Name_791,9000000791,Address 791
792,Telugu,Female,17101102,Name_792,9000000792,Address 792
793,English,Male,17101107,Name_793,9000000793,Address 793
794,Hindi,Female,17101107,Name_794,9000000794,Address 794
795,Telugu,Male,17101107,Name_795,9000000795,Address 795
796,English,Female,17101107,Name_796,9000000796,Address 796
797,Hindi,Male,17101107,Name_797,9000000797,Address 797
798,Telugu,Female,17101107,Name_798,9000000798,Address 798
799,English,Male,17101107,Name_799,9000000799,Address 799
800,Hindi,Female,17101107,Name_800,9000000800,Address 800
801,Telugu,Male,17101107,Name_801,9000000801,Address 801
802,English,Female,17101107,Name_802,9000000802,Address 802
803,Hindi,Male,17101107,Name_803,9000000803,Address 803
804,Telugu,Female,17101107,Name_804,9000000804,Address 804
805,English,Male,17101107,Name_805,9000000805,Address 805
806,Hindi,Female,17101107,Name_806,9000000806,Address 806
807,Telugu,Male,17101107,Name_807,9000000807,Address 807
808,English,Female,17101107,Name_808,9000000808,Address 808
809,Hindi,Male,17101107,Name_809,9000000809,Address 809
810,Telugu,Female,17101107,Name_810,9000000810,Address 810
811,English,Male,17101107,Name_811,9000000811,Address 811
812,Hindi,Female,17101107,Name_812,9000000812,Address 812
813,Telugu,Male,17101107,Name_813,9000000813,Address 813
814,English,Female,17101107,Name_814,9000000814,Address 814
815,Hindi,Male,17101119,Name_815,9000000815,Address 815
816,Telugu,Female,17101119,Name_816,9000000816,Address 816
817,English,Male,17101119,Name_817,9000000817,Address 817
818,Hindi,Female,17101119,Name_818,9000000818,Address 818
819,Telugu,Male,17101119,Name_819,9000000819,Address 819
820,English,Female,17101119,Name_820,9000000820,Address 820
821,Hindi,Male,17101119,Name_821,9000000821,Address 821
822,Telugu,Female,17101119,Name_822,9000000822,Address 822
823,English,Male,17101119,Name_823,9000000823,Address 823
824,Hindi,Female,17101119,Name_824,9000000824,Address 824
825,Telugu,Male,17101119,Name_825,9000000825,Address 825
826,English,Female,17101119,Name_826,9000000826,Address 826
827,Hindi,Male,17101119,Name_827,9000000827,Address 827
828,Telugu,Female,17101119,Name_828,9000000828,Address 828
829,English,Male,17101119,Name_829,9000000829,Address 829
830,Hindi,Female,17101119,Name_830,9000000830,Address 830
831,Telugu,Male,17101119,Name_831,9000000831,Address 831
832,English,Female,17101119,Name_832,9000000832,Address 832
833,Hindi,Male,17101119,Name_833,9000000833,Address 833
834,Telugu,Female,17101119,Name_834,9000000834,Address 834
835,English,Male,17101119,Name_835,9000000835,Address 835
836,Hindi,Female,17101119,Name_836,9000000836,Address 836
837,Telugu,Male,17101122,Name_837,9000000837,Address 837
838,English,Female,17101122,Name_838,9000000838,Address 838
839,Hindi,Male,17101122,Name_839,9000000839,Address 839
840,Telugu,Female,17101122,Name_840,9000000840,Address 840
841,English,Male,17101122,Name_841,9000000841,Address 841
842,Hindi,Female,17101122,Name_842,9000000842,Address 842
843,Telugu,Male,17101122,Name_843,9000000843,Address 843
844,English,Female,17101122,Name_844,9000000844,Address 844
845,Hindi,Male,17101122,Name_845,9000000845,Address 845
846,Telugu,Female,17101122,Name_846,9000000846,Address 846
847,English,Male,17101122,Name_847,9000000847,Address 847
848,Hindi,Female,17101122,Name_848,9000000848,Address 848
849,Telugu,Male,17101122,Name_849,9000000849,Address 849
850,English,Female,17101122,Name_850,9000000850,Address 850
851,Hindi,Male,17101122,Name_851,9000000851,Address 851
852,Telugu,Female,17101122,Name_852,9000000852,Address 852
853,English,Male,17101122,Name_853,9000000853,Address 853
854,Hindi,Female,17101122,Name_854,9000000854,Address 854
855,Telugu,Male,17101122,Name_855,9000000855,Address 855
856,English,Female,17101122,Name_856,9000000856,Address 856
857,Hindi,Male,17101122,Name_857,9000000857,Address 857
858,Telugu,Female,17101122,Name_858,9000000858,Address 858
859,English,Male,17101127,Name_859,9000000859,Address 859
860,Hindi,Female,17101127,Name_860,9000000860,Address 860
861,Telugu,Male,17101127,Name_861,9000000861,Address 861
862,English,Female,17101127,Name_862,9000000862,Address 862
863,Hindi,Male,17101127,Name_863,9000000863,Address 863
864,Telugu,Female,17101127,Name_864,9000000864,Address 864
865,English,Male,17101127,Name_865,9000000865,Address 865
866,Hindi,Female,17101127,Name_866,9000000866,Address 866
867,Telugu,Male,17101127,Name_867,9000000867,Address 867
868,English,Female,17101127,Name_868,9000000868,Address 868
869,Hindi,Male,17101127,Name_869,9000000869,Address 869
870,Telugu,Female,17101127,Name_870,9000000870,Address 870
871,English,Male,17101127,Name_871,9000000871,Address 871
872,Hindi,Female,17101127,Name_872,9000000872,Address 872
873,Telugu,Male,17101127,Name_873,9000000873,Address 873
874,English,Female,17101127,Name_874,9000000874,Address 874
875,Hindi,Male,17101127,Name_875,9000000875,Address 875
876,Telugu,Female,17101127,Name_876,9000000876,Address 876
877,English,Male,17101127,Name_877,9000000877,Address 877
878,Hindi,Female,17101127,Name_878,9000000878,Address 878
879,Telugu,Male,17101127,Name_879,9000000879,Address 879
880,English,Female,17101127,Name_880,9000000880,Address 880
881,Hindi,Male,17101131,Name_881,9000000881,Address 881
882,Telugu,Female,17101131,Name_882,9000000882,Address 882
883,English,Male,17101131,Name_883,9000000883,Address 883
884,Hindi,Female,17101131,Name_884,9000000884,Address 884
885,Telugu,Male,17101131,Name_885,9000000885,Address 885
886,English,Female,17101131,Name_886,9000000886,Address 886
887,Hindi,Male,17101131,Name_887,9000000887,Address 887
888,Telugu,Female,17101131,Name_888,9000000888,Address 888
889,English,Male,17101131,Name_889,9000000889,Address 889
890,Hindi,Female,17101131,Name_890,9000000890,Address 890
891,Telugu,Male,17101131,Name_891,9000000891,Address 891
892,English,Female,17101131,Name_892,9000000892,Address 892
893,Hindi,Male,17101131,Name_893,9000000893,Address 893
894,Telugu,Female,17101131,Name_894,9000000894,Address 894
895,English,Male,17101131,Name_895,9000000895,Address 895
896,Hindi,Female,17101131,Name_896,9000000896,Address 896
897,Telugu,Male,17101131,Name_897,9000000897,Address 897
898,English,Female,17101131,Name_898,9000000898,Address 898
899,Hindi,Male,17101131,Name_899,9000000899,Address 899
900,Telugu,Female,17101131,Name_900,9000000900,Address 900
901,English,Male,17101131,Name_901,9000000901,Address 901
902,Hindi,Female,17101131,Name_902,9000000902,Address 902
903,Telugu,Male,17101147,Name_903,9000000903,Address 903
904,English,Female,17101147,Name_904,9000000904,Address 904
905,Hindi,Male,17101147,Name_905,9000000905,Address 905
906,Telugu,Female,17101147,Name_906,9000000906,Address 906
907,English,Male,17101147,Name_907,9000000907,Address 907
908,Hindi,Female,17101147,Name_908,9000000908,Address 908
909,Telugu,Male,17101147,Name_909,9000000909,Address 909
910,English,Female,17101147,Name_910,9000000910,Address 910
911,Hindi,Male,17101147,Name_911,9000000911,Address 911
912,Telugu,Female,17101147,Name_912,9000000912,Address 912
913,English,Male,17101147,Name_913,9000000913,Address 913
914,Hindi,Female,17101147,Name_914,9000000914,Address 914
915,Telugu,Male,17101147,Name_915,9000000915,Address 915
916,English,Female,17101147,Name_916,9000000916,Address 916
917,Hindi,Male,17101147,Name_917,9000000917,Address 917
918,Telugu,Female,17101147,Name_918,9000000918,Address 918
919,English,Male,17101147,Name_919,9000000919,Address 919
920,Hindi,Female,17101147,Name_920,9000000920,Address 920
921,Telugu,Male,17101147,Name_921,9000000921,Address 921
922,English,Female,17101147,Name_922,9000000922,Address 922
923,Hindi,Male,17101147,Name_923,9000000923,Address 923
924,Telugu,Female,17101147,Name_924,9000000924,Address 924
925,English,Male,17101278,Name_925,9000000925,Address 925
926,Hindi,Female,17101278,Name_926,9000000926,Address 926
927,Telugu,Male,17101278,Name_927,9000000927,Address 927
928,English,Female,17101278,Name_928,9000000928,Address 928
929,Hindi,Male,17101278,Name_929,9000000929,Address 929
930,Telugu,Female,17101278,Name_930,9000000930,Address 930
931,English,Male,17101278,Name_931,9000000931,Address 931
932,Hindi,Female,17101278,Name_932,9000000932,Address 932
933,Telugu,Male,17101278,Name_933,9000000933,Address 933
934,English,Female,17101278,Name_934,9000000934,Address 934
935,Hindi,Male,17101278,Name_935,9000000935,Address 935
936,Telugu,Female,17101278,Name_936,9000000936,Address 936
937,English,Male,17101278,Name_937,9000000937,Address 937
938,Hindi,Female,17101278,Name_938,9000000938,Address 938
939,Telugu,Male,17101278,Name_939,9000000939,Address 939
940,English,Female,17101278,Name_940,9000000940,Address 940
941,Hindi,Male,17101278,Name_941,9000000941,Address 941
942,Telugu,Female,17101278,Name_942,9000000942,Address 942
943,English,Male,17101278,Name_943,9000000943,Address 943
944,Hindi,Female,17101278,Name_944,9000000944,Address 944
945,Telugu,Male,17101278,Name_945,9000000945,Address 945
946,English,Female,17101278,Name_946,9000000946,Address 946
947,Hindi,Male,17101279,Name_947,9000000947,Address 947
948,Telugu,Female,17101279,Name_948,9000000948,Address 948
949,English,Male,17101279,Name_949,9000000949,Address 949
950,Hindi,Female,17101279,Name_950,9000000950,Address 950
951,Telugu,Male,17101279,Name_951,9000000951,Address 951
952,English,Female,17101279,Name_952,9000000952,Address 952
953,Hindi,Male,17101279,Name_953,9000000953,Address 953
954,Telugu,Female,17101279,Name_954,9000000954,Address 954
955,English,Male,17101279,Name_955,9000000955,Address 955
956,Hindi,Female,17101279,Name_956,9000000956,Address 956
957,Telugu,Male,17101279,Name_957,9000000957,Address 957
958,English,Female,17101279,Name_958,9000000958,Address 958
959,Hindi,Male,17101279,Name_959,9000000959,Address 959
960,Telugu,Female,17101279,Name_960,9000000960,Address 960
961,English,Male,17101279,Name_961,9000000961,Address 961
962,Hindi,Female,17101279,Name_962,9000000962,Address 962
963,Telugu,Male,17101279,Name_963,9000000963,Address 963
964,English,Female,17101279,Name_964,9000000964,Address 964
965,Hindi,Male,17101279,Name_965,9000000965,Address 965
966,Telugu,Female,17101279,Name_966,9000000966,Address 966
967,English,Male,17101279,Name_967,9000000967,Address 967
968,Hindi,Female,17101279,Name_968,9000000968,Address 968
969,Telugu,Male,17101280,Name_969,9000000969,Address 969
970,English,Female,17101280,Name_970,9000000970,Address 970
971,Hindi,Male,17101280,Name_971,9000000971,Address 971
972,Telugu,Female,17101280,Name_972,9000000972,Address 972
973,English,Male,17101280,Name_973,9000000973,Address 973
974,Hindi,Female,17101280,Name_974,9000000974,Address 974
975,Telugu,Male,17101280,Name_975,9000000975,Address 975
976,English,Female,17101280,Name_976,9000000976,Address 976
977,Hindi,Male,17101280,Name_977,9000000977,Address 977
978,Telugu,Female,17101280,Name_978,9000000978,Address 978
979,English,Male,17101280,Name_979,9000000979,Address 979
980,Hindi,Female,17101280,Name_980,9000000980,Address 980
981,Telugu,Male,17101280,Name_981,9000000981,Address 981
982,English,Female,17101280,Name_982,9000000982,Address 982
983,Hindi,Male,17101280,Name_983,9000000983,Address 983
984,Telugu,Female,17101280,Name_984,9000000984,Address 984
985,English,Male,17101280,Name_985,9000000985,Address 985
986,Hindi,Female,17101280,Name_986,9000000986,Address 986
987,Telugu,Male,17101280,Name_987,9000000987,Address 987
988,English,Female,17101280,Name_988,9000000988,Address 988
989,Hindi,Male,17101280,Name_989,9000000989,Address 989
990,Telugu,Female,17101280,Name_990,9000000990,Address 990
991,English,Male,1710457,Name_991,9000000991,Address 991
992,Hindi,Female,1710457,Name_992,9000000992,Address 992
993,Telugu,Male,1710457,Name_993,9000000993,Address 993
994,English,Female,1710457,Name_994,9000000994,Address 994
995,Hindi,Male,1710457,Name_995,9000000995,Address 995
996,Telugu,Female,1710457,Name_996,9000000996,Address 996
997,English,Male,1710457,Name_997,9000000997,Address 997
998,Hindi,Female,1710457,Name_998,9000000998,Address 998
999,Telugu,Male,1710457,Name_999,9000000999,Address 999
1000,English,Female,1710457,Name_1000,9000001000,Address 1000
1001,Hindi,Male,1710457,Name_1001,9000001001,Address 1001
1002,Telugu,Female,1710457,Name_1002,9000001002,Address 1002
1003,English,Male,1710457,Name_1003,9000001003,Address 1003
1004,Hindi,Female,1710457,Name_1004,9000001004,Address 1004
1005,Telugu,Male,1710457,Name_1005,9000001005,Address 1005
1006,English,Female,1710457,Name_1006,9000001006,Address 1006
1007,Hindi,Male,1710457,Name_1007,9000001007,Address 1007
1008,Telugu,Female,1710457,Name_1008,9000001008,Address 1008
1009,English,Male,1710457,Name_1009,9000001009,Address 1009
1010,Hindi,Female,1710457,Name_1010,9000001010,Address 1010
1011,Telugu,Male,1710457,Name_1011,9000001011,Address 1011
1012,English,Female,1710457,Name_1012,9000001012,Address 1012
1013,Hindi,Male,1710458,Name_1013,9000001013,Address 1013
1014,Telugu,Female,1710458,Name_1014,9000001014,Address 1014
1015,English,Male,1710458,Name_1015,9000001015,Address 1015
1016,Hindi,Female,1710458,Name_1016,9000001016,Address 1016
1017,Telugu,Male,1710458,Name_1017,9000001017,Address 1017
1018,English,Female,1710458,Name_1018,9000001018,Address 1018
1019,Hindi,Male,1710458,Name_1019,9000001019,Address 1019
1020,Telugu,Female,1710458,Name_1020,9000001020,Address 1020
1021,English,Male,1710458,Name_1021,9000001021,Address 1021
1022,Hindi,Female,1710458,Name_1022,9000001022,Address 1022
1023,Telugu,Male,1710458,Name_1023,9000001023,Address 1023
1024,English,Female,1710458,Name_1024,9000001024,Address 1024
1025,Hindi,Male,1710458,Name_1025,9000001025,Address 1025
1026,Telugu,Female,1710458,Name_1026,9000001026,Address 1026
1027,English,Male,1710458,Name_1027,9000001027,Address 1027
1028,Hindi,Female,1710458,Name_1028,9000001028,Address 1028
1029,Telugu,Male,1710458,Name_1029,9000001029,Address 1029
1030,English,Female,1710458,Name_1030,9000001030,Address 1030
1031,Hindi,Male,1710458,Name_1031,9000001031,Address 1031
1032,Telugu,Female,1710458,Name_1032,9000001032,Address 1032
1033,English,Male,1710458,Name_1033,9000001033,Address 1033
1034,Hindi,Female,1710458,Name_1034,9000001034,Address 1034
1035,Telugu,Male,1710459,Name_1035,9000001035,Address 1035
1036,English,Female,1710459,Name_1036,9000001036,Address 1036
1037,Hindi,Male,1710459,Name_1037,9000001037,Address 1037
1038,Telugu,Female,1710459,Name_1038,9000001038,Address 1038
1039,English,Male,1710459,Name_1039,9000001039,Address 1039
1040,Hindi,Female,1710459,Name_1040,9000001040,Address 1040
1041,Telugu,Male,1710459,Name_1041,9000001041,Address 1041
1042,English,Female,1710459,Name_1042,9000001042,Address 1042
1043,Hindi,Male,1710459,Name_1043,9000001043,Address 1043
1044,Telugu,Female,1710459,Name_1044,9000001044,Address 1044
1045,English,Male,1710459,Name_1045,9000001045,Address 1045
1046,Hindi,Female,1710459,Name_1046,9000001046,Address 1046
1047,Telugu,Male,1710459,Name_1047,9000001047,Address 1047
1048,English,Female,1710459,Name_1048,9000001048,Address 1048
1049,Hindi,Male,1710459,Name_1049,9000001049,Address 1049
1050,Telugu,Female,1710459,Name_1050,9000001050,Address 1050
1051,English,Male,1710459,Name_1051,9000001051,Address 1051
1052,Hindi,Female,1710459,Name_1052,9000001052,Address 1052
1053,Telugu,Male,1710459,Name_1053,9000001053,Address 1053
1054,English,Female,1710459,Name_1054,9000001054,Address 1054
1055,Hindi,Male,1710459,Name_1055,9000001055,Address 1055
1056,Telugu,Female,1710459,Name_1056,9000001056,Address 1056
1057,English,Male,1710462,Name_1057,9000001057,Address 1057
1058,Hindi,Female,1710462,Name_1058,9000001058,Address 1058
1059,Telugu,Male,1710462,Name_1059,9000001059,Address 1059
1060,English,Female,1710462,Name_1060,9000001060,Address 1060
1061,Hindi,Male,1710462,Name_1061,9000001061,Address 1061
1062,Telugu,Female,1710462,Name_1062,9000001062,Address 1062
1063,English,Male,1710462,Name_1063,9000001063,Address 1063
1064,Hindi,Female,1710462,Name_1064,9000001064,Address 1064
1065,Telugu,Male,1710462,Name_1065,9000001065,Address 1065
1066,English,Female,1710462,Name_1066,9000001066,Address 1066
1067,Hindi,Male,1710462,Name_1067,9000001067,Address 1067
1068,Telugu,Female,1710462,Name_1068,9000001068,Address 1068
1069,English,Male,1710462,Name_1069,9000001069,Address 1069
1070,Hindi,Female,1710462,Name_1070,9000001070,Address 1070
1071,Telugu,Male,1710462,Name_1071,9000001071,Address 1071
1072,English,Female,1710462,Name_1072,9000001072,Address 1072
1073,Hindi,Male,1710462,Name_1073,9000001073,Address 1073
1074,Telugu,Female,1710462,Name_1074,9000001074,Address 1074
1075,English,Male,1710462,Name_1075,9000001075,Address 1075
1076,Hindi,Female,1710462,Name_1076,9000001076,Address 1076
1077,Telugu,Male,1710462,Name_1077,9000001077,Address 1077
1078,English,Female,1710462,Name_1078,9000001078,Address 1078
1079,Hindi,Male,1710465,Name_1079,9000001079,Address 1079
1080,Telugu,Female,1710465,Name_1080,9000001080,Address 1080
1081,English,Male,1710465,Name_1081,9000001081,Address 1081
1082,Hindi,Female,1710465,Name_1082,9000001082,Address 1082
1083,Telugu,Male,1710465,Name_1083,9000001083,Address 1083
1084,English,Female,1710465,Name_1084,9000001084,Address 1084
1085,Hindi,Male,1710465,Name_1085,9000001085,Address 1085
1086,Telugu,Female,1710465,Name_1086,9000001086,Address 1086
1087,English,Male,1710465,Name_1087,9000001087,Address 1087
1088,Hindi,Female,1710465,Name_1088,9000001088,Address 1088
1089,Telugu,Male,1710465,Name_1089,9000001089,Address 1089
1090,English,Female,1710465,Name_1090,9000001090,Address 1090
1091,Hindi,Male,1710465,Name_1091,9000001091,Address 1091
1092,Telugu,Female,1710465,Name_1092,9000001092,Address 1092
1093,English,Male,1710465,Name_1093,9000001093,Address 1093
1094,Hindi,Female,1710465,Name_1094,9000001094,Address 1094
1095,Telugu,Male,1710465,Name_1095,9000001095,Address 1095
1096,English,Female,1710465,Name_1096,9000001096,Address 1096
1097,Hindi,Male,1710465,Name_1097,9000001097,Address 1097
1098,Telugu,Female,1710465,Name_1098,9000001098,Address 1098
1099,English,Male,1710465,Name_1099,9000001099,Address 1099
1100,Hindi,Female,1710465,Name_1100,9000001100,Address 1100
1101,Telugu,Male,1710470,Name_1101,9000001101,Address 1101
1102,English,Female,1710470,Name_1102,9000001102,Address 1102
1103,Hindi,Male,1710470,Name_1103,9000001103,Address 1103
1104,Telugu,Female,1710470,Name_1104,9000001104,Address 1104
1105,English,Male,1710470,Name_1105,9000001105,Address 1105
1106,Hindi,Female,1710470,Name_1106,9000001106,Address 1106
1107,Telugu,Male,1710470,Name_1107,9000001107,Address 1107
1108,English,Female,1710470,Name_1108,9000001108,Address 1108
1109,Hindi,Male,1710470,Name_1109,9000001109,Address 1109
1110,Telugu,Female,1710470,Name_1110,9000001110,Address 1110
1111,English,Male,1710470,Name_1111,9000001111,Address 1111
1112,Hindi,Female,1710470,Name_1112,9000001112,Address 1112
1113,Telugu,Male,1710470,Name_1113,9000001113,Address 1113
1114,English,Female,1710470,Name_1114,9000001114,Address 1114
1115,Hindi,Male,1710470,Name_1115,9000001115,Address 1115
1116,Telugu,Female,1710470,Name_1116,9000001116,Address 1116
1117,English,Male,1710470,Name_1117,9000001117,Address 1117
1118,Hindi,Female,1710470,Name_1118,9000001118,Address 1118
1119,Telugu,Male,1710470,Name_1119,9000001119,Address 1119
1120,English,Female,1710470,Name_1120,9000001120,Address 1120
1121,Hindi,Male,1710470,Name_1121,9000001121,Address 1121
1122,Telugu,Female,1710470,Name_1122,9000001122,Address 1122
1123,English,Male,1710482,Name_1123,9000001123,Address 1123
1124,Hindi,Female,1710482,Name_1124,9000001124,Address 1124
1125,Telugu,Male,1710482,Name_1125,9000001125,Address 1125
1126,English,Female,1710482,Name_1126,9000001126,Address 1126
1127,Hindi,Male,1710482,Name_1127,9000001127,Address 1127
1128,Telugu,Female,1710482,Name_1128,9000001128,Address 1128
1129,English,Male,1710482,Name_1129,9000001129,Address 1129
1130,Hindi,Female,1710482,Name_1130,9000001130,Address 1130
1131,Telugu,Male,1710482,Name_1131,9000001131,Address 1131
1132,English,Female,1710482,Name_1132,9000001132,Address 1132
1133,Hindi,Male,1710482,Name_1133,9000001133,Address 1133
1134,Telugu,Female,1710482,Name_1134,9000001134,Address 1134
1135,English,Male,1710482,Name_1135,9000001135,Address 1135
1136,Hindi,Female,1710482,Name_1136,9000001136,Address 1136
1137,Telugu,Male,1710482,Name_1137,9000001137,Address 1137
1138,English,Female,1710482,Name_1138,9000001138,Address 1138
1139,Hindi,Male,1710482,Name_1139,9000001139,Address 1139
1140,Telugu,Female,1710482,Name_1140,9000001140,Address 1140
1141,English,Male,1710482,Name_1141,9000001141,Address 1141
1142,Hindi,Female,1710482,Name_1142,9000001142,Address 1142
1143,Telugu,Male,1710482,Name_1143,9000001143,Address 1143
1144,English,Female,1710482,Name_1144,9000001144,Address 1144
1145,Hindi,Male,1710487,Name_1145,9000001145,Address 1145
1146,Telugu,Female,1710487,Name_1146,9000001146,Address 1146
1147,English,Male,1710487,Name_1147,9000001147,Address 1147
1148,Hindi,Female,1710487,Name_1148,9000001148,Address 1148
1149,Telugu,Male,1710487,Name_1149,9000001149,Address 1149
1150,English,Female,1710487,Name_1150,9000001150,Address 1150
1151,Hindi,Male,1710487,Name_1151,9000001151,Address 1151
1152,Telugu,Female,1710487,Name_1152,9000001152,Address 1152
1153,English,Male,1710487,Name_1153,9000001153,Address 1153
1154,Hindi,Female,1710487,Name_1154,9000001154,Address 1154
1155,Telugu,Male,1710487,Name_1155,9000001155,Address 1155
1156,English,Female,1710487,Name_1156,9000001156,Address 1156
1157,Hindi,Male,1710487,Name_1157,9000001157,Address 1157
1158,Telugu,Female,1710487,Name_1158,9000001158,Address 1158
1159,English,Male,1710487,Name_1159,9000001159,Address 1159
1160,Hindi,Female,1710487,Name_1160,9000001160,Address 1160
1161,Telugu,Male,1710487,Name_1161,9000001161,Address 1161
1162,English,Female,1710487,Name_1162,9000001162,Address 1162
1163,Hindi,Male,1710487,Name_1163,9000001163,Address 1163
1164,Telugu,Female,1710487,Name_1164,9000001164,Address 1164
1165,English,Male,1710487,Name_1165,9000001165,Address 1165
1166,Hindi,Female,1710487,Name_1166,9000001166,Address 1166
1167,Telugu,Male,1710495,Name_1167,9000001167,Address 1167
1168,English,Female,1710495,Name_1168,9000001168,Address 1168
1169,Hindi,Male,1710495,Name_1169,9000001169,Address 1169
1170,Telugu,Female,1710495,Name_1170,9000001170,Address 1170
1171,English,Male,1710495,Name_1171,9000001171,Address 1171
1172,Hindi,Female,1710495,Name_1172,9000001172,Address 1172
1173,Telugu,Male,1710495,Name_1173,9000001173,Address 1173
1174,English,Female,1710495,Name_1174,9000001174,Address 1174
1175,Hindi,Male,1710495,Name_1175,9000001175,Address 1175
1176,Telugu,Female,1710495,Name_1176,9000001176,Address 1176
1177,English,Male,1710495,Name_1177,9000001177,Address 1177
1178,Hindi,Female,1710495,Name_1178,9000001178,Address 1178
1179,Telugu,Male,1710495,Name_1179,9000001179,Address 1179
1180,English,Female,1710495,Name_1180,9000001180,Address 1180
1181,Hindi,Male,1710495,Name_1181,9000001181,Address 1181
1182,Telugu,Female,1710495,Name_1182,9000001182,Address 1182
1183,English,Male,1710495,Name_1183,9000001183,Address 1183
1184,Hindi,Female,1710495,Name_1184,9000001184,Address 1184
1185,Telugu,Male,1710495,Name_1185,9000001185,Address 1185
1186,English,Female,1710495,Name_1186,9000001186,Address 1186
1187,Hindi,Male,1710495,Name_1187,9000001187,Address 1187
1188,Telugu,Female,1710495,Name_1188,9000001188,Address 1188
1189,English,Male,171111,Name_1189,9000001189,Address 1189
1190,Hindi,Female,171111,Name_1190,9000001190,Address 1190
1191,Telugu,Male,171111,Name_1191,9000001191,Address 1191
1192,English,Female,171111,Name_1192,9000001192,Address 1192
1193,Hindi,Male,171111,Name_1193,9000001193,Address 1193
1194,Telugu,Female,171111,Name_1194,9000001194,Address 1194
1195,English,Male,171111,Name_1195,9000001195,Address 1195
1196,Hindi,Female,171111,Name_1196,9000001196,Address 1196
1197,Telugu,Male,171111,Name_1197,9000001197,Address 1197
1198,English,Female,171111,Name_1198,9000001198,Address 1198
1199,Hindi,Male,171111,Name_1199,9000001199,Address 1199
1200,Telugu,Female,171111,Name_1200,9000001200,Address 1200
1201,English,Male,171111,Name_1201,9000001201,Address 1201
1202,Hindi,Female,171111,Name_1202,9000001202,Address 1202
1203,Telugu,Male,171111,Name_1203,9000001203,Address 1203
1204,English,Female,171111,Name_1204,9000001204,Address 1204
1205,Hindi,Male,171111,Name_1205,9000001205,Address 1205
1206,Telugu,Female,171111,Name_1206,9000001206,Address 1206
1207,English,Male,171111,Name_1207,9000001207,Address 1207
1208,Hindi,Female,171111,Name_1208,9000001208,Address 1208
1209,Telugu,Male,171111,Name_1209,9000001209,Address 1209
1210,English,Female,171111,Name_1210,9000001210,Address 1210
1211,Hindi,Male,1711110,Name_1211,9000001211,Address 1211
1212,Telugu,Female,1711110,Name_1212,9000001212,Address 1212
1213,English,Male,1711110,Name_1213,9000001213,Address 1213
1214,Hindi,Female,1711110,Name_1214,9000001214,Address 1214
1215,Telugu,Male,1711110,Name_1215,9000001215,Address 1215
1216,English,Female,1711110,Name_1216,9000001216,Address 1216
1217,Hindi,Male,1711110,Name_1217,9000001217,Address 1217
1218,Telugu,Female,1711110,Name_1218,9000001218,Address 1218
1219,English,Male,1711110,Name_1219,9000001219,Address 1219
1220,Hindi,Female,1711110,Name_1220,9000001220,Address 1220
1221,Telugu,Male,1711110,Name_1221,9000001221,Address 1221
1222,English,Female,1711110,Name_1222,9000001222,Address 1222
1223,Hindi,Male,1711110,Name_1223,9000001223,Address 1223
1224,Telugu,Female,1711110,Name_1224,9000001224,Address 1224
1225,English,Male,1711110,Name_1225,9000001225,Address 1225
1226,Hindi,Female,1711110,Name_1226,9000001226,Address 1226
1227,Telugu,Male,1711110,Name_1227,9000001227,Address 1227
1228,English,Female,1711110,Name_1228,9000001228,Address 1228
1229,Hindi,Male,1711110,Name_1229,9000001229,Address 1229
1230,Telugu,Female,1711110,Name_1230,9000001230,Address 1230
1231,English,Male,1711110,Name_1231,9000001231,Address 1231
1232,Hindi,Female,1711110,Name_1232,9000001232,Address 1232
1233,Telugu,Male,1711111,Name_1233,9000001233,Address 1233
1234,English,Female,1711111,Name_1234,9000001234,Address 1234
1235,Hindi,Male,1711111,Name_1235,9000001235,Address 1235
1236,Telugu,Female,1711111,Name_1236,9000001236,Address 1236
1237,English,Male,1711111,Name_1237,9000001237,Address 1237
1238,Hindi,Female,1711111,Name_1238,9000001238,Address 1238
1239,Telugu,Male,1711111,Name_1239,9000001239,Address 1239
1240,English,Female,1711111,Name_1240,9000001240,Address 1240
1241,Hindi,Male,1711111,Name_1241,9000001241,Address 1241
1242,Telugu,Female,1711111,Name_1242,9000001242,Address 1242
1243,English,Male,1711111,Name_1243,9000001243,Address 1243
1244,Hindi,Female,1711111,Name_1244,9000001244,Address 1244
1245,Telugu,Male,1711111,Name_1245,9000001245,Address 1245
1246,English,Female,1711111,Name_1246,9000001246,Address 1246
1247,Hindi,Male,1711111,Name_1247,9000001247,Address 1247
1248,Telugu,Female,1711111,Name_1248,9000001248,Address 1248
1249,English,Male,1711111,Name_1249,9000001249,Address 1249
1250,Hindi,Female,1711111,Name_1250,9000001250,Address 1250
1251,Telugu,Male,1711111,Name_1251,9000001251,Address 1251
1252,English,Female,1711111,Name_1252,9000001252,Address 1252
1253,Hindi,Male,1711111,Name_1253,9000001253,Address 1253
1254,Telugu,Female,1711111,Name_1254,9000001254,Address 1254
1255,English,Male,1711112,Name_1255,9000001255,Address 1255
1256,Hindi,Female,1711112,Name_1256,9000001256,Address 1256
1257,Telugu,Male,1711112,Name_1257,9000001257,Address 1257
1258,English,Female,1711112,Name_1258,9000001258,Address 1258
1259,Hindi,Male,1711112,Name_1259,9000001259,Address 1259
1260,Telugu,Female,1711112,Name_1260,9000001260,Address 1260
1261,English,Male,1711112,Name_1261,9000001261,Address 1261
1262,Hindi,Female,1711112,Name_1262,9000001262,Address 1262
1263,Telugu,Male,1711112,Name_1263,9000001263,Address 1263
1264,English,Female,1711112,Name_1264,9000001264,Address 1264
1265,Hindi,Male,1711112,Name_1265,9000001265,Address 1265
1266,Telugu,Female,1711112,Name_1266,9000001266,Address 1266
1267,English,Male,1711112,Name_1267,9000001267,Address 1267
1268,Hindi,Female,1711112,Name_1268,9000001268,Address 1268
1269,Telugu,Male,1711112,Name_1269,9000001269,Address 1269
1270,English,Female,1711112,Name_1270,9000001270,Address 1270
1271,Hindi,Male,1711112,Name_1271,9000001271,Address 1271
1272,Telugu,Female,1711112,Name_1272,9000001272,Address 1272
1273,English,Male,1711112,Name_1273,9000001273,Address 1273
1274,Hindi,Female,1711112,Name_1274,9000001274,Address 1274
1275,Telugu,Male,1711112,Name_1275,9000001275,Address 1275
1276,English,Female,1711112,Name_1276,9000001276,Address 1276
1277,Hindi,Male,1711113,Name_1277,9000001277,Address 1277
1278,Telugu,Female,1711113,Name_1278,9000001278,Address 1278
1279,English,Male,1711113,Name_1279,9000001279,Address 1279
1280,Hindi,Female,1711113,Name_1280,9000001280,Address 1280
1281,Telugu,Male,1711113,Name_1281,9000001281,Address 1281
1282,English,Female,1711113,Name_1282,9000001282,Address 1282
1283,Hindi,Male,1711113,Name_1283,9000001283,Address 1283
1284,Telugu,Female,1711113,Name_1284,9000001284,Address 1284
1285,English,Male,1711113,Name_1285,9000001285,Address 1285
1286,Hindi,Female,1711113,Name_1286,9000001286,Address 1286
1287,Telugu,Male,1711113,Name_1287,9000001287,Address 1287
1288,English,Female,1711113,Name_1288,9000001288,Address 1288
1289,Hindi,Male,1711113,Name_1289,9000001289,Address 1289
1290,Telugu,Female,1711113,Name_1290,9000001290,Address 1290
1291,English,Male,1711113,Name_1291,9000001291,Address 1291
1292,Hindi,Female,1711113,Name_1292,9000001292,Address 1292
1293,Telugu,Male,1711113,Name_1293,9000001293,Address 1293
1294,English,Female,1711113,Name_1294,9000001294,Address 1294
1295,Hindi,Male,1711113,Name_1295,9000001295,Address 1295
1296,Telugu,Female,1711113,Name_1296,9000001296,Address 1296
1297,English,Male,1711113,Name_1297,9000001297,Address 1297
1298,Hindi,Female,1711113,Name_1298,9000001298,Address 1298
1299,Telugu,Male,1711114,Name_1299,9000001299,Address 1299
1300,English,Female,1711114,Name_1300,9000001300,Address 1300
1301,Hindi,Male,1711114,Name_1301,9000001301,Address 1301
1302,Telugu,Female,1711114,Name_1302,9000001302,Address 1302
1303,English,Male,1711114,Name_1303,9000001303,Address 1303
1304,Hindi,Female,1711114,Name_1304,9000001304,Address 1304
1305,Telugu,Male,1711114,Name_1305,9000001305,Address 1305
1306,English,Female,1711114,Name_1306,9000001306,Address 1306
1307,Hindi,Male,1711114,Name_1307,9000001307,Address 1307
1308,Telugu,Female,1711114,Name_1308,9000001308,Address 1308
1309,English,Male,1711114,Name_1309,9000001309,Address 1309
1310,Hindi,Female,1711114,Name_1310,9000001310,Address 1310
1311,Telugu,Male,1711114,Name_1311,9000001311,Address 1311
1312,English,Female,1711114,Name_1312,9000001312,Address 1312
1313,Hindi,Male,1711114,Name_1313,9000001313,Address 1313
1314,Telugu,Female,1711114,Name_1314,9000001314,Address 1314
1315,English,Male,1711114,Name_1315,9000001315,Address 1315
1316,Hindi,Female,1711114,Name_1316,9000001316,Address 1316
1317,Telugu,Male,1711114,Name_1317,9000001317,Address 1317
1318,English,Female,1711114,Name_1318,9000001318,Address 1318
1319,Hindi,Male,1711114,Name_1319,9000001319,Address 1319
1320,Telugu,Female,1711114,Name_1320,9000001320,Address 1320
1321,English,Male,1711115,Name_1321,9000001321,Address 1321
1322,Hindi,Female,1711115,Name_1322,9000001322,Address 1322
1323,Telugu,Male,1711115,Name_1323,9000001323,Address 1323
1324,English,Female,1711115,Name_1324,9000001324,Address 1324
1325,Hindi,Male,1711115,Name_1325,9000001325,Address 1325
1326,Telugu,Female,1711115,Name_1326,9000001326,Address 1326
1327,English,Male,1711115,Name_1327,9000001327,Address 1327
1328,Hindi,Female,1711115,Name_1328,9000001328,Address 1328
1329,Telugu,Male,1711115,Name_1329,9000001329,Address 1329
1330,English,Female,1711115,Name_1330,9000001330,Address 1330
1331,Hindi,Male,1711115,Name_1331,9000001331,Address 1331
1332,Telugu,Female,1711115,Name_1332,9000001332,Address 1332
1333,English,Male,1711115,Name_1333,9000001333,Address 1333
1334,Hindi,Female,1711115,Name_1334,9000001334,Address 1334
1335,Telugu,Male,1711115,Name_1335,9000001335,Address 1335
1336,English,Female,1711115,Name_1336,9000001336,Address 1336
1337,Hindi,Male,1711115,Name_1337,9000001337,Address 1337
1338,Telugu,Female,1711115,Name_1338,9000001338,Address 1338
1339,English,Male,1711115,Name_1339,9000001339,Address 1339
1340,Hindi,Female,1711115,Name_1340,9000001340,Address 1340
1341,Telugu,Male,1711115,Name_1341,9000001341,Address 1341
1342,English,Female,1711115,Name_1342,9000001342,Address 1342
1343,Hindi,Male,1711116,Name_1343,9000001343,Address 1343
1344,Telugu,Female,1711116,Name_1344,9000001344,Address 1344
1345,English,Male,1711116,Name_1345,9000001345,Address 1345
1346,Hindi,Female,1711116,Name_1346,9000001346,Address 1346
1347,Telugu,Male,1711116,Name_1347,9000001347,Address 1347
1348,English,Female,1711116,Name_1348,9000001348,Address 1348
1349,Hindi,Male,1711116,Name_1349,9000001349,Address 1349
1350,Telugu,Female,1711116,Name_1350,9000001350,Address 1350
1351,English,Male,1711116,Name_1351,9000001351,Address 1351
1352,Hindi,Female,1711116,Name_1352,9000001352,Address 1352
1353,Telugu,Male,1711116,Name_1353,9000001353,Address 1353
1354,English,Female,1711116,Name_1354,9000001354,Address 1354
1355,Hindi,Male,1711116,Name_1355,9000001355,Address 1355
1356,Telugu,Female,1711116,Name_1356,9000001356,Address 1356
1357,English,Male,1711116,Name_1357,9000001357,Address 1357
1358,Hindi,Female,1711116,Name_1358,9000001358,Address 1358
1359,Telugu,Male,1711116,Name_1359,9000001359,Address 1359
1360,English,Female,1711116,Name_1360,9000001360,Address 1360
1361,Hindi,Male,1711116,Name_1361,9000001361,Address 1361
1362,Telugu,Female,1711116,Name_1362,9000001362,Address 1362
1363,English,Male,1711116,Name_1363,9000001363,Address 1363
1364,Hindi,Female,1711116,Name_1364,9000001364,Address 1364
1365,Telugu,Male,1711117,Name_1365,9000001365,Address 1365
1366,English,Female,1711117,Name_1366,9000001366,Address 1366
1367,Hindi,Male,1711117,Name_1367,9000001367,Address 1367
1368,Telugu,Female,1711117,Name_1368,9000001368,Address 1368
1369,English,Male,1711117,Name_1369,9000001369,Address 1369
1370,Hindi,Female,1711117,Name_1370,9000001370,Address 1370
1371,Telugu,Male,1711117,Name_1371,9000001371,Address 1371
1372,English,Female,1711117,Name_1372,9000001372,Address 1372
1373,Hindi,Male,1711117,Name_1373,9000001373,Address 1373
1374,Telugu,Female,1711117,Name_1374,9000001374,Address 1374
1375,English,Male,1711117,Name_1375,9000001375,Address 1375
1376,Hindi,Female,1711117,Name_1376,9000001376,Address 1376
1377,Telugu,Male,1711117,Name_1377,9000001377,Address 1377
1378,English,Female,1711117,Name_1378,9000001378,Address 1378
1379,Hindi,Male,1711117,Name_1379,9000001379,Address 1379
1380,Telugu,Female,1711117,Name_1380,9000001380,Address 1380
1381,English,Male,1711117,Name_1381,9000001381,Address 1381
1382,Hindi,Female,1711117,Name_1382,9000001382,Address 1382
1383,Telugu,Male,1711117,Name_1383,9000001383,Address 1383
1384,English,Female,1711117,Name_1384,9000001384,Address 1384
1385,Hindi,Male,1711117,Name_1385,9000001385,Address 1385
1386,Telugu,Female,1711117,Name_1386,9000001386,Address 1386
1387,English,Male,1711118,Name_1387,9000001387,Address 1387
1388,Hindi,Female,1711118,Name_1388,9000001388,Address 1388
1389,Telugu,Male,1711118,Name_1389,9000001389,Address 1389
1390,English,Female,1711118,Name_1390,9000001390,Address 1390
1391,Hindi,Male,1711118,Name_1391,9000001391,Address 1391
1392,Telugu,Female,1711118,Name_1392,9000001392,Address 1392
1393,English,Male,1711118,Name_1393,9000001393,Address 1393
1394,Hindi,Female,1711118,Name_1394,9000001394,Address 1394
1395,Telugu,Male,1711118,Name_1395,9000001395,Address 1395
1396,English,Female,1711118,Name_1396,9000001396,Address 1396
1397,Hindi,Male,1711118,Name_1397,9000001397,Address 1397
1398,Telugu,Female,1711118,Name_1398,9000001398,Address 1398
1399,English,Male,1711118,Name_1399,9000001399,Address 1399
1400,Hindi,Female,1711118,Name_1400,9000001400,Address 1400
1401,Telugu,Male,1711118,Name_1401,9000001401,Address 1401
1402,English,Female,1711118,Name_1402,9000001402,Address 1402
1403,Hindi,Male,1711118,Name_1403,9000001403,Address 1403
1404,Telugu,Female,1711118,Name_1404,9000001404,Address 1404
1405,English,Male,1711118,Name_1405,9000001405,Address 1405
1406,Hindi,Female,1711118,Name_1406,9000001406,Address 1406
1407,Telugu,Male,1711118,Name_1407,9000001407,Address 1407
1408,English,Female,1711118,Name_1408,9000001408,Address 1408
1409,Hindi,Male,1711119,Name_1409,9000001409,Address 1409
1410,Telugu,Female,1711119,Name_1410,9000001410,Address 1410
1411,English,Male,1711119,Name_1411,9000001411,Address 1411
1412,Hindi,Female,1711119,Name_1412,9000001412,Address 1412
1413,Telugu,Male,1711119,Name_1413,9000001413,Address 1413
1414,English,Female,1711119,Name_1414,9000001414,Address 1414
1415,Hindi,Male,1711119,Name_1415,9000001415,Address 1415
1416,Telugu,Female,1711119,Name_1416,9000001416,Address 1416
1417,English,Male,1711119,Name_1417,9000001417,Address 1417
1418,Hindi,Female,1711119,Name_1418,9000001418,Address 1418
1419,Telugu,Male,1711119,Name_1419,9000001419,Address 1419
1420,English,Female,1711119,Name_1420,9000001420,Address 1420
1421,Hindi,Male,1711119,Name_1421,9000001421,Address 1421
1422,Telugu,Female,1711119,Name_1422,9000001422,Address 1422
1423,English,Male,1711119,Name_1423,9000001423,Address 1423
1424,Hindi,Female,1711119,Name_1424,9000001424,Address 1424
1425,Telugu,Male,1711119,Name_1425,9000001425,Address 1425
1426,English,Female,1711119,Name_1426,9000001426,Address 1426
1427,Hindi,Male,1711119,Name_1427,9000001427,Address 1427
1428,Telugu,Female,1711119,Name_1428,9000001428,Address 1428
1429,English,Male,1711119,Name_1429,9000001429,Address 1429
1430,Hindi,Female,1711119,Name_1430,9000001430,Address 1430
1431,Telugu,Male,171112,Name_1431,9000001431,Address 1431
1432,English,Female,171112,Name_1432,9000001432,Address 1432
1433,Hindi,Male,171112,Name_1433,9000001433,Address 1433
1434,Telugu,Female,171112,Name_1434,9000001434,Address 1434
1435,English,Male,171112,Name_1435,9000001435,Address 1435
1436,Hindi,Female,171112,Name_1436,9000001436,Address 1436
1437,Telugu,Male,171112,Name_1437,9000001437,Address 1437
1438,English,Female,171112,Name_1438,9000001438,Address 1438
1439,Hindi,Male,171112,Name_1439,9000001439,Address 1439
1440,Telugu,Female,171112,Name_1440,9000001440,Address 1440
1441,English,Male,171112,Name_1441,9000001441,Address 1441
1442,Hindi,Female,171112,Name_1442,9000001442,Address 1442
1443,Telugu,Male,171112,Name_1443,9000001443,Address 1443
1444,English,Female,171112,Name_1444,9000001444,Address 1444
1445,Hindi,Male,171112,Name_1445,9000001445,Address 1445
1446,Telugu,Female,171112,Name_1446,9000001446,Address 1446
1447,English,Male,171112,Name_1447,9000001447,Address 1447
1448,Hindi,Female,171112,Name_1448,9000001448,Address 1448
1449,Telugu,Male,171112,Name_1449,9000001449,Address 1449
1450,English,Female,171112,Name_1450,9000001450,Address 1450
1451,Hindi,Male,171112,Name_1451,9000001451,Address 1451
1452,Telugu,Female,171112,Name_1452,9000001452,Address 1452
1453,English,Male,1711120,Name_1453,9000001453,Address 1453
1454,Hindi,Female,1711120,Name_1454,9000001454,Address 1454
1455,Telugu,Male,1711120,Name_1455,9000001455,Address 1455
1456,English,Female,1711120,Name_1456,9000001456,Address 1456
1457,Hindi,Male,1711120,Name_1457,9000001457,Address 1457
1458,Telugu,Female,1711120,Name_1458,9000001458,Address 1458
1459,English,Male,1711120,Name_1459,9000001459,Address 1459
1460,Hindi,Female,1711120,Name_1460,9000001460,Address 1460
1461,Telugu,Male,1711120,Name_1461,9000001461,Address 1461
1462,English,Female,1711120,Name_1462,9000001462,Address 1462
1463,Hindi,Male,1711120,Name_1463,9000001463,Address 1463
1464,Telugu,Female,1711120,Name_1464,9000001464,Address 1464
1465,English,Male,1711120,Name_1465,9000001465,Address 1465
1466,Hindi,Female,1711120,Name_1466,9000001466,Address 1466
1467,Telugu,Male,1711120,Name_1467,9000001467,Address 1467
1468,English,Female,1711120,Name_1468,9000001468,Address 1468
1469,Hindi,Male,1711120,Name_1469,9000001469,Address 1469
1470,Telugu,Female,1711120,Name_1470,9000001470,Address 1470
1471,English,Male,1711120,Name_1471,9000001471,Address 1471
1472,Hindi,Female,1711120,Name_1472,9000001472,Address 1472
1473,Telugu,Male,1711120,Name_1473,9000001473,Address 1473
1474,English,Female,1711120,Name_1474,9000001474,Address 1474
1475,Hindi,Male,1711121,Name_1475,9000001475,Address 1475
1476,Telugu,Female,1711121,Name_1476,9000001476,Address 1476
1477,English,Male,1711121,Name_1477,9000001477,Address 1477
1478,Hindi,Female,1711121,Name_1478,9000001478,Address 1478
1479,Telugu,Male,1711121,Name_1479,9000001479,Address 1479
1480,English,Female,1711121,Name_1480,9000001480,Address 1480
1481,Hindi,Male,1711121,Name_1481,9000001481,Address 1481
1482,Telugu,Female,1711121,Name_1482,9000001482,Address 1482
1483,English,Male,1711121,Name_1483,9000001483,Address 1483
1484,Hindi,Female,1711121,Name_1484,9000001484,Address 1484
1485,Telugu,Male,1711121,Name_1485,9000001485,Address 1485
1486,English,Female,1711121,Name_1486,9000001486,Address 1486
1487,Hindi,Male,1711121,Name_1487,9000001487,Address 1487
1488,Telugu,Female,1711121,Name_1488,9000001488,Address 1488
1489,English,Male,1711121,Name_1489,9000001489,Address 1489
1490,Hindi,Female,1711121,Name_1490,9000001490,Address 1490
1491,Telugu,Male,1711121,Name_1491,9000001491,Address 1491
1492,English,Female,1711121,Name_1492,9000001492,Address 1492
1493,Hindi,Male,1711121,Name_1493,9000001493,Address 1493
1494,Telugu,Female,1711121,Name_1494,9000001494,Address 1494
1495,English,Male,1711121,Name_1495,9000001495,Address 1495
1496,Hindi,Female,1711121,Name_1496,9000001496,Address 1496
1497,Telugu,Male,1711122,Name_1497,9000001497,Address 1497
1498,English,Female,1711122,Name_1498,9000001498,Address 1498
1499,Hindi,Male,1711122,Name_1499,9000001499,Address 1499
1500,Telugu,Female,1711122,Name_1500,9000001500,Address 1500
1501,English,Male,1711122,Name_1501,9000001501,Address 1501
1502,Hindi,Female,1711122,Name_1502,9000001502,Address 1502
1503,Telugu,Male,1711122,Name_1503,9000001503,Address 1503
1504,English,Female,1711122,Name_1504,9000001504,Address 1504
1505,Hindi,Male,1711122,Name_1505,9000001505,Address 1505
1506,Telugu,Female,1711122,Name_1506,9000001506,Address 1506
1507,English,Male,1711122,Name_1507,9000001507,Address 1507
1508,Hindi,Female,1711122,Name_1508,9000001508,Address 1508
1509,Telugu,Male,1711122,Name_1509,9000001509,Address 1509
1510,English,Female,1711122,Name_1510,9000001510,Address 1510
1511,Hindi,Male,1711122,Name_1511,9000001511,Address 1511
1512,Telugu,Female,1711122,Name_1512,9000001512,Address 1512
1513,English,Male,1711122,Name_1513,9000001513,Address 1513
1514,Hindi,Female,1711122,Name_1514,9000001514,Address 1514
1515,Telugu,Male,1711122,Name_1515,9000001515,Address 1515
1516,English,Female,1711122,Name_1516,9000001516,Address 1516
1517,Hindi,Male,1711122,Name_1517,9000001517,Address 1517
1518,Telugu,Female,1711122,Name_1518,9000001518,Address 1518
1519,English,Male,1711123,Name_1519,9000001519,Address 1519
1520,Hindi,Female,1711123,Name_1520,9000001520,Address 1520
1521,Telugu,Male,1711123,Name_1521,9000001521,Address 1521
1522,English,Female,1711123,Name_1522,9000001522,Address 1522
1523,Hindi,Male,1711123,Name_1523,9000001523,Address 1523
1524,Telugu,Female,1711123,Name_1524,9000001524,Address 1524
1525,English,Male,1711123,Name_1525,9000001525,Address 1525
1526,Hindi,Female,1711123,Name_1526,9000001526,Address 1526
1527,Telugu,Male,1711123,Name_1527,9000001527,Address 1527
1528,English,Female,1711123,Name_1528,9000001528,Address 1528
1529,Hindi,Male,1711123,Name_1529,9000001529,Address 1529
1530,Telugu,Female,1711123,Name_1530,9000001530,Address 1530
1531,English,Male,1711123,Name_1531,9000001531,Address 1531
1532,Hindi,Female,1711123,Name_1532,9000001532,Address 1532
1533,Telugu,Male,1711123,Name_1533,9000001533,Address 1533
1534,English,Female,1711123,Name_1534,9000001534,Address 1534
1535,Hindi,Male,1711123,Name_1535,9000001535,Address 1535
1536,Telugu,Female,1711123,Name_1536,9000001536,Address 1536
1537,English,Male,1711123,Name_1537,9000001537,Address 1537
1538,Hindi,Female,1711123,Name_1538,9000001538,Address 1538
1539,Telugu,Male,1711123,Name_1539,9000001539,Address 1539
1540,English,Female,1711123,Name_1540,9000001540,Address 1540
1541,Hindi,Male,1711124,Name_1541,9000001541,Address 1541
1542,Telugu,Female,1711124,Name_1542,9000001542,Address 1542
1543,English,Male,1711124,Name_1543,9000001543,Address 1543
1544,Hindi,Female,1711124,Name_1544,9000001544,Address 1544
1545,Telugu,Male,1711124,Name_1545,9000001545,Address 1545
1546,English,Female,1711124,Name_1546,9000001546,Address 1546
1547,Hindi,Male,1711124,Name_1547,9000001547,Address 1547
1548,Telugu,Female,1711124,Name_1548,9000001548,Address 1548
1549,English,Male,1711124,Name_1549,9000001549,Address 1549
1550,Hindi,Female,1711124,Name_1550,9000001550,Address 1550
1551,Telugu,Male,1711124,Name_1551,9000001551,Address 1551
1552,English,Female,1711124,Name_1552,9000001552,Address 1552
1553,Hindi,Male,1711124,Name_1553,9000001553,Address 1553
1554,Telugu,Female,1711124,Name_1554,9000001554,Address 1554
1555,English,Male,1711124,Name_1555,9000001555,Address 1555
1556,Hindi,Female,1711124,Name_1556,9000001556,Address 1556
1557,Telugu,Male,1711124,Name_1557,9000001557,Address 1557
1558,English,Female,1711124,Name_1558,9000001558,Address 1558
1559,Hindi,Male,1711124,Name_1559,9000001559,Address 1559
1560,Telugu,Female,1711124,Name_1560,9000001560,Address 1560
1561,English,Male,1711124,Name_1561,9000001561,Address 1561
1562,Hindi,Female,1711124,Name_1562,9000001562,Address 1562
1563,Telugu,Male,1711125,Name_1563,9000001563,Address 1563
1564,English,Female,1711125,Name_1564,9000001564,Address 1564
1565,Hindi,Male,1711125,Name_1565,9000001565,Address 1565
1566,Telugu,Female,1711125,Name_1566,9000001566,Address 1566
1567,English,Male,1711125,Name_1567,9000001567,Address 1567
1568,Hindi,Female,1711125,Name_1568,9000001568,Address 1568
1569,Telugu,Male,1711125,Name_1569,9000001569,Address 1569
1570,English,Female,1711125,Name_1570,9000001570,Address 1570
1571,Hindi,Male,1711125,Name_1571,9000001571,Address 1571
1572,Telugu,Female,1711125,Name_1572,9000001572,Address 1572
1573,English,Male,1711125,Name_1573,9000001573,Address 1573
1574,Hindi,Female,1711125,Name_1574,9000001574,Address 1574
1575,Telugu,Male,1711125,Name_1575,9000001575,Address 1575
1576,English,Female,1711125,Name_1576,9000001576,Address 1576
1577,Hindi,Male,1711125,Name_1577,9000001577,Address 1577
1578,Telugu,Female,1711125,Name_1578,9000001578,Address 1578
1579,English,Male,1711125,Name_1579,9000001579,Address 1579
1580,Hindi,Female,1711125,Name_1580,9000001580,Address 1580
1581,Telugu,Male,1711125,Name_1581,9000001581,Address 1581
1582,English,Female,1711125,Name_1582,9000001582,Address 1582
1583,Hindi,Male,1711125,Name_1583,9000001583,Address 1583
1584,Telugu,Female,1711125,Name_1584,9000001584,Address 1584
1585,English,Male,1711126,Name_1585,9000001585,Address 1585
1586,Hindi,Female,1711126,Name_1586,9000001586,Address 1586
1587,Telugu,Male,1711126,Name_1587,9000001587,Address 1587
1588,English,Female,1711126,Name_1588,9000001588,Address 1588
1589,Hindi,Male,1711126,Name_1589,9000001589,Address 1589
1590,Telugu,Female,1711126,Name_1590,9000001590,Address 1590
1591,English,Male,1711126,Name_1591,9000001591,Address 1591
1592,Hindi,Female,1711126,Name_1592,9000001592,Address 1592
1593,Telugu,Male,1711126,Name_1593,9000001593,Address 1593
1594,English,Female,1711126,Name_1594,9000001594,Address 1594
1595,Hindi,Male,1711126,Name_1595,9000001595,Address 1595
1596,Telugu,Female,1711126,Name_1596,9000001596,Address 1596
1597,English,Male,1711126,Name_1597,9000001597,Address 1597
1598,Hindi,Female,1711126,Name_1598,9000001598,Address 1598
1599,Telugu,Male,1711126,Name_1599,9000001599,Address 1599
1600,English,Female,1711126,Name_1600,9000001600,Address 1600
1601,Hindi,Male,1711126,Name_1601,9000001601,Address 1601
1602,Telugu,Female,1711126,Name_1602,9000001602,Address 1602
1603,English,Male,1711126,Name_1603,9000001603,Address 1603
1604,Hindi,Female,1711126,Name_1604,9000001604,Address 1604
1605,Telugu,Male,1711126,Name_1605,9000001605,Address 1605
1606,English,Female,1711126,Name_1606,9000001606,Address 1606
1607,Hindi,Male,1711127,Name_1607,9000001607,Address 1607
1608,Telugu,Female,1711127,Name_1608,9000001608,Address 1608
1609,English,Male,1711127,Name_1609,9000001609,Address 1609
1610,Hindi,Female,1711127,Name_1610,9000001610,Address 1610
1611,Telugu,Male,1711127,Name_1611,9000001611,Address 1611
1612,English,Female,1711127,Name_1612,9000001612,Address 1612
1613,Hindi,Male,1711127,Name_1613,9000001613,Address 1613
1614,Telugu,Female,1711127,Name_1614,9000001614,Address 1614
1615,English,Male,1711127,Name_1615,9000001615,Address 1615
1616,Hindi,Female,1711127,Name_1616,9000001616,Address 1616
1617,Telugu,Male,1711127,Name_1617,9000001617,Address 1617
1618,English,Female,1711127,Name_1618,9000001618,Address 1618
1619,Hindi,Male,1711127,Name_1619,9000001619,Address 1619
1620,Telugu,Female,1711127,Name_1620,9000001620,Address 1620
1621,English,Male,1711127,Name_1621,9000001621,Address 1621
1622,Hindi,Female,1711127,Name_1622,9000001622,Address 1622
1623,Telugu,Male,1711127,Name_1623,9000001623,Address 1623
1624,English,Female,1711127,Name_1624,9000001624,Address 1624
1625,Hindi,Male,1711127,Name_1625,9000001625,Address 1625
1626,Telugu,Female,1711127,Name_1626,9000001626,Address 1626
1627,English,Male,1711127,Name_1627,9000001627,Address 1627
1628,Hindi,Female,1711127,Name_1628,9000001628,Address 1628
1629,Telugu,Male,1711128,Name_1629,9000001629,Address 1629
1630,English,Female,1711128,Name_1630,9000001630,Address 1630
1631,Hindi,Male,1711128,Name_1631,9000001631,Address 1631
1632,Telugu,Female,1711128,Name_1632,9000001632,Address 1632
1633,English,Male,1711128,Name_1633,9000001633,Address 1633
1634,Hindi,Female,1711128,Name_1634,9000001634,Address 1634
1635,Telugu,Male,1711128,Name_1635,9000001635,Address 1635
1636,English,Female,1711128,Name_1636,9000001636,Address 1636
1637,Hindi,Male,1711128,Name_1637,9000001637,Address 1637
1638,Telugu,Female,1711128,Name_1638,9000001638,Address 1638
1639,English,Male,1711128,Name_1639,9000001639,Address 1639
1640,Hindi,Female,1711128,Name_1640,9000001640,Address 1640
1641,Telugu,Male,1711128,Name_1641,9000001641,Address 1641
1642,English,Female,1711128,Name_1642,9000001642,Address 1642
1643,Hindi,Male,1711128,Name_1643,9000001643,Address 1643
1644,Telugu,Female,1711128,Name_1644,9000001644,Address 1644
1645,English,Male,1711128,Name_1645,9000001645,Address 1645
1646,Hindi,Female,1711128,Name_1646,9000001646,Address 1646
1647,Telugu,Male,1711128,Name_1647,9000001647,Address 1647
1648,English,Female,1711128,Name_1648,9000001648,Address 1648
1649,Hindi,Male,1711128,Name_1649,9000001649,Address 1649
1650,Telugu,Female,1711128,Name_1650,9000001650,Address 1650
1651,English,Male,1711129,Name_1651,9000001651,Address 1651
1652,Hindi,Female,1711129,Name_1652,9000001652,Address 1652
1653,Telugu,Male,1711129,Name_1653,9000001653,Address 1653
1654,English,Female,1711129,Name_1654,9000001654,Address 1654
1655,Hindi,Male,1711129,Name_1655,9000001655,Address 1655
1656,Telugu,Female,1711129,Name_1656,9000001656,Address 1656
1657,English,Male,1711129,Name_1657,9000001657,Address 1657
1658,Hindi,Female,1711129,Name_1658,9000001658,Address 1658
1659,Telugu,Male,1711129,Name_1659,9000001659,Address 1659
1660,English,Female,1711129,Name_1660,9000001660,Address 1660
1661,Hindi,Male,1711129,Name_1661,9000001661,Address 1661
1662,Telugu,Female,1711129,Name_1662,9000001662,Address 1662
1663,English,Male,1711129,Name_1663,9000001663,Address 1663
1664,Hindi,Female,1711129,Name_1664,9000001664,Address 1664
1665,Telugu,Male,1711129,Name_1665,9000001665,Address 1665
1666,English,Female,1711129,Name_1666,9000001666,Address 1666
1667,Hindi,Male,1711129,Name_1667,9000001667,Address 1667
1668,Telugu,Female,1711129,Name_1668,9000001668,Address 1668
1669,English,Male,1711129,Name_1669,9000001669,Address 1669
1670,Hindi,Female,1711129,Name_1670,9000001670,Address 1670
1671,Telugu,Male,1711129,Name_1671,9000001671,Address 1671
1672,English,Female,1711129,Name_1672,9000001672,Address 1672
1673,Hindi,Male,171113,Name_1673,9000001673,Address 1673
1674,Telugu,Female,171113,Name_1674,9000001674,Address 1674
1675,English,Male,171113,Name_1675,9000001675,Address 1675
1676,Hindi,Female,171113,Name_1676,9000001676,Address 1676
1677,Telugu,Male,171113,Name_1677,9000001677,Address 1677
1678,English,Female,171113,Name_1678,9000001678,Address 1678
1679,Hindi,Male,171113,Name_1679,9000001679,Address 1679
1680,Telugu,Female,171113,Name_1680,9000001680,Address 1680
1681,English,Male,171113,Name_1681,9000001681,Address 1681
1682,Hindi,Female,171113,Name_1682,9000001682,Address 1682
1683,Telugu,Male,171113,Name_1683,9000001683,Address 1683
1684,English,Female,171113,Name_1684,9000001684,Address 1684
1685,Hindi,Male,171113,Name_1685,9000001685,Address 1685
1686,Telugu,Female,171113,Name_1686,9000001686,Address 1686
1687,English,Male,171113,Name_1687,9000001687,Address 1687
1688,Hindi,Female,171113,Name_1688,9000001688,Address 1688
1689,Telugu,Male,171113,Name_1689,9000001689,Address 1689
1690,English,Female,171113,Name_1690,9000001690,Address 1690
1691,Hindi,Male,171113,Name_1691,9000001691,Address 1691
1692,Telugu,Female,171113,Name_1692,9000001692,Address 1692
1693,English,Male,171113,Name_1693,9000001693,Address 1693
1694,Hindi,Female,171113,Name_1694,9000001694,Address 1694
1695,Telugu,Male,1711130,Name_1695,9000001695,Address 1695
1696,English,Female,1711130,Name_1696,9000001696,Address 1696
1697,Hindi,Male,1711130,Name_1697,9000001697,Address 1697
1698,Telugu,Female,1711130,Name_1698,9000001698,Address 1698
1699,English,Male,1711130,Name_1699,9000001699,Address 1699
1700,Hindi,Female,1711130,Name_1700,9000001700,Address 1700
1701,Telugu,Male,1711130,Name_1701,9000001701,Address 1701
1702,English,Female,1711130,Name_1702,9000001702,Address 1702
1703,Hindi,Male,1711130,Name_1703,9000001703,Address 1703
1704,Telugu,Female,1711130,Name_1704,9000001704,Address 1704
1705,English,Male,1711130,Name_1705,9000001705,Address 1705
1706,Hindi,Female,1711130,Name_1706,9000001706,Address 1706
1707,Telugu,Male,1711130,Name_1707,9000001707,Address 1707
1708,English,Female,1711130,Name_1708,9000001708,Address 1708
1709,Hindi,Male,1711130,Name_1709,9000001709,Address 1709
1710,Telugu,Female,1711130,Name_1710,9000001710,Address 1710
1711,English,Male,1711130,Name_1711,9000001711,Address 1711
1712,Hindi,Female,1711130,Name_1712,9000001712,Address 1712
1713,Telugu,Male,1711130,Name_1713,9000001713,Address 1713
1714,English,Female,1711130,Name_1714,9000001714,Address 1714
1715,Hindi,Male,1711130,Name_1715,9000001715,Address 1715
1716,Telugu,Female,1711130,Name_1716,9000001716,Address 1716
1717,English,Male,1711131,Name_1717,9000001717,Address 1717
1718,Hindi,Female,1711131,Name_1718,9000001718,Address 1718
1719,Telugu,Male,1711131,Name_1719,9000001719,Address 1719
1720,English,Female,1711131,Name_1720,9000001720,Address 1720
1721,Hindi,Male,1711131,Name_1721,9000001721,Address 1721
1722,Telugu,Female,1711131,Name_1722,9000001722,Address 1722
1723,English,Male,1711131,Name_1723,9000001723,Address 1723
1724,Hindi,Female,1711131,Name_1724,9000001724,Address 1724
1725,Telugu,Male,1711131,Name_1725,9000001725,Address 1725
1726,English,Female,1711131,Name_1726,9000001726,Address 1726
1727,Hindi,Male,1711131,Name_1727,9000001727,Address 1727
1728,Telugu,Female,1711131,Name_1728,9000001728,Address 1728
1729,English,Male,1711131,Name_1729,9000001729,Address 1729
1730,Hindi,Female,1711131,Name_1730,9000001730,Address 1730
1731,Telugu,Male,1711131,Name_1731,9000001731,Address 1731
1732,English,Female,1711131,Name_1732,9000001732,Address 1732
1733,Hindi,Male,1711131,Name_1733,9000001733,Address 1733
1734,Telugu,Female,1711131,Name_1734,9000001734,Address 1734
1735,English,Male,1711131,Name_1735,9000001735,Address 1735
1736,Hindi,Female,1711131,Name_1736,9000001736,Address 1736
1737,Telugu,Male,1711131,Name_1737,9000001737,Address 1737
1738,English,Female,1711131,Name_1738,9000001738,Address 1738
1739,Hindi,Male,1711132,Name_1739,9000001739,Address 1739
1740,Telugu,Female,1711132,Name_1740,9000001740,Address 1740
1741,English,Male,1711132,Name_1741,9000001741,Address 1741
1742,Hindi,Female,1711132,Name_1742,9000001742,Address 1742
1743,Telugu,Male,1711132,Name_1743,9000001743,Address 1743
1744,English,Female,1711132,Name_1744,9000001744,Address 1744
1745,Hindi,Male,1711132,Name_1745,9000001745,Address 1745
1746,Telugu,Female,1711132,Name_1746,9000001746,Address 1746
1747,English,Male,1711132,Name_1747,9000001747,Address 1747
1748,Hindi,Female,1711132,Name_1748,9000001748,Address 1748
1749,Telugu,Male,1711132,Name_1749,9000001749,Address 1749
1750,English,Female,1711132,Name_1750,9000001750,Address 1750
1751,Hindi,Male,1711132,Name_1751,9000001751,Address 1751
1752,Telugu,Female,1711132,Name_1752,9000001752,Address 1752
1753,English,Male,1711132,Name_1753,9000001753,Address 1753
1754,Hindi,Female,1711132,Name_1754,9000001754,Address 1754
1755,Telugu,Male,1711132,Name_1755,9000001755,Address 1755
1756,English,Female,1711132,Name_1756,9000001756,Address 1756
1757,Hindi,Male,1711132,Name_1757,9000001757,Address 1757
1758,Telugu,Female,1711132,Name_1758,9000001758,Address 1758
1759,English,Male,1711132,Name_1759,9000001759,Address 1759
1760,Hindi,Female,1711132,Name_1760,9000001760,Address 1760
1761,Telugu,Male,1711133,Name_1761,9000001761,Address 1761
1762,English,Female,1711133,Name_1762,9000001762,Address 1762
1763,Hindi,Male,1711133,Name_1763,9000001763,Address 1763
1764,Telugu,Female,1711133,Name_1764,9000001764,Address 1764
1765,English,Male,1711133,Name_1765,9000001765,Address 1765
1766,Hindi,Female,1711133,Name_1766,9000001766,Address 1766
1767,Telugu,Male,1711133,Name_1767,9000001767,Address 1767
1768,English,Female,1711133,Name_1768,9000001768,Address 1768
1769,Hindi,Male,1711133,Name_1769,9000001769,Address 1769
1770,Telugu,Female,1711133,Name_1770,9000001770,Address 1770
1771,English,Male,1711133,Name_1771,9000001771,Address 1771
1772,Hindi,Female,1711133,Name_1772,9000001772,Address 1772
1773,Telugu,Male,1711133,Name_1773,9000001773,Address 1773
1774,English,Female,1711133,Name_1774,9000001774,Address 1774
1775,Hindi,Male,1711133,Name_1775,9000001775,Address 1775
1776,Telugu,Female,1711133,Name_1776,9000001776,Address 1776
1777,English,Male,1711133,Name_1777,9000001777,Address 1777
1778,Hindi,Female,1711133,Name_1778,9000001778,Address 1778
1779,Telugu,Male,1711133,Name_1779,9000001779,Address 1779
1780,English,Female,1711133,Name_1780,9000001780,Address 1780
1781,Hindi,Male,1711133,Name_1781,9000001781,Address 1781
1782,Telugu,Female,1711133,Name_1782,9000001782,Address 1782
1783,English,Male,1711134,Name_1783,9000001783,Address 1783
1784,Hindi,Female,1711134,Name_1784,9000001784,Address 1784
1785,Telugu,Male,1711134,Name_1785,9000001785,Address 1785
1786,English,Female,1711134,Name_1786,9000001786,Address 1786
1787,Hindi,Male,1711134,Name_1787,9000001787,Address 1787
1788,Telugu,Female,1711134,Name_1788,9000001788,Address 1788
1789,English,Male,1711134,Name_1789,9000001789,Address 1789
1790,Hindi,Female,1711134,Name_1790,9000001790,Address 1790
1791,Telugu,Male,1711134,Name_1791,9000001791,Address 1791
1792,English,Female,1711134,Name_1792,9000001792,Address 1792
1793,Hindi,Male,1711134,Name_1793,9000001793,Address 1793
1794,Telugu,Female,1711134,Name_1794,9000001794,Address 1794
1795,English,Male,1711134,Name_1795,9000001795,Address 1795
1796,Hindi,Female,1711134,Name_1796,9000001796,Address 1796
1797,Telugu,Male,1711134,Name_1797,9000001797,Address 1797
1798,English,Female,1711134,Name_1798,9000001798,Address 1798
1799,Hindi,Male,1711134,Name_1799,9000001799,Address 1799
1800,Telugu,Female,1711134,Name_1800,9000001800,Address 1800
1801,English,Male,1711134,Name_1801,9000001801,Address 1801
1802,Hindi,Female,1711134,Name_1802,9000001802,Address 1802
1803,Telugu,Male,1711134,Name_1803,9000001803,Address 1803
1804,English,Female,1711134,Name_1804,9000001804,Address 1804
1805,Hindi,Male,1711135,Name_1805,9000001805,Address 1805
1806,Telugu,Female,1711135,Name_1806,9000001806,Address 1806
1807,English,Male,1711135,Name_1807,9000001807,Address 1807
1808,Hindi,Female,1711135,Name_1808,9000001808,Address 1808
1809,Telugu,Male,1711135,Name_1809,9000001809,Address 1809
1810,English,Female,1711135,Name_1810,9000001810,Address 1810
1811,Hindi,Male,1711135,Name_1811,9000001811,Address 1811
1812,Telugu,Female,1711135,Name_1812,9000001812,Address 1812
1813,English,Male,1711135,Name_1813,9000001813,Address 1813
1814,Hindi,Female,1711135,Name_1814,9000001814,Address 1814
1815,Telugu,Male,1711135,Name_1815,9000001815,Address 1815
1816,English,Female,1711135,Name_1816,9000001816,Address 1816
1817,Hindi,Male,1711135,Name_1817,9000001817,Address 1817
1818,Telugu,Female,1711135,Name_1818,9000001818,Address 1818
1819,English,Male,1711135,Name_1819,9000001819,Address 1819
1820,Hindi,Female,1711135,Name_1820,9000001820,Address 1820
1821,Telugu,Male,1711135,Name_1821,9000001821,Address 1821
1822,English,Female,1711135,Name_1822,9000001822,Address 1822
1823,Hindi,Male,1711135,Name_1823,9000001823,Address 1823
1824,Telugu,Female,1711135,Name_1824,9000001824,Address 1824
1825,English,Male,1711135,Name_1825,9000001825,Address 1825
1826,Hindi,Female,1711135,Name_1826,9000001826,Address 1826
1827,Telugu,Male,1711136,Name_1827,9000001827,Address 1827
1828,English,Female,1711136,Name_1828,9000001828,Address 1828
1829,Hindi,Male,1711136,Name_1829,9000001829,Address 1829
1830,Telugu,Female,1711136,Name_1830,9000001830,Address 1830
1831,English,Male,1711136,Name_1831,9000001831,Address 1831
1832,Hindi,Female,1711136,Name_1832,9000001832,Address 1832
1833,Telugu,Male,1711136,Name_1833,9000001833,Address 1833
1834,English,Female,1711136,Name_1834,9000001834,Address 1834
1835,Hindi,Male,1711136,Name_1835,9000001835,Address 1835
1836,Telugu,Female,1711136,Name_1836,9000001836,Address 1836
1837,English,Male,1711136,Name_1837,9000001837,Address 1837
1838,Hindi,Female,1711136,Name_1838,9000001838,Address 1838
1839,Telugu,Male,1711136,Name_1839,9000001839,Address 1839
1840,English,Female,1711136,Name_1840,9000001840,Address 1840
1841,Hindi,Male,1711136,Name_1841,9000001841,Address 1841
1842,Telugu,Female,1711136,Name_1842,9000001842,Address 1842
1843,English,Male,1711136,Name_1843,9000001843,Address 1843
1844,Hindi,Female,1711136,Name_1844,9000001844,Address 1844
1845,Telugu,Male,1711136,Name_1845,9000001845,Address 1845
1846,English,Female,1711136,Name_1846,9000001846,Address 1846
1847,Hindi,Male,1711136,Name_1847,9000001847,Address 1847
1848,Telugu,Female,1711136,Name_1848,9000001848,Address 1848
1849,English,Male,1711137,Name_1849,9000001849,Address 1849
1850,Hindi,Female,1711137,Name_1850,9000001850,Address 1850
1851,Telugu,Male,1711137,Name_1851,9000001851,Address 1851
1852,English,Female,1711137,Name_1852,9000001852,Address 1852
1853,Hindi,Male,1711137,Name_1853,9000001853,Address 1853
1854,Telugu,Female,1711137,Name_1854,9000001854,Address 1854
1855,English,Male,1711137,Name_1855,9000001855,Address 1855
1856,Hindi,Female,1711137,Name_1856,9000001856,Address 1856
1857,Telugu,Male,1711137,Name_1857,9000001857,Address 1857
1858,English,Female,1711137,Name_1858,9000001858,Address 1858
1859,Hindi,Male,1711137,Name_1859,9000001859,Address 1859
1860,Telugu,Female,1711137,Name_1860,9000001860,Address 1860
1861,English,Male,1711137,Name_1861,9000001861,Address 1861
1862,Hindi,Female,1711137,Name_1862,9000001862,Address 1862
1863,Telugu,Male,1711137,Name_1863,9000001863,Address 1863
1864,English,Female,1711137,Name_1864,9000001864,Address 1864
1865,Hindi,Male,1711137,Name_1865,9000001865,Address 1865
1866,Telugu,Female,1711137,Name_1866,9000001866,Address 1866
1867,English,Male,1711137,Name_1867,9000001867,Address 1867
1868,Hindi,Female,1711137,Name_1868,9000001868,Address 1868
1869,Telugu,Male,1711137,Name_1869,9000001869,Address 1869
1870,English,Female,1711137,Name_1870,9000001870,Address 1870
1871,Hindi,Male,1711138,Name_1871,9000001871,Address 1871
1872,Telugu,Female,1711138,Name_1872,9000001872,Address 1872
1873,English,Male,1711138,Name_1873,9000001873,Address 1873
1874,Hindi,Female,1711138,Name_1874,9000001874,Address 1874
1875,Telugu,Male,1711138,Name_1875,9000001875,Address 1875
1876,English,Female,1711138,Name_1876,9000001876,Address 1876
1877,Hindi,Male,1711138,Name_1877,9000001877,Address 1877
1878,Telugu,Female,1711138,Name_1878,9000001878,Address 1878
1879,English,Male,1711138,Name_1879,9000001879,Address 1879
1880,Hindi,Female,1711138,Name_1880,9000001880,Address 1880
1881,Telugu,Male,1711138,Name_1881,9000001881,Address 1881
1882,English,Female,1711138,Name_1882,9000001882,Address 1882
1883,Hindi,Male,1711138,Name_1883,9000001883,Address 1883
1884,Telugu,Female,1711138,Name_1884,9000001884,Address 1884
1885,English,Male,1711138,Name_1885,9000001885,Address 1885
1886,Hindi,Female,1711138,Name_1886,9000001886,Address 1886
1887,Telugu,Male,1711138,Name_1887,9000001887,Address 1887
1888,English,Female,1711138,Name_1888,9000001888,Address 1888
1889,Hindi,Male,1711138,Name_1889,9000001889,Address 1889
1890,Telugu,Female,1711138,Name_1890,9000001890,Address 1890
1891,English,Male,1711138,Name_1891,9000001891,Address 1891
1892,Hindi,Female,1711138,Name_1892,9000001892,Address 1892
1893,Telugu,Male,1711139,Name_1893,9000001893,Address 1893
1894,English,Female,1711139,Name_1894,9000001894,Address 1894
1895,Hindi,Male,1711139,Name_1895,9000001895,Address 1895
1896,Telugu,Female,1711139,Name_1896,9000001896,Address 1896
1897,English,Male,1711139,Name_1897,9000001897,Address 1897
1898,Hindi,Female,1711139,Name_1898,9000001898,Address 1898
1899,Telugu,Male,1711139,Name_1899,9000001899,Address 1899
1900,English,Female,1711139,Name_1900,9000001900,Address 1900
1901,Hindi,Male,1711139,Name_1901,9000001901,Address 1901
1902,Telugu,Female,1711139,Name_1902,9000001902,Address 1902
1903,English,Male,1711139,Name_1903,9000001903,Address 1903
1904,Hindi,Female,1711139,Name_1904,9000001904,Address 1904
1905,Telugu,Male,1711139,Name_1905,9000001905,Address 1905
1906,English,Female,1711139,Name_1906,9000001906,Address 1906
1907,Hindi,Male,1711139,Name_1907,9000001907,Address 1907
1908,Telugu,Female,1711139,Name_1908,9000001908,Address 1908
1909,English,Male,1711139,Name_1909,9000001909,Address 1909
1910,Hindi,Female,1711139,Name_1910,9000001910,Address 1910
1911,Telugu,Male,1711139,Name_1911,9000001911,Address 1911
1912,English,Female,1711139,Name_1912,9000001912,Address 1912
1913,Hindi,Male,1711139,Name_1913,9000001913,Address 1913
1914,Telugu,Female,1711139,Name_1914,9000001914,Address 1914
1915,English,Male,171114,Name_1915,9000001915,Address 1915
1916,Hindi,Female,171114,Name_1916,9000001916,Address 1916
1917,Telugu,Male,171114,Name_1917,9000001917,Address 1917
1918,English,Female,171114,Name_1918,9000001918,Address 1918
1919,Hindi,Male,171114,Name_1919,9000001919,Address 1919
1920,Telugu,Female,171114,Name_1920,9000001920,Address 1920
1921,English,Male,171114,Name_1921,9000001921,Address 1921
1922,Hindi,Female,171114,Name_1922,9000001922,Address 1922
1923,Telugu,Male,171114,Name_1923,9000001923,Address 1923
1924,English,Female,171114,Name_1924,9000001924,Address 1924
1925,Hindi,Male,171114,Name_1925,9000001925,Address 1925
1926,Telugu,Female,171114,Name_1926,9000001926,Address 1926
1927,English,Male,171114,Name_1927,9000001927,Address 1927
1928,Hindi,Female,171114,Name_1928,9000001928,Address 1928
1929,Telugu,Male,171114,Name_1929,9000001929,Address 1929
1930,English,Female,171114,Name_1930,9000001930,Address 1930
1931,Hindi,Male,171114,Name_1931,9000001931,Address 1931
1932,Telugu,Female,171114,Name_1932,9000001932,Address 1932
1933,English,Male,171114,Name_1933,9000001933,Address 1933
1934,Hindi,Female,171114,Name_1934,9000001934,Address 1934
1935,Telugu,Male,171114,Name_1935,9000001935,Address 1935
1936,English,Female,171114,Name_1936,9000001936,Address 1936
1937,Hindi,Male,1711140,Name_1937,9000001937,Address 1937
1938,Telugu,Female,1711140,Name_1938,9000001938,Address 1938
1939,English,Male,1711140,Name_1939,9000001939,Address 1939
1940,Hindi,Female,1711140,Name_1940,9000001940,Address 1940
1941,Telugu,Male,1711140,Name_1941,9000001941,Address 1941
1942,English,Female,1711140,Name_1942,9000001942,Address 1942
1943,Hindi,Male,1711140,Name_1943,9000001943,Address 1943
1944,Telugu,Female,1711140,Name_1944,9000001944,Address 1944
1945,English,Male,1711140,Name_1945,9000001945,Address 1945
1946,Hindi,Female,1711140,Name_1946,9000001946,Address 1946
1947,Telugu,Male,1711140,Name_1947,9000001947,Address 1947
1948,English,Female,1711140,Name_1948,9000001948,Address 1948
1949,Hindi,Male,1711140,Name_1949,9000001949,Address 1949
1950,Telugu,Female,1711140,Name_1950,9000001950,Address 1950
1951,English,Male,1711140,Name_1951,9000001951,Address 1951
1952,Hindi,Female,1711140,Name_1952,9000001952,Address 1952
1953,Telugu,Male,1711140,Name_1953,9000001953,Address 1953
1954,English,Female,1711140,Name_1954,9000001954,Address 1954
1955,Hindi,Male,1711140,Name_1955,9000001955,Address 1955
1956,Telugu,Female,1711140,Name_1956,9000001956,Address 1956
1957,English,Male,1711140,Name_1957,9000001957,Address 1957
1958,Hindi,Female,1711140,Name_1958,9000001958,Address 1958
1959,Telugu,Male,1711141,Name_1959,9000001959,Address 1959
1960,English,Female,1711141,Name_1960,9000001960,Address 1960
1961,Hindi,Male,1711141,Name_1961,9000001961,Address 1961
1962,Telugu,Female,1711141,Name_1962,9000001962,Address 1962
1963,English,Male,1711141,Name_1963,9000001963,Address 1963
1964,Hindi,Female,1711141,Name_1964,9000001964,Address 1964
1965,Telugu,Male,1711141,Name_1965,9000001965,Address 1965
1966,English,Female,1711141,Name_1966,9000001966,Address 1966
1967,Hindi,Male,1711141,Name_1967,9000001967,Address 1967
1968,Telugu,Female,1711141,Name_1968,9000001968,Address 1968
1969,English,Male,1711141,Name_1969,9000001969,Address 1969
1970,Hindi,Female,1711141,Name_1970,9000001970,Address 1970
1971,Telugu,Male,1711141,Name_1971,9000001971,Address 1971
1972,English,Female,1711141,Name_1972,9000001972,Address 1972
1973,Hindi,Male,1711141,Name_1973,9000001973,Address 1973
1974,Telugu,Female,1711141,Name_1974,9000001974,Address 1974
1975,English,Male,1711141,Name_1975,9000001975,Address 1975
1976,Hindi,Female,1711141,Name_1976,9000001976,Address 1976
1977,Telugu,Male,1711141,Name_1977,9000001977,Address 1977
1978,English,Female,1711141,Name_1978,9000001978,Address 1978
1979,Hindi,Male,1711141,Name_1979,9000001979,Address 1979
1980,Telugu,Female,1711141,Name_1980,9000001980,Address 1980
1981,English,Male,1711142,Name_1981,9000001981,Address 1981
1982,Hindi,Female,1711142,Name_1982,9000001982,Address 1982
1983,Telugu,Male,1711142,Name_1983,9000001983,Address 1983
1984,English,Female,1711142,Name_1984,9000001984,Address 1984
1985,Hindi,Male,1711142,Name_1985,9000001985,Address 1985
1986,Telugu,Female,1711142,Name_1986,9000001986,Address 1986
1987,English,Male,1711142,Name_1987,9000001987,Address 1987
1988,Hindi,Female,1711142,Name_1988,9000001988,Address 1988
1989,Telugu,Male,1711142,Name_1989,9000001989,Address 1989
1990,English,Female,1711142,Name_1990,9000001990,Address 1990
1991,Hindi,Male,1711142,Name_1991,9000001991,Address 1991
1992,Telugu,Female,1711142,Name_1992,9000001992,Address 1992
1993,English,Male,1711142,Name_1993,9000001993,Address 1993
1994,Hindi,Female,1711142,Name_1994,9000001994,Address 1994
1995,Telugu,Male,1711142,Name_1995,9000001995,Address 1995
1996,English,Female,1711142,Name_1996,9000001996,Address 1996
1997,Hindi,Male,1711142,Name_1997,9000001997,Address 1997
1998,Telugu,Female,1711142,Name_1998,9000001998,Address 1998
1999,English,Male,1711142,Name_1999,9000001999,Address 1999
2000,Hindi,Female,1711142,Name_2000,9000002000,Address 2000
2001,Telugu,Male,1711142,Name_2001,9000002001,Address 2001
2002,English,Female,1711142,Name_2002,9000002002,Address 2002
2003,Hindi,Male,1711143,Name_2003,9000002003,Address 2003
2004,Telugu,Female,1711143,Name_2004,9000002004,Address 2004
2005,English,Male,1711143,Name_2005,9000002005,Address 2005
2006,Hindi,Female,1711143,Name_2006,9000002006,Address 2006
2007,Telugu,Male,1711143,Name_2007,9000002007,Address 2007
2008,English,Female,1711143,Name_2008,9000002008,Address 2008
2009,Hindi,Male,1711143,Name_2009,9000002009,Address 2009
2010,Telugu,Female,1711143,Name_2010,9000002010,Address 2010
2011,English,Male,1711143,Name_2011,9000002011,Address 2011
2012,Hindi,Female,1711143,Name_2012,9000002012,Address 2012
2013,Telugu,Male,1711143,Name_2013,9000002013,Address 2013
2014,English,Female,1711143,Name_2014,9000002014,Address 2014
2015,Hindi,Male,1711143,Name_2015,9000002015,Address 2015
2016,Telugu,Female,1711143,Name_2016,9000002016,Address 2016
2017,English,Male,1711143,Name_2017,9000002017,Address 2017
2018,Hindi,Female,1711143,Name_2018,9000002018,Address 2018
2019,Telugu,Male,1711143,Name_2019,9000002019,Address 2019
2020,English,Female,1711143,Name_2020,9000002020,Address 2020
2021,Hindi,Male,1711143,Name_2021,9000002021,Address 2021
2022,Telugu,Female,1711143,Name_2022,9000002022,Address 2022
2023,English,Male,1711143,Name_2023,9000002023,Address 2023
2024,Hindi,Female,1711143,Name_2024,9000002024,Address 2024
2025,Telugu,Male,1711144,Name_2025,9000002025,Address 2025
2026,English,Female,1711144,Name_2026,9000002026,Address 2026
2027,Hindi,Male,1711144,Name_2027,9000002027,Address 2027
2028,Telugu,Female,1711144,Name_2028,9000002028,Address 2028
2029,English,Male,1711144,Name_2029,9000002029,Address 2029
2030,Hindi,Female,1711144,Name_2030,9000002030,Address 2030
2031,Telugu,Male,1711144,Name_2031,9000002031,Address 2031
2032,English,Female,1711144,Name_2032,9000002032,Address 2032
2033,Hindi,Male,1711144,Name_2033,9000002033,Address 2033
2034,Telugu,Female,1711144,Name_2034,9000002034,Address 2034
2035,English,Male,1711144,Name_2035,9000002035,Address 2035
2036,Hindi,Female,1711144,Name_2036,9000002036,Address 2036
2037,Telugu,Male,1711144,Name_2037,9000002037,Address 2037
2038,English,Female,1711144,Name_2038,9000002038,Address 2038
2039,Hindi,Male,1711144,Name_2039,9000002039,Address 2039
2040,Telugu,Female,1711144,Name_2040,9000002040,Address 2040
2041,English,Male,1711144,Name_2041,9000002041,Address 2041
2042,Hindi,Female,1711144,Name_2042,9000002042,Address 2042
2043,Telugu,Male,1711144,Name_2043,9000002043,Address 2043
2044,English,Female,1711144,Name_2044,9000002044,Address 2044
2045,Hindi,Male,1711144,Name_2045,9000002045,Address 2045
2046,Telugu,Female,1711144,Name_2046,9000002046,Address 2046
2047,English,Male,1711145,Name_2047,9000002047,Address 2047
2048,Hindi,Female,1711145,Name_2048,9000002048,Address 2048
2049,Telugu,Male,1711145,Name_2049,9000002049,Address 2049
2050,English,Female,1711145,Name_2050,9000002050,Address 2050
2051,Hindi,Male,1711145,Name_2051,9000002051,Address 2051
2052,Telugu,Female,1711145,Name_2052,9000002052,Address 2052
2053,English,Male,1711145,Name_2053,9000002053,Address 2053
2054,Hindi,Female,1711145,Name_2054,9000002054,Address 2054
2055,Telugu,Male,1711145,Name_2055,9000002055,Address 2055
2056,English,Female,1711145,Name_2056,9000002056,Address 2056
2057,Hindi,Male,1711145,Name_2057,9000002057,Address 2057
2058,Telugu,Female,1711145,Name_2058,9000002058,Address 2058
2059,English,Male,1711145,Name_2059,9000002059,Address 2059
2060,Hindi,Female,1711145,Name_2060,9000002060,Address 2060
2061,Telugu,Male,1711145,Name_2061,9000002061,Address 2061
2062,English,Female,1711145,Name_2062,9000002062,Address 2062
2063,Hindi,Male,1711145,Name_2063,9000002063,Address 2063
2064,Telugu,Female,1711145,Name_2064,9000002064,Address 2064
2065,English,Male,1711145,Name_2065,9000002065,Address 2065
2066,Hindi,Female,1711145,Name_2066,9000002066,Address 2066
2067,Telugu,Male,1711145,Name_2067,9000002067,Address 2067
2068,English,Female,1711145,Name_2068,9000002068,Address 2068
2069,Hindi,Male,1711146,Name_2069,9000002069,Address 2069
2070,Telugu,Female,1711146,Name_2070,9000002070,Address 2070
2071,English,Male,1711146,Name_2071,9000002071,Address 2071
2072,Hindi,Female,1711146,Name_2072,9000002072,Address 2072
2073,Telugu,Male,1711146,Name_2073,9000002073,Address 2073
2074,English,Female,1711146,Name_2074,9000002074,Address 2074
2075,Hindi,Male,1711146,Name_2075,9000002075,Address 2075
2076,Telugu,Female,1711146,Name_2076,9000002076,Address 2076
2077,English,Male,1711146,Name_2077,9000002077,Address 2077
2078,Hindi,Female,1711146,Name_2078,9000002078,Address 2078
2079,Telugu,Male,1711146,Name_2079,9000002079,Address 2079
2080,English,Female,1711146,Name_2080,9000002080,Address 2080
2081,Hindi,Male,1711146,Name_2081,9000002081,Address 2081
2082,Telugu,Female,1711146,Name_2082,9000002082,Address 2082
2083,English,Male,1711146,Name_2083,9000002083,Address 2083
2084,Hindi,Female,1711146,Name_2084,9000002084,Address 2084
2085,Telugu,Male,1711146,Name_2085,9000002085,Address 2085
2086,English,Female,1711146,Name_2086,9000002086,Address 2086
2087,Hindi,Male,1711146,Name_2087,9000002087,Address 2087
2088,Telugu,Female,1711146,Name_2088,9000002088,Address 2088
2089,English,Male,1711146,Name_2089,9000002089,Address 2089
2090,Hindi,Female,1711146,Name_2090,9000002090,Address 2090
2091,Telugu,Male,1711147,Name_2091,9000002091,Address 2091
2092,English,Female,1711147,Name_2092,9000002092,Address 2092
2093,Hindi,Male,1711147,Name_2093,9000002093,Address 2093
2094,Telugu,Female,1711147,Name_2094,9000002094,Address 2094
2095,English,Male,1711147,Name_2095,9000002095,Address 2095
2096,Hindi,Female,1711147,Name_2096,9000002096,Address 2096
2097,Telugu,Male,1711147,Name_2097,9000002097,Address 2097
2098,English,Female,1711147,Name_2098,9000002098,Address 2098
2099,Hindi,Male,1711147,Name_2099,9000002099,Address 2099
2100,Telugu,Female,1711147,Name_2100,9000002100,Address 2100
2101,English,Male,1711147,Name_2101,9000002101,Address 2101
2102,Hindi,Female,1711147,Name_2102,9000002102,Address 2102
2103,Telugu,Male,1711147,Name_2103,9000002103,Address 2103
2104,English,Female,1711147,Name_2104,9000002104,Address 2104
2105,Hindi,Male,1711147,Name_2105,9000002105,Address 2105
2106,Telugu,Female,1711147,Name_2106,9000002106,Address 2106
2107,English,Male,1711147,Name_2107,9000002107,Address 2107
2108,Hindi,Female,1711147,Name_2108,9000002108,Address 2108
2109,Telugu,Male,1711147,Name_2109,9000002109,Address 2109
2110,English,Female,1711147,Name_2110,9000002110,Address 2110
2111,Hindi,Male,1711147,Name_2111,9000002111,Address 2111
2112,Telugu,Female,1711147,Name_2112,9000002112,Address 2112
2113,English,Male,1711148,Name_2113,9000002113,Address 2113
2114,Hindi,Female,1711148,Name_2114,9000002114,Address 2114
2115,Telugu,Male,1711148,Name_2115,9000002115,Address 2115
2116,English,Female,1711148,Name_2116,9000002116,Address 2116
2117,Hindi,Male,1711148,Name_2117,9000002117,Address 2117
2118,Telugu,Female,1711148,Name_2118,9000002118,Address 2118
2119,English,Male,1711148,Name_2119,9000002119,Address 2119
2120,Hindi,Female,1711148,Name_2120,9000002120,Address 2120
2121,Telugu,Male,1711148,Name_2121,9000002121,Address 2121
2122,English,Female,1711148,Name_2122,9000002122,Address 2122
2123,Hindi,Male,1711148,Name_2123,9000002123,Address 2123
2124,Telugu,Female,1711148,Name_2124,9000002124,Address 2124
2125,English,Male,1711148,Name_2125,9000002125,Address 2125
2126,Hindi,Female,1711148,Name_2126,9000002126,Address 2126
2127,Telugu,Male,1711148,Name_2127,9000002127,Address 2127
2128,English,Female,1711148,Name_2128,9000002128,Address 2128
2129,Hindi,Male,1711148,Name_2129,9000002129,Address 2129
2130,Telugu,Female,1711148,Name_2130,9000002130,Address 2130
2131,English,Male,1711148,Name_2131,9000002131,Address 2131
2132,Hindi,Female,1711148,Name_2132,9000002132,Address 2132
2133,Telugu,Male,1711148,Name_2133,9000002133,Address 2133
2134,English,Female,1711148,Name_2134,9000002134,Address 2134
2135,Hindi,Male,1711149,Name_2135,9000002135,Address 2135
2136,Telugu,Female,1711149,Name_2136,9000002136,Address 2136
2137,English,Male,1711149,Name_2137,9000002137,Address 2137
2138,Hindi,Female,1711149,Name_2138,9000002138,Address 2138
2139,Telugu,Male,1711149,Name_2139,9000002139,Address 2139
2140,English,Female,1711149,Name_2140,9000002140,Address 2140
2141,Hindi,Male,1711149,Name_2141,9000002141,Address 2141
2142,Telugu,Female,1711149,Name_2142,9000002142,Address 2142
2143,English,Male,1711149,Name_2143,9000002143,Address 2143
2144,Hindi,Female,1711149,Name_2144,9000002144,Address 2144
2145,Telugu,Male,1711149,Name_2145,9000002145,Address 2145
2146,English,Female,1711149,Name_2146,9000002146,Address 2146
2147,Hindi,Male,1711149,Name_2147,9000002147,Address 2147
2148,Telugu,Female,1711149,Name_2148,9000002148,Address 2148
2149,English,Male,1711149,Name_2149,9000002149,Address 2149
2150,Hindi,Female,1711149,Name_2150,9000002150,Address 2150
2151,Telugu,Male,1711149,Name_2151,9000002151,Address 2151
2152,English,Female,1711149,Name_2152,9000002152,Address 2152
2153,Hindi,Male,1711149,Name_2153,9000002153,Address 2153
2154,Telugu,Female,1711149,Name_2154,9000002154,Address 2154
2155,English,Male,1711149,Name_2155,9000002155,Address 2155
2156,Hindi,Female,1711149,Name_2156,9000002156,Address 2156
2157,Telugu,Male,171115,Name_2157,9000002157,Address 2157
2158,English,Female,171115,Name_2158,9000002158,Address 2158
2159,Hindi,Male,171115,Name_2159,9000002159,Address 2159
2160,Telugu,Female,171115,Name_2160,9000002160,Address 2160
2161,English,Male,171115,Name_2161,9000002161,Address 2161
2162,Hindi,Female,171115,Name_2162,9000002162,Address 2162
2163,Telugu,Male,171115,Name_2163,9000002163,Address 2163
2164,English,Female,171115,Name_2164,9000002164,Address 2164
2165,Hindi,Male,171115,Name_2165,9000002165,Address 2165
2166,Telugu,Female,171115,Name_2166,9000002166,Address 2166
2167,English,Male,171115,Name_2167,9000002167,Address 2167
2168,Hindi,Female,171115,Name_2168,9000002168,Address 2168
2169,Telugu,Male,171115,Name_2169,9000002169,Address 2169
2170,English,Female,171115,Name_2170,9000002170,Address 2170
2171,Hindi,Male,171115,Name_2171,9000002171,Address 2171
2172,Telugu,Female,171115,Name_2172,9000002172,Address 2172
2173,English,Male,171115,Name_2173,9000002173,Address 2173
2174,Hindi,Female,171115,Name_2174,9000002174,Address 2174
2175,Telugu,Male,171115,Name_2175,9000002175,Address 2175
2176,English,Female,171115,Name_2176,9000002176,Address 2176
2177,Hindi,Male,171115,Name_2177,9000002177,Address 2177
2178,Telugu,Female,171115,Name_2178,9000002178,Address 2178
2179,English,Male,1711150,Name_2179,9000002179,Address 2179
2180,Hindi,Female,1711150,Name_2180,9000002180,Address 2180
2181,Telugu,Male,1711150,Name_2181,9000002181,Address 2181
2182,English,Female,1711150,Name_2182,9000002182,Address 2182
2183,Hindi,Male,1711150,Name_2183,9000002183,Address 2183
2184,Telugu,Female,1711150,Name_2184,9000002184,Address 2184
2185,English,Male,1711150,Name_2185,9000002185,Address 2185
2186,Hindi,Female,1711150,Name_2186,9000002186,Address 2186
2187,Telugu,Male,1711150,Name_2187,9000002187,Address 2187
2188,English,Female,1711150,Name_2188,9000002188,Address 2188
2189,Hindi,Male,1711150,Name_2189,9000002189,Address 2189
2190,Telugu,Female,1711150,Name_2190,9000002190,Address 2190
2191,English,Male,1711150,Name_2191,9000002191,Address 2191
2192,Hindi,Female,1711150,Name_2192,9000002192,Address 2192
2193,Telugu,Male,1711150,Name_2193,9000002193,Address 2193
2194,English,Female,1711150,Name_2194,9000002194,Address 2194
2195,Hindi,Male,1711150,Name_2195,9000002195,Address 2195
2196,Telugu,Female,1711150,Name_2196,9000002196,Address 2196
2197,English,Male,1711150,Name_2197,9000002197,Address 2197
2198,Hindi,Female,1711150,Name_2198,9000002198,Address 2198
2199,Telugu,Male,1711150,Name_2199,9000002199,Address 2199
2200,English,Female,1711150,Name_2200,9000002200,Address 2200
2201,Hindi,Male,1711151,Name_2201,9000002201,Address 2201
2202,Telugu,Female,1711151,Name_2202,9000002202,Address 2202
2203,English,Male,1711151,Name_2203,9000002203,Address 2203
2204,Hindi,Female,1711151,Name_2204,9000002204,Address 2204
2205,Telugu,Male,1711151,Name_2205,9000002205,Address 2205
2206,English,Female,1711151,Name_2206,9000002206,Address 2206
2207,Hindi,Male,1711151,Name_2207,9000002207,Address 2207
2208,Telugu,Female,1711151,Name_2208,9000002208,Address 2208
2209,English,Male,1711151,Name_2209,9000002209,Address 2209
2210,Hindi,Female,1711151,Name_2210,9000002210,Address 2210
2211,Telugu,Male,1711151,Name_2211,9000002211,Address 2211
2212,English,Female,1711151,Name_2212,9000002212,Address 2212
2213,Hindi,Male,1711151,Name_2213,9000002213,Address 2213
2214,Telugu,Female,1711151,Name_2214,9000002214,Address 2214
2215,English,Male,1711151,Name_2215,9000002215,Address 2215
2216,Hindi,Female,1711151,Name_2216,9000002216,Address 2216
2217,Telugu,Male,1711151,Name_2217,9000002217,Address 2217
2218,English,Female,1711151,Name_2218,9000002218,Address 2218
2219,Hindi,Male,1711151,Name_2219,9000002219,Address 2219
2220,Telugu,Female,1711151,Name_2220,9000002220,Address 2220
2221,English,Male,1711151,Name_2221,9000002221,Address 2221
2222,Hindi,Female,1711151,Name_2222,9000002222,Address 2222
2223,Telugu,Male,1711152,Name_2223,9000002223,Address 2223
2224,English,Female,1711152,Name_2224,9000002224,Address 2224
2225,Hindi,Male,1711152,Name_2225,9000002225,Address 2225
2226,Telugu,Female,1711152,Name_2226,9000002226,Address 2226
2227,English,Male,1711152,Name_2227,9000002227,Address 2227
2228,Hindi,Female,1711152,Name_2228,9000002228,Address 2228
2229,Telugu,Male,1711152,Name_2229,9000002229,Address 2229
2230,English,Female,1711152,Name_2230,9000002230,Address 2230
2231,Hindi,Male,1711152,Name_2231,9000002231,Address 2231
2232,Telugu,Female,1711152,Name_2232,9000002232,Address 2232
2233,English,Male,1711152,Name_2233,9000002233,Address 2233
2234,Hindi,Female,1711152,Name_2234,9000002234,Address 2234
2235,Telugu,Male,1711152,Name_2235,9000002235,Address 2235
2236,English,Female,1711152,Name_2236,9000002236,Address 2236
2237,Hindi,Male,1711152,Name_2237,9000002237,Address 2237
2238,Telugu,Female,1711152,Name_2238,9000002238,Address 2238
2239,English,Male,1711152,Name_2239,9000002239,Address 2239
2240,Hindi,Female,1711152,Name_2240,9000002240,Address 2240
2241,Telugu,Male,1711152,Name_2241,9000002241,Address 2241
2242,English,Female,1711152,Name_2242,9000002242,Address 2242
2243,Hindi,Male,1711152,Name_2243,9000002243,Address 2243
2244,Telugu,Female,1711152,Name_2244,9000002244,Address 2244
2245,English,Male,1711153,Name_2245,9000002245,Address 2245
2246,Hindi,Female,1711153,Name_2246,9000002246,Address 2246
2247,Telugu,Male,1711153,Name_2247,9000002247,Address 2247
2248,English,Female,1711153,Name_2248,9000002248,Address 2248
2249,Hindi,Male,1711153,Name_2249,9000002249,Address 2249
2250,Telugu,Female,1711153,Name_2250,9000002250,Address 2250
2251,English,Male,1711153,Name_2251,9000002251,Address 2251
2252,Hindi,Female,1711153,Name_2252,9000002252,Address 2252
2253,Telugu,Male,1711153,Name_2253,9000002253,Address 2253
2254,English,Female,1711153,Name_2254,9000002254,Address 2254
2255,Hindi,Male,1711153,Name_2255,9000002255,Address 2255
2256,Telugu,Female,1711153,Name_2256,9000002256,Address 2256
2257,English,Male,1711153,Name_2257,9000002257,Address 2257
2258,Hindi,Female,1711153,Name_2258,9000002258,Address 2258
2259,Telugu,Male,1711153,Name_2259,9000002259,Address 2259
2260,English,Female,1711153,Name_2260,9000002260,Address 2260
2261,Hindi,Male,1711153,Name_2261,9000002261,Address 2261
2262,Telugu,Female,1711153,Name_2262,9000002262,Address 2262
2263,English,Male,1711153,Name_2263,9000002263,Address 2263
2264,Hindi,Female,1711153,Name_2264,9000002264,Address 2264
2265,Telugu,Male,1711153,Name_2265,9000002265,Address 2265
2266,English,Female,1711153,Name_2266,9000002266,Address 2266
2267,Hindi,Male,1711154,Name_2267,9000002267,Address 2267
2268,Telugu,Female,1711154,Name_2268,9000002268,Address 2268
2269,English,Male,1711154,Name_2269,9000002269,Address 2269
2270,Hindi,Female,1711154,Name_2270,9000002270,Address 2270
2271,Telugu,Male,1711154,Name_2271,9000002271,Address 2271
2272,English,Female,1711154,Name_2272,9000002272,Address 2272
2273,Hindi,Male,1711154,Name_2273,9000002273,Address 2273
2274,Telugu,Female,1711154,Name_2274,9000002274,Address 2274
2275,English,Male,1711154,Name_2275,9000002275,Address 2275
2276,Hindi,Female,1711154,Name_2276,9000002276,Address 2276
2277,Telugu,Male,1711154,Name_2277,9000002277,Address 2277
2278,English,Female,1711154,Name_2278,9000002278,Address 2278
2279,Hindi,Male,1711154,Name_2279,9000002279,Address 2279
2280,Telugu,Female,1711154,Name_2280,9000002280,Address 2280
2281,English,Male,1711154,Name_2281,9000002281,Address 2281
2282,Hindi,Female,1711154,Name_2282,9000002282,Address 2282
2283,Telugu,Male,1711154,Name_2283,9000002283,Address 2283
2284,English,Female,1711154,Name_2284,9000002284,Address 2284
2285,Hindi,Male,1711154,Name_2285,9000002285,Address 2285
2286,Telugu,Female,1711154,Name_2286,9000002286,Address 2286
2287,English,Male,1711154,Name_2287,9000002287,Address 2287
2288,Hindi,Female,1711154,Name_2288,9000002288,Address 2288
2289,Telugu,Male,1711155,Name_2289,9000002289,Address 2289
2290,English,Female,1711155,Name_2290,9000002290,Address 2290
2291,Hindi,Male,1711155,Name_2291,9000002291,Address 2291
2292,Telugu,Female,1711155,Name_2292,9000002292,Address 2292
2293,English,Male,1711155,Name_2293,9000002293,Address 2293
2294,Hindi,Female,1711155,Name_2294,9000002294,Address 2294
2295,Telugu,Male,1711155,Name_2295,9000002295,Address 2295
2296,English,Female,1711155,Name_2296,9000002296,Address 2296
2297,Hindi,Male,1711155,Name_2297,9000002297,Address 2297
2298,Telugu,Female,1711155,Name_2298,9000002298,Address 2298
2299,English,Male,1711155,Name_2299,9000002299,Address 2299
2300,Hindi,Female,1711155,Name_2300,9000002300,Address 2300
2301,Telugu,Male,1711155,Name_2301,9000002301,Address 2301
2302,English,Female,1711155,Name_2302,9000002302,Address 2302
2303,Hindi,Male,1711155,Name_2303,9000002303,Address 2303
2304,Telugu,Female,1711155,Name_2304,9000002304,Address 2304
2305,English,Male,1711155,Name_2305,9000002305,Address 2305
2306,Hindi,Female,1711155,Name_2306,9000002306,Address 2306
2307,Telugu,Male,1711155,Name_2307,9000002307,Address 2307
2308,English,Female,1711155,Name_2308,9000002308,Address 2308
2309,Hindi,Male,1711155,Name_2309,9000002309,Address 2309
2310,Telugu,Female,1711155,Name_2310,9000002310,Address 2310
2311,English,Male,171116,Name_2311,9000002311,Address 2311
2312,Hindi,Female,171116,Name_2312,9000002312,Address 2312
2313,Telugu,Male,171116,Name_2313,9000002313,Address 2313
2314,English,Female,171116,Name_2314,9000002314,Address 2314
2315,Hindi,Male,171116,Name_2315,9000002315,Address 2315
2316,Telugu,Female,171116,Name_2316,9000002316,Address 2316
2317,English,Male,171116,Name_2317,9000002317,Address 2317
2318,Hindi,Female,171116,Name_2318,9000002318,Address 2318
2319,Telugu,Male,171116,Name_2319,9000002319,Address 2319
2320,English,Female,171116,Name_2320,9000002320,Address 2320
2321,Hindi,Male,171116,Name_2321,9000002321,Address 2321
2322,Telugu,Female,171116,Name_2322,9000002322,Address 2322
2323,English,Male,171116,Name_2323,9000002323,Address 2323
2324,Hindi,Female,171116,Name_2324,9000002324,Address 2324
2325,Telugu,Male,171116,Name_2325,9000002325,Address 2325
2326,English,Female,171116,Name_2326,9000002326,Address 2326
2327,Hindi,Male,171116,Name_2327,9000002327,Address 2327
2328,Telugu,Female,171116,Name_2328,9000002328,Address 2328
2329,English,Male,171116,Name_2329,9000002329,Address 2329
2330,Hindi,Female,171116,Name_2330,9000002330,Address 2330
2331,Telugu,Male,171116,Name_2331,9000002331,Address 2331
2332,English,Female,171116,Name_2332,9000002332,Address 2332
2333,Hindi,Male,171117,Name_2333,9000002333,Address 2333
2334,Telugu,Female,171117,Name_2334,9000002334,Address 2334
2335,English,Male,171117,Name_2335,9000002335,Address 2335
2336,Hindi,Female,171117,Name_2336,9000002336,Address 2336
2337,Telugu,Male,171117,Name_2337,9000002337,Address 2337
2338,English,Female,171117,Name_2338,9000002338,Address 2338
2339,Hindi,Male,171117,Name_2339,9000002339,Address 2339
2340,Telugu,Female,171117,Name_2340,9000002340,Address 2340
2341,English,Male,171117,Name_2341,9000002341,Address 2341
2342,Hindi,Female,171117,Name_2342,9000002342,Address 2342
2343,Telugu,Male,171117,Name_2343,9000002343,Address 2343
2344,English,Female,171117,Name_2344,9000002344,Address 2344
2345,Hindi,Male,171117,Name_2345,9000002345,Address 2345
2346,Telugu,Female,171117,Name_2346,9000002346,Address 2346
2347,English,Male,171117,Name_2347,9000002347,Address 2347
2348,Hindi,Female,171117,Name_2348,9000002348,Address 2348
2349,Telugu,Male,171117,Name_2349,9000002349,Address 2349
2350,English,Female,171117,Name_2350,9000002350,Address 2350
2351,Hindi,Male,171117,Name_2351,9000002351,Address 2351
2352,Telugu,Female,171117,Name_2352,9000002352,Address 2352
2353,English,Male,171117,Name_2353,9000002353,Address 2353
2354,Hindi,Female,171117,Name_2354,9000002354,Address 2354
2355,Telugu,Male,171118,Name_2355,9000002355,Address 2355
2356,English,Female,171118,Name_2356,9000002356,Address 2356
2357,Hindi,Male,171118,Name_2357,9000002357,Address 2357
2358,Telugu,Female,171118,Name_2358,9000002358,Address 2358
2359,English,Male,171118,Name_2359,9000002359,Address 2359
2360,Hindi,Female,171118,Name_2360,9000002360,Address 2360
2361,Telugu,Male,171118,Name_2361,9000002361,Address 2361
2362,English,Female,171118,Name_2362,9000002362,Address 2362
2363,Hindi,Male,171118,Name_2363,9000002363,Address 2363
2364,Telugu,Female,171118,Name_2364,9000002364,Address 2364
2365,English,Male,171118,Name_2365,9000002365,Address 2365
2366,Hindi,Female,171118,Name_2366,9000002366,Address 2366
2367,Telugu,Male,171118,Name_2367,9000002367,Address 2367
2368,English,Female,171118,Name_2368,9000002368,Address 2368
2369,Hindi,Male,171118,Name_2369,9000002369,Address 2369
2370,Telugu,Female,171118,Name_2370,9000002370,Address 2370
2371,English,Male,171118,Name_2371,9000002371,Address 2371
2372,Hindi,Female,171118,Name_2372,9000002372,Address 2372
2373,Telugu,Male,171118,Name_2373,9000002373,Address 2373
2374,English,Female,171118,Name_2374,9000002374,Address 2374
2375,Hindi,Male,171118,Name_2375,9000002375,Address 2375
2376,Telugu,Female,171118,Name_2376,9000002376,Address 2376
2377,English,Male,171119,Name_2377,9000002377,Address 2377
2378,Hindi,Female,171119,Name_2378,9000002378,Address 2378
2379,Telugu,Male,171119,Name_2379,9000002379,Address 2379
2380,English,Female,171119,Name_2380,9000002380,Address 2380
2381,Hindi,Male,171119,Name_2381,9000002381,Address 2381
2382,Telugu,Female,171119,Name_2382,9000002382,Address 2382
2383,English,Male,171119,Name_2383,9000002383,Address 2383
2384,Hindi,Female,171119,Name_2384,9000002384,Address 2384
2385,Telugu,Male,171119,Name_2385,9000002385,Address 2385
2386,English,Female,171119,Name_2386,9000002386,Address 2386
2387,Hindi,Male,171119,Name_2387,9000002387,Address 2387
2388,Telugu,Female,171119,Name_2388,9000002388,Address 2388
2389,English,Male,171119,Name_2389,9000002389,Address 2389
2390,Hindi,Female,171119,Name_2390,9000002390,Address 2390
2391,Telugu,Male,171119,Name_2391,9000002391,Address 2391
2392,English,Female,171119,Name_2392,9000002392,Address 2392
2393,Hindi,Male,171119,Name_2393,9000002393,Address 2393
2394,Telugu,Female,171119,Name_2394,9000002394,Address 2394
2395,English,Male,171119,Name_2395,9000002395,Address 2395
2396,Hindi,Female,171119,Name_2396,9000002396,Address 2396
2397,Telugu,Male,171119,Name_2397,9000002397,Address 2397
2398,English,Female,171119,Name_2398,9000002398,Address 2398
2399,Hindi,Male,18103181,Name_2399,9000002399,Address 2399
2400,Telugu,Female,18103181,Name_2400,9000002400,Address 2400
2401,English,Male,18103181,Name_2401,9000002401,Address 2401
2402,Hindi,Female,18103181,Name_2402,9000002402,Address 2402
2403,Telugu,Male,18103181,Name_2403,9000002403,Address 2403
2404,English,Female,18103181,Name_2404,9000002404,Address 2404
2405,Hindi,Male,18103181,Name_2405,9000002405,Address 2405
2406,Telugu,Female,18103181,Name_2406,9000002406,Address 2406
2407,English,Male,18103181,Name_2407,9000002407,Address 2407
2408,Hindi,Female,18103181,Name_2408,9000002408,Address 2408
2409,Telugu,Male,18103181,Name_2409,9000002409,Address 2409
2410,English,Female,18103181,Name_2410,9000002410,Address 2410
2411,Hindi,Male,18103181,Name_2411,9000002411,Address 2411
2412,Telugu,Female,18103181,Name_2412,9000002412,Address 2412
2413,English,Male,18103181,Name_2413,9000002413,Address 2413
2414,Hindi,Female,18103181,Name_2414,9000002414,Address 2414
2415,Telugu,Male,18103181,Name_2415,9000002415,Address 2415
2416,English,Female,18103181,Name_2416,9000002416,Address 2416
2417,Hindi,Male,18103181,Name_2417,9000002417,Address 2417
2418,Telugu,Female,18103181,Name_2418,9000002418,Address 2418
2419,English,Male,18103181,Name_2419,9000002419,Address 2419
2420,Hindi,Female,18103181,Name_2420,9000002420,Address 2420
2421,Telugu,Male,18103182,Name_2421,9000002421,Address 2421
2422,English,Female,18103182,Name_2422,9000002422,Address 2422
2423,Hindi,Male,18103182,Name_2423,9000002423,Address 2423
2424,Telugu,Female,18103182,Name_2424,9000002424,Address 2424
2425,English,Male,18103182,Name_2425,9000002425,Address 2425
2426,Hindi,Female,18103182,Name_2426,9000002426,Address 2426
2427,Telugu,Male,18103182,Name_2427,9000002427,Address 2427
2428,English,Female,18103182,Name_2428,9000002428,Address 2428
2429,Hindi,Male,18103182,Name_2429,9000002429,Address 2429
2430,Telugu,Female,18103182,Name_2430,9000002430,Address 2430
2431,English,Male,18103182,Name_2431,9000002431,Address 2431
2432,Hindi,Female,18103182,Name_2432,9000002432,Address 2432
2433,Telugu,Male,18103182,Name_2433,9000002433,Address 2433
2434,English,Female,18103182,Name_2434,9000002434,Address 2434
2435,Hindi,Male,18103182,Name_2435,9000002435,Address 2435
2436,Telugu,Female,18103182,Name_2436,9000002436,Address 2436
2437,English,Male,18103182,Name_2437,9000002437,Address 2437
2438,Hindi,Female,18103182,Name_2438,9000002438,Address 2438
2439,Telugu,Male,18103182,Name_2439,9000002439,Address 2439
2440,English,Female,18103182,Name_2440,9000002440,Address 2440
2441,Hindi,Male,18103182,Name_2441,9000002441,Address 2441
2442,Telugu,Female,18103182,Name_2442,9000002442,Address 2442
2443,English,Male,18103183,Name_2443,9000002443,Address 2443
2444,Hindi,Female,18103183,Name_2444,9000002444,Address 2444
2445,Telugu,Male,18103183,Name_2445,9000002445,Address 2445
2446,English,Female,18103183,Name_2446,9000002446,Address 2446
2447,Hindi,Male,18103183,Name_2447,9000002447,Address 2447
2448,Telugu,Female,18103183,Name_2448,9000002448,Address 2448
2449,English,Male,18103183,Name_2449,9000002449,Address 2449
2450,Hindi,Female,18103183,Name_2450,9000002450,Address 2450
2451,Telugu,Male,18103183,Name_2451,9000002451,Address 2451
2452,English,Female,18103183,Name_2452,9000002452,Address 2452
2453,Hindi,Male,18103183,Name_2453,9000002453,Address 2453
2454,Telugu,Female,18103183,Name_2454,9000002454,Address 2454
2455,English,Male,18103183,Name_2455,9000002455,Address 2455
2456,Hindi,Female,18103183,Name_2456,9000002456,Address 2456
2457,Telugu,Male,18103183,Name_2457,9000002457,Address 2457
2458,English,Female,18103183,Name_2458,9000002458,Address 2458
2459,Hindi,Male,18103183,Name_2459,9000002459,Address 2459
2460,Telugu,Female,18103183,Name_2460,9000002460,Address 2460
2461,English,Male,18103183,Name_2461,9000002461,Address 2461
2462,Hindi,Female,18103183,Name_2462,9000002462,Address 2462
2463,Telugu,Male,18103183,Name_2463,9000002463,Address 2463
2464,English,Female,18103183,Name_2464,9000002464,Address 2464
2465,Hindi,Male,18103191,Name_2465,9000002465,Address 2465
2466,Telugu,Female,18103191,Name_2466,9000002466,Address 2466
2467,English,Male,18103191,Name_2467,9000002467,Address 2467
2468,Hindi,Female,18103191,Name_2468,9000002468,Address 2468
2469,Telugu,Male,18103191,Name_2469,9000002469,Address 2469
2470,English,Female,18103191,Name_2470,9000002470,Address 2470
2471,Hindi,Male,18103191,Name_2471,9000002471,Address 2471
2472,Telugu,Female,18103191,Name_2472,9000002472,Address 2472
2473,English,Male,18103191,Name_2473,9000002473,Address 2473
2474,Hindi,Female,18103191,Name_2474,9000002474,Address 2474
2475,Telugu,Male,18103191,Name_2475,9000002475,Address 2475
2476,English,Female,18103191,Name_2476,9000002476,Address 2476
2477,Hindi,Male,18103191,Name_2477,9000002477,Address 2477
2478,Telugu,Female,18103191,Name_2478,9000002478,Address 2478
2479,English,Male,18103191,Name_2479,9000002479,Address 2479
2480,Hindi,Female,18103191,Name_2480,9000002480,Address 2480
2481,Telugu,Male,18103191,Name_2481,9000002481,Address 2481
2482,English,Female,18103191,Name_2482,9000002482,Address 2482
2483,Hindi,Male,18103191,Name_2483,9000002483,Address 2483
2484,Telugu,Female,18103191,Name_2484,9000002484,Address 2484
2485,English,Male,18103191,Name_2485,9000002485,Address 2485
2486,Hindi,Female,18103191,Name_2486,9000002486,Address 2486
2487,Telugu,Male,18103192,Name_2487,9000002487,Address 2487
2488,English,Female,18103192,Name_2488,9000002488,Address 2488
2489,Hindi,Male,18103192,Name_2489,9000002489,Address 2489
2490,Telugu,Female,18103192,Name_2490,9000002490,Address 2490
2491,English,Male,18103192,Name_2491,9000002491,Address 2491
2492,Hindi,Female,18103192,Name_2492,9000002492,Address 2492
2493,Telugu,Male,18103192,Name_2493,9000002493,Address 2493
2494,English,Female,18103192,Name_2494,9000002494,Address 2494
2495,Hindi,Male,18103192,Name_2495,9000002495,Address 2495
2496,Telugu,Female,18103192,Name_2496,9000002496,Address 2496
2497,English,Male,18103192,Name_2497,9000002497,Address 2497
2498,Hindi,Female,18103192,Name_2498,9000002498,Address 2498
2499,Telugu,Male,18103192,Name_2499,9000002499,Address 2499
2500,English,Female,18103192,Name_2500,9000002500,Address 2500
2501,Hindi,Male,18103192,Name_2501,9000002501,Address 2501
2502,Telugu,Female,18103192,Name_2502,9000002502,Address 2502
2503,English,Male,18103192,Name_2503,9000002503,Address 2503
2504,Hindi,Female,18103192,Name_2504,9000002504,Address 2504
2505,Telugu,Male,18103192,Name_2505,9000002505,Address 2505
2506,English,Female,18103192,Name_2506,9000002506,Address 2506
2507,Hindi,Male,18103192,Name_2507,9000002507,Address 2507
2508,Telugu,Female,18103192,Name_2508,9000002508,Address 2508
2509,English,Male,18103203,Name_2509,9000002509,Address 2509
2510,Hindi,Female,18103203,Name_2510,9000002510,Address 2510
2511,Telugu,Male,18103203,Name_2511,9000002511,Address 2511
2512,English,Female,18103203,Name_2512,9000002512,Address 2512
2513,Hindi,Male,18103203,Name_2513,9000002513,Address 2513
2514,Telugu,Female,18103203,Name_2514,9000002514,Address 2514
2515,English,Male,18103203,Name_2515,9000002515,Address 2515
2516,Hindi,Female,18103203,Name_2516,9000002516,Address 2516
2517,Telugu,Male,18103203,Name_2517,9000002517,Address 2517
2518,English,Female,18103203,Name_2518,9000002518,Address 2518
2519,Hindi,Male,18103203,Name_2519,9000002519,Address 2519
2520,Telugu,Female,18103203,Name_2520,9000002520,Address 2520
2521,English,Male,18103203,Name_2521,9000002521,Address 2521
2522,Hindi,Female,18103203,Name_2522,9000002522,Address 2522
2523,Telugu,Male,18103203,Name_2523,9000002523,Address 2523
2524,English,Female,18103203,Name_2524,9000002524,Address 2524
2525,Hindi,Male,18103203,Name_2525,9000002525,Address 2525
2526,Telugu,Female,18103203,Name_2526,9000002526,Address 2526
2527,English,Male,18103203,Name_2527,9000002527,Address 2527
2528,Hindi,Female,18103203,Name_2528,9000002528,Address 2528
2529,Telugu,Male,18103203,Name_2529,9000002529,Address 2529
2530,English,Female,18103203,Name_2530,9000002530,Address 2530
2531,Hindi,Male,18103205,Name_2531,9000002531,Address 2531
2532,Telugu,Female,18103205,Name_2532,9000002532,Address 2532
2533,English,Male,18103205,Name_2533,9000002533,Address 2533
2534,Hindi,Female,18103205,Name_2534,9000002534,Address 2534
2535,Telugu,Male,18103205,Name_2535,9000002535,Address 2535
2536,English,Female,18103205,Name_2536,9000002536,Address 2536
2537,Hindi,Male,18103205,Name_2537,9000002537,Address 2537
2538,Telugu,Female,18103205,Name_2538,9000002538,Address 2538
2539,English,Male,18103205,Name_2539,9000002539,Address 2539
2540,Hindi,Female,18103205,Name_2540,9000002540,Address 2540
2541,Telugu,Male,18103205,Name_2541,9000002541,Address 2541
2542,English,Female,18103205,Name_2542,9000002542,Address 2542
2543,Hindi,Male,18103205,Name_2543,9000002543,Address 2543
2544,Telugu,Female,18103205,Name_2544,9000002544,Address 2544
2545,English,Male,18103205,Name_2545,9000002545,Address 2545
2546,Hindi,Female,18103205,Name_2546,9000002546,Address 2546
2547,Telugu,Male,18103205,Name_2547,9000002547,Address 2547
2548,English,Female,18103205,Name_2548,9000002548,Address 2548
2549,Hindi,Male,18103205,Name_2549,9000002549,Address 2549
2550,Telugu,Female,18103205,Name_2550,9000002550,Address 2550
2551,English,Male,18103205,Name_2551,9000002551,Address 2551
2552,Hindi,Female,18103205,Name_2552,9000002552,Address 2552
2553,Telugu,Male,1810511,Name_2553,9000002553,Address 2553
2554,English,Female,1810511,Name_2554,9000002554,Address 2554
2555,Hindi,Male,1810511,Name_2555,9000002555,Address 2555
2556,Telugu,Female,1810511,Name_2556,9000002556,Address 2556
2557,English,Male,1810511,Name_2557,9000002557,Address 2557
2558,Hindi,Female,1810511,Name_2558,9000002558,Address 2558
2559,Telugu,Male,1810511,Name_2559,9000002559,Address 2559
2560,English,Female,1810511,Name_2560,9000002560,Address 2560
2561,Hindi,Male,1810511,Name_2561,9000002561,Address 2561
2562,Telugu,Female,1810511,Name_2562,9000002562,Address 2562
2563,English,Male,1810511,Name_2563,9000002563,Address 2563
2564,Hindi,Female,1810511,Name_2564,9000002564,Address 2564
2565,Telugu,Male,1810511,Name_2565,9000002565,Address 2565
2566,English,Female,1810511,Name_2566,9000002566,Address 2566
2567,Hindi,Male,1810511,Name_2567,9000002567,Address 2567
2568,Telugu,Female,1810511,Name_2568,9000002568,Address 2568
2569,English,Male,1810511,Name_2569,9000002569,Address 2569
2570,Hindi,Female,1810511,Name_2570,9000002570,Address 2570
2571,Telugu,Male,1810511,Name_2571,9000002571,Address 2571
2572,English,Female,1810511,Name_2572,9000002572,Address 2572
2573,Hindi,Male,1810511,Name_2573,9000002573,Address 2573
2574,Telugu,Female,1810511,Name_2574,9000002574,Address 2574
2575,English,Male,1810512,Name_2575,9000002575,Address 2575
2576,Hindi,Female,1810512,Name_2576,9000002576,Address 2576
2577,Telugu,Male,1810512,Name_2577,9000002577,Address 2577
2578,English,Female,1810512,Name_2578,9000002578,Address 2578
2579,Hindi,Male,1810512,Name_2579,9000002579,Address 2579
2580,Telugu,Female,1810512,Name_2580,9000002580,Address 2580
2581,English,Male,1810512,Name_2581,9000002581,Address 2581
2582,Hindi,Female,1810512,Name_2582,9000002582,Address 2582
2583,Telugu,Male,1810512,Name_2583,9000002583,Address 2583
2584,English,Female,1810512,Name_2584,9000002584,Address 2584
2585,Hindi,Male,1810512,Name_2585,9000002585,Address 2585
2586,Telugu,Female,1810512,Name_2586,9000002586,Address 2586
2587,English,Male,1810512,Name_2587,9000002587,Address 2587
2588,Hindi,Female,1810512,Name_2588,9000002588,Address 2588
2589,Telugu,Male,1810512,Name_2589,9000002589,Address 2589
2590,English,Female,1810512,Name_2590,9000002590,Address 2590
2591,Hindi,Male,1810512,Name_2591,9000002591,Address 2591
2592,Telugu,Female,1810512,Name_2592,9000002592,Address 2592
2593,English,Male,1810512,Name_2593,9000002593,Address 2593
2594,Hindi,Female,1810512,Name_2594,9000002594,Address 2594
2595,Telugu,Male,1810512,Name_2595,9000002595,Address 2595
2596,English,Female,1810512,Name_2596,9000002596,Address 2596
2597,Hindi,Male,1810518,Name_2597,9000002597,Address 2597
2598,Telugu,Female,1810518,Name_2598,9000002598,Address 2598
2599,English,Male,1810518,Name_2599,9000002599,Address 2599
2600,Hindi,Female,1810518,Name_2600,9000002600,Address 2600
2601,Telugu,Male,1810518,Name_2601,9000002601,Address 2601
2602,English,Female,1810518,Name_2602,9000002602,Address 2602
2603,Hindi,Male,1810518,Name_2603,9000002603,Address 2603
2604,Telugu,Female,1810518,Name_2604,9000002604,Address 2604
2605,English,Male,1810518,Name_2605,9000002605,Address 2605
2606,Hindi,Female,1810518,Name_2606,9000002606,Address 2606
2607,Telugu,Male,1810518,Name_2607,9000002607,Address 2607
2608,English,Female,1810518,Name_2608,9000002608,Address 2608
2609,Hindi,Male,1810518,Name_2609,9000002609,Address 2609
2610,Telugu,Female,1810518,Name_2610,9000002610,Address 2610
2611,English,Male,1810518,Name_2611,9000002611,Address 2611
2612,Hindi,Female,1810518,Name_2612,9000002612,Address 2612
2613,Telugu,Male,1810518,Name_2613,9000002613,Address 2613
2614,English,Female,1810518,Name_2614,9000002614,Address 2614
2615,Hindi,Male,1810518,Name_2615,9000002615,Address 2615
2616,Telugu,Female,1810518,Name_2616,9000002616,Address 2616
2617,English,Male,1810518,Name_2617,9000002617,Address 2617
2618,Hindi,Female,1810518,Name_2618,9000002618,Address 2618
2619,Telugu,Male,181052,Name_2619,9000002619,Address 2619
2620,English,Female,181052,Name_2620,9000002620,Address 2620
2621,Hindi,Male,181052,Name_2621,9000002621,Address 2621
2622,Telugu,Female,181052,Name_2622,9000002622,Address 2622
2623,English,Male,181052,Name_2623,9000002623,Address 2623
2624,Hindi,Female,181052,Name_2624,9000002624,Address 2624
2625,Telugu,Male,181052,Name_2625,9000002625,Address 2625
2626,English,Female,181052,Name_2626,9000002626,Address 2626
2627,Hindi,Male,181052,Name_2627,9000002627,Address 2627
2628,Telugu,Female,181052,Name_2628,9000002628,Address 2628
2629,English,Male,181052,Name_2629,9000002629,Address 2629
2630,Hindi,Female,181052,Name_2630,9000002630,Address 2630
2631,Telugu,Male,181052,Name_2631,9000002631,Address 2631
2632,English,Female,181052,Name_2632,9000002632,Address 2632
2633,Hindi,Male,181052,Name_2633,9000002633,Address 2633
2634,Telugu,Female,181052,Name_2634,9000002634,Address 2634
2635,English,Male,181052,Name_2635,9000002635,Address 2635
2636,Hindi,Female,181052,Name_2636,9000002636,Address 2636
2637,Telugu,Male,181052,Name_2637,9000002637,Address 2637
2638,English,Female,181052,Name_2638,9000002638,Address 2638
2639,Hindi,Male,181052,Name_2639,9000002639,Address 2639
2640,Telugu,Female,181052,Name_2640,9000002640,Address 2640
2641,English,Male,1810520,Name_2641,9000002641,Address 2641
2642,Hindi,Female,1810520,Name_2642,9000002642,Address 2642
2643,Telugu,Male,1810520,Name_2643,9000002643,Address 2643
2644,English,Female,1810520,Name_2644,9000002644,Address 2644
2645,Hindi,Male,1810520,Name_2645,9000002645,Address 2645
2646,Telugu,Female,1810520,Name_2646,9000002646,Address 2646
2647,English,Male,1810520,Name_2647,9000002647,Address 2647
2648,Hindi,Female,1810520,Name_2648,9000002648,Address 2648
2649,Telugu,Male,1810520,Name_2649,9000002649,Address 2649
2650,English,Female,1810520,Name_2650,9000002650,Address 2650
2651,Hindi,Male,1810520,Name_2651,9000002651,Address 2651
2652,Telugu,Female,1810520,Name_2652,9000002652,Address 2652
2653,English,Male,1810520,Name_2653,9000002653,Address 2653
2654,Hindi,Female,1810520,Name_2654,9000002654,Address 2654
2655,Telugu,Male,1810520,Name_2655,9000002655,Address 2655
2656,English,Female,1810520,Name_2656,9000002656,Address 2656
2657,Hindi,Male,1810520,Name_2657,9000002657,Address 2657
2658,Telugu,Female,1810520,Name_2658,9000002658,Address 2658
2659,English,Male,1810520,Name_2659,9000002659,Address 2659
2660,Hindi,Female,1810520,Name_2660,9000002660,Address 2660
2661,Telugu,Male,1810520,Name_2661,9000002661,Address 2661
2662,English,Female,1810520,Name_2662,9000002662,Address 2662
2663,Hindi,Male,181054,Name_2663,9000002663,Address 2663
2664,Telugu,Female,181054,Name_2664,9000002664,Address 2664
2665,English,Male,181054,Name_2665,9000002665,Address 2665
2666,Hindi,Female,181054,Name_2666,9000002666,Address 2666
2667,Telugu,Male,181054,Name_2667,9000002667,Address 2667
2668,English,Female,181054,Name_2668,9000002668,Address 2668
2669,Hindi,Male,181054,Name_2669,9000002669,Address 2669
2670,Telugu,Female,181054,Name_2670,9000002670,Address 2670
2671,English,Male,181054,Name_2671,9000002671,Address 2671
2672,Hindi,Female,181054,Name_2672,9000002672,Address 2672
2673,Telugu,Male,181054,Name_2673,9000002673,Address 2673
2674,English,Female,181054,Name_2674,9000002674,Address 2674
2675,Hindi,Male,181054,Name_2675,9000002675,Address 2675
2676,Telugu,Female,181054,Name_2676,9000002676,Address 2676
2677,English,Male,181054,Name_2677,9000002677,Address 2677
2678,Hindi,Female,181054,Name_2678,9000002678,Address 2678
2679,Telugu,Male,181054,Name_2679,9000002679,Address 2679
2680,English,Female,181054,Name_2680,9000002680,Address 2680
2681,Hindi,Male,181054,Name_2681,9000002681,Address 2681
2682,Telugu,Female,181054,Name_2682,9000002682,Address 2682
2683,English,Male,181054,Name_2683,9000002683,Address 2683
2684,Hindi,Female,181054,Name_2684,9000002684,Address 2684
2685,Telugu,Male,18106218,Name_2685,9000002685,Address 2685
2686,English,Female,18106218,Name_2686,9000002686,Address 2686
2687,Hindi,Male,18106218,Name_2687,9000002687,Address 2687
2688,Telugu,Female,18106218,Name_2688,9000002688,Address 2688
2689,English,Male,18106218,Name_2689,9000002689,Address 2689
2690,Hindi,Female,18106218,Name_2690,9000002690,Address 2690
2691,Telugu,Male,18106218,Name_2691,9000002691,Address 2691
2692,English,Female,18106218,Name_2692,9000002692,Address 2692
2693,Hindi,Male,18106218,Name_2693,9000002693,Address 2693
2694,Telugu,Female,18106218,Name_2694,9000002694,Address 2694
2695,English,Male,18106218,Name_2695,9000002695,Address 2695
2696,Hindi,Female,18106218,Name_2696,9000002696,Address 2696
2697,Telugu,Male,18106218,Name_2697,9000002697,Address 2697
2698,English,Female,18106218,Name_2698,9000002698,Address 2698
2699,Hindi,Male,18106218,Name_2699,9000002699,Address 2699
2700,Telugu,Female,18106218,Name_2700,9000002700,Address 2700
2701,English,Male,18106218,Name_2701,9000002701,Address 2701
2702,Hindi,Female,18106218,Name_2702,9000002702,Address 2702
2703,Telugu,Male,18106218,Name_2703,9000002703,Address 2703
2704,English,Female,18106218,Name_2704,9000002704,Address 2704
2705,Hindi,Male,18106218,Name_2705,9000002705,Address 2705
2706,Telugu,Female,18106218,Name_2706,9000002706,Address 2706
2707,English,Male,18106219,Name_2707,9000002707,Address 2707
2708,Hindi,Female,18106219,Name_2708,9000002708,Address 2708
2709,Telugu,Male,18106219,Name_2709,9000002709,Address 2709
2710,English,Female,18106219,Name_2710,9000002710,Address 2710
2711,Hindi,Male,18106219,Name_2711,9000002711,Address 2711
2712,Telugu,Female,18106219,Name_2712,9000002712,Address 2712
2713,English,Male,18106219,Name_2713,9000002713,Address 2713
2714,Hindi,Female,18106219,Name_2714,9000002714,Address 2714
2715,Telugu,Male,18106219,Name_2715,9000002715,Address 2715
2716,English,Female,18106219,Name_2716,9000002716,Address 2716
2717,Hindi,Male,18106219,Name_2717,9000002717,Address 2717
2718,Telugu,Female,18106219,Name_2718,9000002718,Address 2718
2719,English,Male,18106219,Name_2719,9000002719,Address 2719
2720,Hindi,Female,18106219,Name_2720,9000002720,Address 2720
2721,Telugu,Male,18106219,Name_2721,9000002721,Address 2721
2722,English,Female,18106219,Name_2722,9000002722,Address 2722
2723,Hindi,Male,18106219,Name_2723,9000002723,Address 2723
2724,Telugu,Female,18106219,Name_2724,9000002724,Address 2724
2725,English,Male,18106219,Name_2725,9000002725,Address 2725
2726,Hindi,Female,18106219,Name_2726,9000002726,Address 2726
2727,Telugu,Male,18106219,Name_2727,9000002727,Address 2727
2728,English,Female,18106219,Name_2728,9000002728,Address 2728
2729,Hindi,Male,18106227,Name_2729,9000002729,Address 2729
2730,Telugu,Female,18106227,Name_2730,9000002730,Address 2730
2731,English,Male,18106227,Name_2731,9000002731,Address 2731
2732,Hindi,Female,18106227,Name_2732,9000002732,Address 2732
2733,Telugu,Male,18106227,Name_2733,9000002733,Address 2733
2734,English,Female,18106227,Name_2734,9000002734,Address 2734
2735,Hindi,Male,18106227,Name_2735,9000002735,Address 2735
2736,Telugu,Female,18106227,Name_2736,9000002736,Address 2736
2737,English,Male,18106227,Name_2737,9000002737,Address 2737
2738,Hindi,Female,18106227,Name_2738,9000002738,Address 2738
2739,Telugu,Male,18106227,Name_2739,9000002739,Address 2739
2740,English,Female,18106227,Name_2740,9000002740,Address 2740
2741,Hindi,Male,18106227,Name_2741,9000002741,Address 2741
2742,Telugu,Female,18106227,Name_2742,9000002742,Address 2742
2743,English,Male,18106227,Name_2743,9000002743,Address 2743
2744,Hindi,Female,18106227,Name_2744,9000002744,Address 2744
2745,Telugu,Male,18106227,Name_2745,9000002745,Address 2745
2746,English,Female,18106227,Name_2746,9000002746,Address 2746
2747,Hindi,Male,18106227,Name_2747,9000002747,Address 2747
2748,Telugu,Female,18106227,Name_2748,9000002748,Address 2748
2749,English,Male,18106227,Name_2749,9000002749,Address 2749
2750,Hindi,Female,18106227,Name_2750,9000002750,Address 2750
2751,Telugu,Male,18106233,Name_2751,9000002751,Address 2751
2752,English,Female,18106233,Name_2752,9000002752,Address 2752
2753,Hindi,Male,18106233,Name_2753,9000002753,Address 2753
2754,Telugu,Female,18106233,Name_2754,9000002754,Address 2754
2755,English,Male,18106233,Name_2755,9000002755,Address 2755
2756,Hindi,Female,18106233,Name_2756,9000002756,Address 2756
2757,Telugu,Male,18106233,Name_2757,9000002757,Address 2757
2758,English,Female,18106233,Name_2758,9000002758,Address 2758
2759,Hindi,Male,18106233,Name_2759,9000002759,Address 2759
2760,Telugu,Female,18106233,Name_2760,9000002760,Address 2760
2761,English,Male,18106233,Name_2761,9000002761,Address 2761
2762,Hindi,Female,18106233,Name_2762,9000002762,Address 2762
2763,Telugu,Male,18106233,Name_2763,9000002763,Address 2763
2764,English,Female,18106233,Name_2764,9000002764,Address 2764
2765,Hindi,Male,18106233,Name_2765,9000002765,Address 2765
2766,Telugu,Female,18106233,Name_2766,9000002766,Address 2766
2767,English,Male,18106233,Name_2767,9000002767,Address 2767
2768,Hindi,Female,18106233,Name_2768,9000002768,Address 2768
2769,Telugu,Male,18106233,Name_2769,9000002769,Address 2769
2770,English,Female,18106233,Name_2770,9000002770,Address 2770
2771,Hindi,Male,18106233,Name_2771,9000002771,Address 2771
2772,Telugu,Female,18106233,Name_2772,9000002772,Address 2772
2773,English,Male,18106238,Name_2773,9000002773,Address 2773
2774,Hindi,Female,18106238,Name_2774,9000002774,Address 2774
2775,Telugu,Male,18106238,Name_2775,9000002775,Address 2775
2776,English,Female,18106238,Name_2776,9000002776,Address 2776
2777,Hindi,Male,18106238,Name_2777,9000002777,Address 2777
2778,Telugu,Female,18106238,Name_2778,9000002778,Address 2778
2779,English,Male,18106238,Name_2779,9000002779,Address 2779
2780,Hindi,Female,18106238,Name_2780,9000002780,Address 2780
2781,Telugu,Male,18106238,Name_2781,9000002781,Address 2781
2782,English,Female,18106238,Name_2782,9000002782,Address 2782
2783,Hindi,Male,18106238,Name_2783,9000002783,Address 2783
2784,Telugu,Female,18106238,Name_2784,9000002784,Address 2784
2785,English,Male,18106238,Name_2785,9000002785,Address 2785
2786,Hindi,Female,18106238,Name_2786,9000002786,Address 2786
2787,Telugu,Male,18106238,Name_2787,9000002787,Address 2787
2788,English,Female,18106238,Name_2788,9000002788,Address 2788
2789,Hindi,Male,18106238,Name_2789,9000002789,Address 2789
2790,Telugu,Female,18106238,Name_2790,9000002790,Address 2790
2791,English,Male,18106238,Name_2791,9000002791,Address 2791
2792,Hindi,Female,18106238,Name_2792,9000002792,Address 2792
2793,Telugu,Male,18106238,Name_2793,9000002793,Address 2793
2794,English,Female,18106238,Name_2794,9000002794,Address 2794
2795,Hindi,Male,18106240,Name_2795,9000002795,Address 2795
2796,Telugu,Female,18106240,Name_2796,9000002796,Address 2796
2797,English,Male,18106240,Name_2797,9000002797,Address 2797
2798,Hindi,Female,18106240,Name_2798,9000002798,Address 2798
2799,Telugu,Male,18106240,Name_2799,9000002799,Address 2799
2800,English,Female,18106240,Name_2800,9000002800,Address 2800
2801,Hindi,Male,18106240,Name_2801,9000002801,Address 2801
2802,Telugu,Female,18106240,Name_2802,9000002802,Address 2802
2803,English,Male,18106240,Name_2803,9000002803,Address 2803
2804,Hindi,Female,18106240,Name_2804,9000002804,Address 2804
2805,Telugu,Male,18106240,Name_2805,9000002805,Address 2805
2806,English,Female,18106240,Name_2806,9000002806,Address 2806
2807,Hindi,Male,18106240,Name_2807,9000002807,Address 2807
2808,Telugu,Female,18106240,Name_2808,9000002808,Address 2808
2809,English,Male,18106240,Name_2809,9000002809,Address 2809
2810,Hindi,Female,18106240,Name_2810,9000002810,Address 2810
2811,Telugu,Male,18106240,Name_2811,9000002811,Address 2811
2812,English,Female,18106240,Name_2812,9000002812,Address 2812
2813,Hindi,Male,18106240,Name_2813,9000002813,Address 2813
2814,Telugu,Female,18106240,Name_2814,9000002814,Address 2814
2815,English,Male,18106240,Name_2815,9000002815,Address 2815
2816,Hindi,Female,18106240,Name_2816,9000002816,Address 2816
2817,Telugu,Male,18106241,Name_2817,9000002817,Address 2817
2818,English,Female,18106241,Name_2818,9000002818,Address 2818
2819,Hindi,Male,18106241,Name_2819,9000002819,Address 2819
2820,Telugu,Female,18106241,Name_2820,9000002820,Address 2820
2821,English,Male,18106241,Name_2821,9000002821,Address 2821
2822,Hindi,Female,18106241,Name_2822,9000002822,Address 2822
2823,Telugu,Male,18106241,Name_2823,9000002823,Address 2823
2824,English,Female,18106241,Name_2824,9000002824,Address 2824
2825,Hindi,Male,18106241,Name_2825,9000002825,Address 2825
2826,Telugu,Female,18106241,Name_2826,9000002826,Address 2826
2827,English,Male,18106241,Name_2827,9000002827,Address 2827
2828,Hindi,Female,18106241,Name_2828,9000002828,Address 2828
2829,Telugu,Male,18106241,Name_2829,9000002829,Address 2829
2830,English,Female,18106241,Name_2830,9000002830,Address 2830
2831,Hindi,Male,18106241,Name_2831,9000002831,Address 2831
2832,Telugu,Female,18106241,Name_2832,9000002832,Address 2832
2833,English,Male,18106241,Name_2833,9000002833,Address 2833
2834,Hindi,Female,18106241,Name_2834,9000002834,Address 2834
2835,Telugu,Male,18106241,Name_2835,9000002835,Address 2835
2836,English,Female,18106241,Name_2836,9000002836,Address 2836
2837,Hindi,Male,18106241,Name_2837,9000002837,Address 2837
2838,Telugu,Female,18106241,Name_2838,9000002838,Address 2838
2839,English,Male,18106247,Name_2839,9000002839,Address 2839
2840,Hindi,Female,18106247,Name_2840,9000002840,Address 2840
2841,Telugu,Male,18106247,Name_2841,9000002841,Address 2841
2842,English,Female,18106247,Name_2842,9000002842,Address 2842
2843,Hindi,Male,18106247,Name_2843,9000002843,Address 2843
2844,Telugu,Female,18106247,Name_2844,9000002844,Address 2844
2845,English,Male,18106247,Name_2845,9000002845,Address 2845
2846,Hindi,Female,18106247,Name_2846,9000002846,Address 2846
2847,Telugu,Male,18106247,Name_2847,9000002847,Address 2847
2848,English,Female,18106247,Name_2848,9000002848,Address 2848
2849,Hindi,Male,18106247,Name_2849,9000002849,Address 2849
2850,Telugu,Female,18106247,Name_2850,9000002850,Address 2850
2851,English,Male,18106247,Name_2851,9000002851,Address 2851
2852,Hindi,Female,18106247,Name_2852,9000002852,Address 2852
2853,Telugu,Male,18106247,Name_2853,9000002853,Address 2853
2854,English,Female,18106247,Name_2854,9000002854,Address 2854
2855,Hindi,Male,18106247,Name_2855,9000002855,Address 2855
2856,Telugu,Female,18106247,Name_2856,9000002856,Address 2856
2857,English,Male,18106247,Name_2857,9000002857,Address 2857
2858,Hindi,Female,18106247,Name_2858,9000002858,Address 2858
2859,Telugu,Male,18106247,Name_2859,9000002859,Address 2859
2860,English,Female,18106247,Name_2860,9000002860,Address 2860
2861,Hindi,Male,18106248,Name_2861,9000002861,Address 2861
2862,Telugu,Female,18106248,Name_2862,9000002862,Address 2862
2863,English,Male,18106248,Name_2863,9000002863,Address 2863
2864,Hindi,Female,18106248,Name_2864,9000002864,Address 2864
2865,Telugu,Male,18106248,Name_2865,9000002865,Address 2865
2866,English,Female,18106248,Name_2866,9000002866,Address 2866
2867,Hindi,Male,18106248,Name_2867,9000002867,Address 2867
2868,Telugu,Female,18106248,Name_2868,9000002868,Address 2868
2869,English,Male,18106248,Name_2869,9000002869,Address 2869
2870,Hindi,Female,18106248,Name_2870,9000002870,Address 2870
2871,Telugu,Male,18106248,Name_2871,9000002871,Address 2871
2872,English,Female,18106248,Name_2872,9000002872,Address 2872
2873,Hindi,Male,18106248,Name_2873,9000002873,Address 2873
2874,Telugu,Female,18106248,Name_2874,9000002874,Address 2874
2875,English,Male,18106248,Name_2875,9000002875,Address 2875
2876,Hindi,Female,18106248,Name_2876,9000002876,Address 2876
2877,Telugu,Male,18106248,Name_2877,9000002877,Address 2877
2878,English,Female,18106248,Name_2878,9000002878,Address 2878
2879,Hindi,Male,18106248,Name_2879,9000002879,Address 2879
2880,Telugu,Female,18106248,Name_2880,9000002880,Address 2880
2881,English,Male,18106248,Name_2881,9000002881,Address 2881
2882,Hindi,Female,18106248,Name_2882,9000002882,Address 2882
2883,Telugu,Male,18106250,Name_2883,9000002883,Address 2883
2884,English,Female,18106250,Name_2884,9000002884,Address 2884
2885,Hindi,Male,18106250,Name_2885,9000002885,Address 2885
2886,Telugu,Female,18106250,Name_2886,9000002886,Address 2886
2887,English,Male,18106250,Name_2887,9000002887,Address 2887
2888,Hindi,Female,18106250,Name_2888,9000002888,Address 2888
2889,Telugu,Male,18106250,Name_2889,9000002889,Address 2889
2890,English,Female,18106250,Name_2890,9000002890,Address 2890
2891,Hindi,Male,18106250,Name_2891,9000002891,Address 2891
2892,Telugu,Female,18106250,Name_2892,9000002892,Address 2892
2893,English,Male,18106250,Name_2893,9000002893,Address 2893
2894,Hindi,Female,18106250,Name_2894,9000002894,Address 2894
2895,Telugu,Male,18106250,Name_2895,9000002895,Address 2895
2896,English,Female,18106250,Name_2896,9000002896,Address 2896
2897,Hindi,Male,18106250,Name_2897,9000002897,Address 2897
2898,Telugu,Female,18106250,Name_2898,9000002898,Address 2898
2899,English,Male,18106250,Name_2899,9000002899,Address 2899
2900,Hindi,Female,18106250,Name_2900,9000002900,Address 2900
2901,Telugu,Male,18106250,Name_2901,9000002901,Address 2901
2902,English,Female,18106250,Name_2902,9000002902,Address 2902
2903,Hindi,Male,18106250,Name_2903,9000002903,Address 2903
2904,Telugu,Female,18106250,Name_2904,9000002904,Address 2904
2905,English,Male,18106252,Name_2905,9000002905,Address 2905
2906,Hindi,Female,18106252,Name_2906,9000002906,Address 2906
2907,Telugu,Male,18106252,Name_2907,9000002907,Address 2907
2908,English,Female,18106252,Name_2908,9000002908,Address 2908
2909,Hindi,Male,18106252,Name_2909,9000002909,Address 2909
2910,Telugu,Female,18106252,Name_2910,9000002910,Address 2910
2911,English,Male,18106252,Name_2911,9000002911,Address 2911
2912,Hindi,Female,18106252,Name_2912,9000002912,Address 2912
2913,Telugu,Male,18106252,Name_2913,9000002913,Address 2913
2914,English,Female,18106252,Name_2914,9000002914,Address 2914
2915,Hindi,Male,18106252,Name_2915,9000002915,Address 2915
2916,Telugu,Female,18106252,Name_2916,9000002916,Address 2916
2917,English,Male,18106252,Name_2917,9000002917,Address 2917
2918,Hindi,Female,18106252,Name_2918,9000002918,Address 2918
2919,Telugu,Male,18106252,Name_2919,9000002919,Address 2919
2920,English,Female,18106252,Name_2920,9000002920,Address 2920
2921,Hindi,Male,18106252,Name_2921,9000002921,Address 2921
2922,Telugu,Female,18106252,Name_2922,9000002922,Address 2922
2923,English,Male,18106252,Name_2923,9000002923,Address 2923
2924,Hindi,Female,18106252,Name_2924,9000002924,Address 2924
2925,Telugu,Male,18106252,Name_2925,9000002925,Address 2925
2926,English,Female,18106252,Name_2926,9000002926,Address 2926
2927,Hindi,Male,18106263,Name_2927,9000002927,Address 2927
2928,Telugu,Female,18106263,Name_2928,9000002928,Address 2928
2929,English,Male,18106263,Name_2929,9000002929,Address 2929
2930,Hindi,Female,18106263,Name_2930,9000002930,Address 2930
2931,Telugu,Male,18106263,Name_2931,9000002931,Address 2931
2932,English,Female,18106263,Name_2932,9000002932,Address 2932
2933,Hindi,Male,18106263,Name_2933,9000002933,Address 2933
2934,Telugu,Female,18106263,Name_2934,9000002934,Address 2934
2935,English,Male,18106263,Name_2935,9000002935,Address 2935
2936,Hindi,Female,18106263,Name_2936,9000002936,Address 2936
2937,Telugu,Male,18106263,Name_2937,9000002937,Address 2937
2938,English,Female,18106263,Name_2938,9000002938,Address 2938
2939,Hindi,Male,18106263,Name_2939,9000002939,Address 2939
2940,Telugu,Female,18106263,Name_2940,9000002940,Address 2940
2941,English,Male,18106263,Name_2941,9000002941,Address 2941
2942,Hindi,Female,18106263,Name_2942,9000002942,Address 2942
2943,Telugu,Male,18106263,Name_2943,9000002943,Address 2943
2944,English,Female,18106263,Name_2944,9000002944,Address 2944
2945,Hindi,Male,18106263,Name_2945,9000002945,Address 2945
2946,Telugu,Female,18106263,Name_2946,9000002946,Address 2946
2947,English,Male,18106263,Name_2947,9000002947,Address 2947
2948,Hindi,Female,18106263,Name_2948,9000002948,Address 2948
2949,Telugu,Male,18106264,Name_2949,9000002949,Address 2949
2950,English,Female,18106264,Name_2950,9000002950,Address 2950
2951,Hindi,Male,18106264,Name_2951,9000002951,Address 2951
2952,Telugu,Female,18106264,Name_2952,9000002952,Address 2952
2953,English,Male,18106264,Name_2953,9000002953,Address 2953
2954,Hindi,Female,18106264,Name_2954,9000002954,Address 2954
2955,Telugu,Male,18106264,Name_2955,9000002955,Address 2955
2956,English,Female,18106264,Name_2956,9000002956,Address 2956
2957,Hindi,Male,18106264,Name_2957,9000002957,Address 2957
2958,Telugu,Female,18106264,Name_2958,9000002958,Address 2958
2959,English,Male,18106264,Name_2959,9000002959,Address 2959
2960,Hindi,Female,18106264,Name_2960,9000002960,Address 2960
2961,Telugu,Male,18106264,Name_2961,9000002961,Address 2961
2962,English,Female,18106264,Name_2962,9000002962,Address 2962
2963,Hindi,Male,18106264,Name_2963,9000002963,Address 2963
2964,Telugu,Female,18106264,Name_2964,9000002964,Address 2964
2965,English,Male,18106264,Name_2965,9000002965,Address 2965
2966,Hindi,Female,18106264,Name_2966,9000002966,Address 2966
2967,Telugu,Male,18106264,Name_2967,9000002967,Address 2967
2968,English,Female,18106264,Name_2968,9000002968,Address 2968
2969,Hindi,Male,18106264,Name_2969,9000002969,Address 2969
2970,Telugu,Female,18106264,Name_2970,9000002970,Address 2970
2971,English,Male,18108102,Name_2971,9000002971,Address 2971
2972,Hindi,Female,18108102,Name_2972,9000002972,Address 2972
2973,Telugu,Male,18108102,Name_2973,9000002973,Address 2973
2974,English,Female,18108102,Name_2974,9000002974,Address 2974
2975,Hindi,Male,18108102,Name_2975,9000002975,Address 2975
2976,Telugu,Female,18108102,Name_2976,9000002976,Address 2976
2977,English,Male,18108102,Name_2977,9000002977,Address 2977
2978,Hindi,Female,18108102,Name_2978,9000002978,Address 2978
2979,Telugu,Male,18108102,Name_2979,9000002979,Address 2979
2980,English,Female,18108102,Name_2980,9000002980,Address 2980
2981,Hindi,Male,18108102,Name_2981,9000002981,Address 2981
2982,Telugu,Female,18108102,Name_2982,9000002982,Address 2982
2983,English,Male,18108102,Name_2983,9000002983,Address 2983
2984,Hindi,Female,18108102,Name_2984,9000002984,Address 2984
2985,Telugu,Male,18108102,Name_2985,9000002985,Address 2985
2986,English,Female,18108102,Name_2986,9000002986,Address 2986
2987,Hindi,Male,18108102,Name_2987,9000002987,Address 2987
2988,Telugu,Female,18108102,Name_2988,9000002988,Address 2988
2989,English,Male,18108102,Name_2989,9000002989,Address 2989
2990,Hindi,Female,18108102,Name_2990,9000002990,Address 2990
2991,Telugu,Male,18108102,Name_2991,9000002991,Address 2991
2992,English,Female,18108102,Name_2992,9000002992,Address 2992
2993,Hindi,Male,18108109,Name_2993,9000002993,Address 2993
2994,Telugu,Female,18108109,Name_2994,9000002994,Address 2994
2995,English,Male,18108109,Name_2995,9000002995,Address 2995
2996,Hindi,Female,18108109,Name_2996,9000002996,Address 2996
2997,Telugu,Male,18108109,Name_2997,9000002997,Address 2997
2998,English,Female,18108109,Name_2998,9000002998,Address 2998
2999,Hindi,Male,18108109,Name_2999,9000002999,Address 2999
3000,Telugu,Female,18108109,Name_3000,9000003000,Address 3000
3001,English,Male,18108109,Name_3001,9000003001,Address 3001
3002,Hindi,Female,18108109,Name_3002,9000003002,Address 3002
3003,Telugu,Male,18108109,Name_3003,9000003003,Address 3003
3004,English,Female,18108109,Name_3004,9000003004,Address 3004
3005,Hindi,Male,18108109,Name_3005,9000003005,Address 3005
3006,Telugu,Female,18108109,Name_3006,9000003006,Address 3006
3007,English,Male,18108109,Name_3007,9000003007,Address 3007
3008,Hindi,Female,18108109,Name_3008,9000003008,Address 3008
3009,Telugu,Male,18108109,Name_3009,9000003009,Address 3009
3010,English,Female,18108109,Name_3010,9000003010,Address 3010
3011,Hindi,Male,18108109,Name_3011,9000003011,Address 3011
3012,Telugu,Female,18108109,Name_3012,9000003012,Address 3012
3013,English,Male,18108109,Name_3013,9000003013,Address 3013
3014,Hindi,Female,18108109,Name_3014,9000003014,Address 3014
3015,Telugu,Male,18108117,Name_3015,9000003015,Address 3015
3016,English,Female,18108117,Name_3016,9000003016,Address 3016
3017,Hindi,Male,18108117,Name_3017,9000003017,Address 3017
3018,Telugu,Female,18108117,Name_3018,9000003018,Address 3018
3019,English,Male,18108117,Name_3019,9000003019,Address 3019
3020,Hindi,Female,18108117,Name_3020,9000003020,Address 3020
3021,Telugu,Male,18108117,Name_3021,9000003021,Address 3021
3022,English,Female,18108117,Name_3022,9000003022,Address 3022
3023,Hindi,Male,18108117,Name_3023,9000003023,Address 3023
3024,Telugu,Female,18108117,Name_3024,9000003024,Address 3024
3025,English,Male,18108117,Name_3025,9000003025,Address 3025
3026,Hindi,Female,18108117,Name_3026,9000003026,Address 3026
3027,Telugu,Male,18108117,Name_3027,9000003027,Address 3027
3028,English,Female,18108117,Name_3028,9000003028,Address 3028
3029,Hindi,Male,18108117,Name_3029,9000003029,Address 3029
3030,Telugu,Female,18108117,Name_3030,9000003030,Address 3030
3031,English,Male,18108117,Name_3031,9000003031,Address 3031
3032,Hindi,Female,18108117,Name_3032,9000003032,Address 3032
3033,Telugu,Male,18108117,Name_3033,9000003033,Address 3033
3034,English,Female,18108117,Name_3034,9000003034,Address 3034
3035,Hindi,Male,18108117,Name_3035,9000003035,Address 3035
3036,Telugu,Female,18108117,Name_3036,9000003036,Address 3036
3037,English,Male,18108120,Name_3037,9000003037,Address 3037
3038,Hindi,Female,18108120,Name_3038,9000003038,Address 3038
3039,Telugu,Male,18108120,Name_3039,9000003039,Address 3039
3040,English,Female,18108120,Name_3040,9000003040,Address 3040
3041,Hindi,Male,18108120,Name_3041,9000003041,Address 3041
3042,Telugu,Female,18108120,Name_3042,9000003042,Address 3042
3043,English,Male,18108120,Name_3043,9000003043,Address 3043
3044,Hindi,Female,18108120,Name_3044,9000003044,Address 3044
3045,Telugu,Male,18108120,Name_3045,9000003045,Address 3045
3046,English,Female,18108120,Name_3046,9000003046,Address 3046
3047,Hindi,Male,18108120,Name_3047,9000003047,Address 3047
3048,Telugu,Female,18108120,Name_3048,9000003048,Address 3048
3049,English,Male,18108120,Name_3049,9000003049,Address 3049
3050,Hindi,Female,18108120,Name_3050,9000003050,Address 3050
3051,Telugu,Male,18108120,Name_3051,9000003051,Address 3051
3052,English,Female,18108120,Name_3052,9000003052,Address 3052
3053,Hindi,Male,18108120,Name_3053,9000003053,Address 3053
3054,Telugu,Female,18108120,Name_3054,9000003054,Address 3054
3055,English,Male,18108120,Name_3055,9000003055,Address 3055
3056,Hindi,Female,18108120,Name_3056,9000003056,Address 3056
3057,Telugu,Male,18108120,Name_3057,9000003057,Address 3057
3058,English,Female,18108120,Name_3058,9000003058,Address 3058
3059,Hindi,Male,18108121,Name_3059,9000003059,Address 3059
3060,Telugu,Female,18108121,Name_3060,9000003060,Address 3060
3061,English,Male,18108121,Name_3061,9000003061,Address 3061
3062,Hindi,Female,18108121,Name_3062,9000003062,Address 3062
3063,Telugu,Male,18108121,Name_3063,9000003063,Address 3063
3064,English,Female,18108121,Name_3064,9000003064,Address 3064
3065,Hindi,Male,18108121,Name_3065,9000003065,Address 3065
3066,Telugu,Female,18108121,Name_3066,9000003066,Address 3066
3067,English,Male,18108121,Name_3067,9000003067,Address 3067
3068,Hindi,Female,18108121,Name_3068,9000003068,Address 3068
3069,Telugu,Male,18108121,Name_3069,9000003069,Address 3069
3070,English,Female,18108121,Name_3070,9000003070,Address 3070
3071,Hindi,Male,18108121,Name_3071,9000003071,Address 3071
3072,Telugu,Female,18108121,Name_3072,9000003072,Address 3072
3073,English,Male,18108121,Name_3073,9000003073,Address 3073
3074,Hindi,Female,18108121,Name_3074,9000003074,Address 3074
3075,Telugu,Male,18108121,Name_3075,9000003075,Address 3075
3076,English,Female,18108121,Name_3076,9000003076,Address 3076
3077,Hindi,Male,18108121,Name_3077,9000003077,Address 3077
3078,Telugu,Female,18108121,Name_3078,9000003078,Address 3078
3079,English,Male,18108121,Name_3079,9000003079,Address 3079
3080,Hindi,Female,18108121,Name_3080,9000003080,Address 3080
3081,Telugu,Male,18108124,Name_3081,9000003081,Address 3081
3082,English,Female,18108124,Name_3082,9000003082,Address 3082
3083,Hindi,Male,18108124,Name_3083,9000003083,Address 3083
3084,Telugu,Female,18108124,Name_3084,9000003084,Address 3084
3085,English,Male,18108124,Name_3085,9000003085,Address 3085
3086,Hindi,Female,18108124,Name_3086,9000003086,Address 3086
3087,Telugu,Male,18108124,Name_3087,9000003087,Address 3087
3088,English,Female,18108124,Name_3088,9000003088,Address 3088
3089,Hindi,Male,18108124,Name_3089,9000003089,Address 3089
3090,Telugu,Female,18108124,Name_3090,9000003090,Address 3090
3091,English,Male,18108124,Name_3091,9000003091,Address 3091
3092,Hindi,Female,18108124,Name_3092,9000003092,Address 3092
3093,Telugu,Male,18108124,Name_3093,9000003093,Address 3093
3094,English,Female,18108124,Name_3094,9000003094,Address 3094
3095,Hindi,Male,18108124,Name_3095,9000003095,Address 3095
3096,Telugu,Female,18108124,Name_3096,9000003096,Address 3096
3097,English,Male,18108124,Name_3097,9000003097,Address 3097
3098,Hindi,Female,18108124,Name_3098,9000003098,Address 3098
3099,Telugu,Male,18108124,Name_3099,9000003099,Address 3099
3100,English,Female,18108124,Name_3100,9000003100,Address 3100
3101,Hindi,Male,18108124,Name_3101,9000003101,Address 3101
3102,Telugu,Female,18108124,Name_3102,9000003102,Address 3102
3103,English,Male,1810892,Name_3103,9000003103,Address 3103
3104,Hindi,Female,1810892,Name_3104,9000003104,Address 3104
3105,Telugu,Male,1810892,Name_3105,9000003105,Address 3105
3106,English,Female,1810892,Name_3106,9000003106,Address 3106
3107,Hindi,Male,1810892,Name_3107,9000003107,Address 3107
3108,Telugu,Female,1810892,Name_3108,9000003108,Address 3108
3109,English,Male,1810892,Name_3109,9000003109,Address 3109
3110,Hindi,Female,1810892,Name_3110,9000003110,Address 3110
3111,Telugu,Male,1810892,Name_3111,9000003111,Address 3111
3112,English,Female,1810892,Name_3112,9000003112,Address 3112
3113,Hindi,Male,1810892,Name_3113,9000003113,Address 3113
3114,Telugu,Female,1810892,Name_3114,9000003114,Address 3114
3115,English,Male,1810892,Name_3115,9000003115,Address 3115
3116,Hindi,Female,1810892,Name_3116,9000003116,Address 3116
3117,Telugu,Male,1810892,Name_3117,9000003117,Address 3117
3118,English,Female,1810892,Name_3118,9000003118,Address 3118
3119,Hindi,Male,1810892,Name_3119,9000003119,Address 3119
3120,Telugu,Female,1810892,Name_3120,9000003120,Address 3120
3121,English,Male,1810892,Name_3121,9000003121,Address 3121
3122,Hindi,Female,1810892,Name_3122,9000003122,Address 3122
3123,Telugu,Male,1810892,Name_3123,9000003123,Address 3123
3124,English,Female,1810892,Name_3124,9000003124,Address 3124
3125,Hindi,Male,18109133,Name_3125,9000003125,Address 3125
3126,Telugu,Female,18109133,Name_3126,9000003126,Address 3126
3127,English,Male,18109133,Name_3127,9000003127,Address 3127
3128,Hindi,Female,18109133,Name_3128,9000003128,Address 3128
3129,Telugu,Male,18109133,Name_3129,9000003129,Address 3129
3130,English,Female,18109133,Name_3130,9000003130,Address 3130
3131,Hindi,Male,18109133,Name_3131,9000003131,Address 3131
3132,Telugu,Female,18109133,Name_3132,9000003132,Address 3132
3133,English,Male,18109133,Name_3133,9000003133,Address 3133
3134,Hindi,Female,18109133,Name_3134,9000003134,Address 3134
3135,Telugu,Male,18109133,Name_3135,9000003135,Address 3135
3136,English,Female,18109133,Name_3136,9000003136,Address 3136
3137,Hindi,Male,18109133,Name_3137,9000003137,Address 3137
3138,Telugu,Female,18109133,Name_3138,9000003138,Address 3138
3139,English,Male,18109133,Name_3139,9000003139,Address 3139
3140,Hindi,Female,18109133,Name_3140,9000003140,Address 3140
3141,Telugu,Male,18109133,Name_3141,9000003141,Address 3141
3142,English,Female,18109133,Name_3142,9000003142,Address 3142
3143,Hindi,Male,18109133,Name_3143,9000003143,Address 3143
3144,Telugu,Female,18109133,Name_3144,9000003144,Address 3144
3145,English,Male,18109133,Name_3145,9000003145,Address 3145
3146,Hindi,Female,18109133,Name_3146,9000003146,Address 3146
3147,Telugu,Male,18109134,Name_3147,9000003147,Address 3147
3148,English,Female,18109134,Name_3148,9000003148,Address 3148
3149,Hindi,Male,18109134,Name_3149,9000003149,Address 3149
3150,Telugu,Female,18109134,Name_3150,9000003150,Address 3150
3151,English,Male,18109134,Name_3151,9000003151,Address 3151
3152,Hindi,Female,18109134,Name_3152,9000003152,Address 3152
3153,Telugu,Male,18109134,Name_3153,9000003153,Address 3153
3154,English,Female,18109134,Name_3154,9000003154,Address 3154
3155,Hindi,Male,18109134,Name_3155,9000003155,Address 3155
3156,Telugu,Female,18109134,Name_3156,9000003156,Address 3156
3157,English,Male,18109134,Name_3157,9000003157,Address 3157
3158,Hindi,Female,18109134,Name_3158,9000003158,Address 3158
3159,Telugu,Male,18109134,Name_3159,9000003159,Address 3159
3160,English,Female,18109134,Name_3160,9000003160,Address 3160
3161,Hindi,Male,18109134,Name_3161,9000003161,Address 3161
3162,Telugu,Female,18109134,Name_3162,9000003162,Address 3162
3163,English,Male,18109134,Name_3163,9000003163,Address 3163
3164,Hindi,Female,18109134,Name_3164,9000003164,Address 3164
3165,Telugu,Male,18109134,Name_3165,9000003165,Address 3165
3166,English,Female,18109134,Name_3166,9000003166,Address 3166
3167,Hindi,Male,18109134,Name_3167,9000003167,Address 3167
3168,Telugu,Female,18109134,Name_3168,9000003168,Address 3168
3169,English,Male,18109141,Name_3169,9000003169,Address 3169
3170,Hindi,Female,18109141,Name_3170,9000003170,Address 3170
3171,Telugu,Male,18109141,Name_3171,9000003171,Address 3171
3172,English,Female,18109141,Name_3172,9000003172,Address 3172
3173,Hindi,Male,18109141,Name_3173,9000003173,Address 3173
3174,Telugu,Female,18109141,Name_3174,9000003174,Address 3174
3175,English,Male,18109141,Name_3175,9000003175,Address 3175
3176,Hindi,Female,18109141,Name_3176,9000003176,Address 3176
3177,Telugu,Male,18109141,Name_3177,9000003177,Address 3177
3178,English,Female,18109141,Name_3178,9000003178,Address 3178
3179,Hindi,Male,18109141,Name_3179,9000003179,Address 3179
3180,Telugu,Female,18109141,Name_3180,9000003180,Address 3180
3181,English,Male,18109141,Name_3181,9000003181,Address 3181
3182,Hindi,Female,18109141,Name_3182,9000003182,Address 3182
3183,Telugu,Male,18109141,Name_3183,9000003183,Address 3183
3184,English,Female,18109141,Name_3184,9000003184,Address 3184
3185,Hindi,Male,18109141,Name_3185,9000003185,Address 3185
3186,Telugu,Female,18109141,Name_3186,9000003186,Address 3186
3187,English,Male,18109141,Name_3187,9000003187,Address 3187
3188,Hindi,Female,18109141,Name_3188,9000003188,Address 3188
3189,Telugu,Male,18109141,Name_3189,9000003189,Address 3189
3190,English,Female,18109141,Name_3190,9000003190,Address 3190
3191,Hindi,Male,18109150,Name_3191,9000003191,Address 3191
3192,Telugu,Female,18109150,Name_3192,9000003192,Address 3192
3193,English,Male,18109150,Name_3193,9000003193,Address 3193
3194,Hindi,Female,18109150,Name_3194,9000003194,Address 3194
3195,Telugu,Male,18109150,Name_3195,9000003195,Address 3195
3196,English,Female,18109150,Name_3196,9000003196,Address 3196
3197,Hindi,Male,18109150,Name_3197,9000003197,Address 3197
3198,Telugu,Female,18109150,Name_3198,9000003198,Address 3198
3199,English,Male,18109150,Name_3199,9000003199,Address 3199
3200,Hindi,Female,18109150,Name_3200,9000003200,Address 3200
3201,Telugu,Male,18109150,Name_3201,9000003201,Address 3201
3202,English,Female,18109150,Name_3202,9000003202,Address 3202
3203,Hindi,Male,18109150,Name_3203,9000003203,Address 3203
3204,Telugu,Female,18109150,Name_3204,9000003204,Address 3204
3205,English,Male,18109150,Name_3205,9000003205,Address 3205
3206,Hindi,Female,18109150,Name_3206,9000003206,Address 3206
3207,Telugu,Male,18109150,Name_3207,9000003207,Address 3207
3208,English,Female,18109150,Name_3208,9000003208,Address 3208
3209,Hindi,Male,18109150,Name_3209,9000003209,Address 3209
3210,Telugu,Female,18109150,Name_3210,9000003210,Address 3210
3211,English,Male,18109150,Name_3211,9000003211,Address 3211
3212,Hindi,Female,18109150,Name_3212,9000003212,Address 3212
3213,Telugu,Male,18109155,Name_3213,9000003213,Address 3213
3214,English,Female,18109155,Name_3214,9000003214,Address 3214
3215,Hindi,Male,18109155,Name_3215,9000003215,Address 3215
3216,Telugu,Female,18109155,Name_3216,9000003216,Address 3216
3217,English,Male,18109155,Name_3217,9000003217,Address 3217
3218,Hindi,Female,18109155,Name_3218,9000003218,Address 3218
3219,Telugu,Male,18109155,Name_3219,9000003219,Address 3219
3220,English,Female,18109155,Name_3220,9000003220,Address 3220
3221,Hindi,Male,18109155,Name_3221,9000003221,Address 3221
3222,Telugu,Female,18109155,Name_3222,9000003222,Address 3222
3223,English,Male,18109155,Name_3223,9000003223,Address 3223
3224,Hindi,Female,18109155,Name_3224,9000003224,Address 3224
3225,Telugu,Male,18109155,Name_3225,9000003225,Address 3225
3226,English,Female,18109155,Name_3226,9000003226,Address 3226
3227,Hindi,Male,18109155,Name_3227,9000003227,Address 3227
3228,Telugu,Female,18109155,Name_3228,9000003228,Address 3228
3229,English,Male,18109155,Name_3229,9000003229,Address 3229
3230,Hindi,Female,18109155,Name_3230,9000003230,Address 3230
3231,Telugu,Male,18109155,Name_3231,9000003231,Address 3231
3232,English,Female,18109155,Name_3232,9000003232,Address 3232
3233,Hindi,Male,18109155,Name_3233,9000003233,Address 3233
3234,Telugu,Female,18109155,Name_3234,9000003234,Address 3234
3235,English,Male,18109166,Name_3235,9000003235,Address 3235
3236,Hindi,Female,18109166,Name_3236,9000003236,Address 3236
3237,Telugu,Male,18109166,Name_3237,9000003237,Address 3237
3238,English,Female,18109166,Name_3238,9000003238,Address 3238
3239,Hindi,Male,18109166,Name_3239,9000003239,Address 3239
3240,Telugu,Female,18109166,Name_3240,9000003240,Address 3240
3241,English,Male,18109166,Name_3241,9000003241,Address 3241
3242,Hindi,Female,18109166,Name_3242,9000003242,Address 3242
3243,Telugu,Male,18109166,Name_3243,9000003243,Address 3243
3244,English,Female,18109166,Name_3244,9000003244,Address 3244
3245,Hindi,Male,18109166,Name_3245,9000003245,Address 3245
3246,Telugu,Female,18109166,Name_3246,9000003246,Address 3246
3247,English,Male,18109166,Name_3247,9000003247,Address 3247
3248,Hindi,Female,18109166,Name_3248,9000003248,Address 3248
3249,Telugu,Male,18109166,Name_3249,9000003249,Address 3249
3250,English,Female,18109166,Name_3250,9000003250,Address 3250
3251,Hindi,Male,18109166,Name_3251,9000003251,Address 3251
3252,Telugu,Female,18109166,Name_3252,9000003252,Address 3252
3253,English,Male,18109166,Name_3253,9000003253,Address 3253
3254,Hindi,Female,18109166,Name_3254,9000003254,Address 3254
3255,Telugu,Male,18109166,Name_3255,9000003255,Address 3255
3256,English,Female,18109166,Name_3256,9000003256,Address 3256
3257,Hindi,Male,18109170,Name_3257,9000003257,Address 3257
3258,Telugu,Female,18109170,Name_3258,9000003258,Address 3258
3259,English,Male,18109170,Name_3259,9000003259,Address 3259
3260,Hindi,Female,18109170,Name_3260,9000003260,Address 3260
3261,Telugu,Male,18109170,Name_3261,9000003261,Address 3261
3262,English,Female,18109170,Name_3262,9000003262,Address 3262
3263,Hindi,Male,18109170,Name_3263,9000003263,Address 3263
3264,Telugu,Female,18109170,Name_3264,9000003264,Address 3264
3265,English,Male,18109170,Name_3265,9000003265,Address 3265
3266,Hindi,Female,18109170,Name_3266,9000003266,Address 3266
3267,Telugu,Male,18109170,Name_3267,9000003267,Address 3267
3268,English,Female,18109170,Name_3268,9000003268,Address 3268
3269,Hindi,Male,18109170,Name_3269,9000003269,Address 3269
3270,Telugu,Female,18109170,Name_3270,9000003270,Address 3270
3271,English,Male,18109170,Name_3271,9000003271,Address 3271
3272,Hindi,Female,18109170,Name_3272,9000003272,Address 3272
3273,Telugu,Male,18109170,Name_3273,9000003273,Address 3273
3274,English,Female,18109170,Name_3274,9000003274,Address 3274
3275,Hindi,Male,18109170,Name_3275,9000003275,Address 3275
3276,Telugu,Female,18109170,Name_3276,9000003276,Address 3276
3277,English,Male,18109170,Name_3277,9000003277,Address 3277
3278,Hindi,Female,18109170,Name_3278,9000003278,Address 3278
3279,Telugu,Male,18109172,Name_3279,9000003279,Address 3279
3280,English,Female,18109172,Name_3280,9000003280,Address 3280
3281,Hindi,Male,18109172,Name_3281,9000003281,Address 3281
3282,Telugu,Female,18109172,Name_3282,9000003282,Address 3282
3283,English,Male,18109172,Name_3283,9000003283,Address 3283
3284,Hindi,Female,18109172,Name_3284,9000003284,Address 3284
3285,Telugu,Male,18109172,Name_3285,9000003285,Address 3285
3286,English,Female,18109172,Name_3286,9000003286,Address 3286
3287,Hindi,Male,18109172,Name_3287,9000003287,Address 3287
3288,Telugu,Female,18109172,Name_3288,9000003288,Address 3288
3289,English,Male,18109172,Name_3289,9000003289,Address 3289
3290,Hindi,Female,18109172,Name_3290,9000003290,Address 3290
3291,Telugu,Male,18109172,Name_3291,9000003291,Address 3291
3292,English,Female,18109172,Name_3292,9000003292,Address 3292
3293,Hindi,Male,18109172,Name_3293,9000003293,Address 3293
3294,Telugu,Female,18109172,Name_3294,9000003294,Address 3294
3295,English,Male,18109172,Name_3295,9000003295,Address 3295
3296,Hindi,Female,18109172,Name_3296,9000003296,Address 3296
3297,Telugu,Male,18109172,Name_3297,9000003297,Address 3297
3298,English,Female,18109172,Name_3298,9000003298,Address 3298
3299,Hindi,Male,18109172,Name_3299,9000003299,Address 3299
3300,Telugu,Female,18109172,Name_3300,9000003300,Address 3300
3301,English,Male,18109173,Name_3301,9000003301,Address 3301
3302,Hindi,Female,18109173,Name_3302,9000003302,Address 3302
3303,Telugu,Male,18109173,Name_3303,9000003303,Address 3303
3304,English,Female,18109173,Name_3304,9000003304,Address 3304
3305,Hindi,Male,18109173,Name_3305,9000003305,Address 3305
3306,Telugu,Female,18109173,Name_3306,9000003306,Address 3306
3307,English,Male,18109173,Name_3307,9000003307,Address 3307
3308,Hindi,Female,18109173,Name_3308,9000003308,Address 3308
3309,Telugu,Male,18109173,Name_3309,9000003309,Address 3309
3310,English,Female,18109173,Name_3310,9000003310,Address 3310
3311,Hindi,Male,18109173,Name_3311,9000003311,Address 3311
3312,Telugu,Female,18109173,Name_3312,9000003312,Address 3312
3313,English,Male,18109173,Name_3313,9000003313,Address 3313
3314,Hindi,Female,18109173,Name_3314,9000003314,Address 3314
3315,Telugu,Male,18109173,Name_3315,9000003315,Address 3315
3316,English,Female,18109173,Name_3316,9000003316,Address 3316
3317,Hindi,Male,18109173,Name_3317,9000003317,Address 3317
3318,Telugu,Female,18109173,Name_3318,9000003318,Address 3318
3319,English,Male,18109173,Name_3319,9000003319,Address 3319
3320,Hindi,Female,18109173,Name_3320,9000003320,Address 3320
3321,Telugu,Male,18109173,Name_3321,9000003321,Address 3321
3322,English,Female,18109173,Name_3322,9000003322,Address 3322
3323,Hindi,Male,18109175,Name_3323,9000003323,Address 3323
3324,Telugu,Female,18109175,Name_3324,9000003324,Address 3324
3325,English,Male,18109175,Name_3325,9000003325,Address 3325
3326,Hindi,Female,18109175,Name_3326,9000003326,Address 3326
3327,Telugu,Male,18109175,Name_3327,9000003327,Address 3327
3328,English,Female,18109175,Name_3328,9000003328,Address 3328
3329,Hindi,Male,18109175,Name_3329,9000003329,Address 3329
3330,Telugu,Female,18109175,Name_3330,9000003330,Address 3330
3331,English,Male,18109175,Name_3331,9000003331,Address 3331
3332,Hindi,Female,18109175,Name_3332,9000003332,Address 3332
3333,Telugu,Male,18109175,Name_3333,9000003333,Address 3333
3334,English,Female,18109175,Name_3334,9000003334,Address 3334
3335,Hindi,Male,18109175,Name_3335,9000003335,Address 3335
3336,Telugu,Female,18109175,Name_3336,9000003336,Address 3336
3337,English,Male,18109175,Name_3337,9000003337,Address 3337
3338,Hindi,Female,18109175,Name_3338,9000003338,Address 3338
3339,Telugu,Male,18109175,Name_3339,9000003339,Address 3339
3340,English,Female,18109175,Name_3340,9000003340,Address 3340
3341,Hindi,Male,18109175,Name_3341,9000003341,Address 3341
3342,Telugu,Female,18109175,Name_3342,9000003342,Address 3342
3343,English,Male,18109175,Name_3343,9000003343,Address 3343
3344,Hindi,Female,18109175,Name_3344,9000003344,Address 3344
3345,Telugu,Male,18114268,Name_3345,9000003345,Address 3345
3346,English,Female,18114268,Name_3346,9000003346,Address 3346
3347,Hindi,Male,18114268,Name_3347,9000003347,Address 3347
3348,Telugu,Female,18114268,Name_3348,9000003348,Address 3348
3349,English,Male,18114268,Name_3349,9000003349,Address 3349
3350,Hindi,Female,18114268,Name_3350,9000003350,Address 3350
3351,Telugu,Male,18114268,Name_3351,9000003351,Address 3351
3352,English,Female,18114268,Name_3352,9000003352,Address 3352
3353,Hindi,Male,18114268,Name_3353,9000003353,Address 3353
3354,Telugu,Female,18114268,Name_3354,9000003354,Address 3354
3355,English,Male,18114268,Name_3355,9000003355,Address 3355
3356,Hindi,Female,18114268,Name_3356,9000003356,Address 3356
3357,Telugu,Male,18114268,Name_3357,9000003357,Address 3357
3358,English,Female,18114268,Name_3358,9000003358,Address 3358
3359,Hindi,Male,18114268,Name_3359,9000003359,Address 3359
3360,Telugu,Female,18114268,Name_3360,9000003360,Address 3360
3361,English,Male,18114268,Name_3361,9000003361,Address 3361
3362,Hindi,Female,18114268,Name_3362,9000003362,Address 3362
3363,Telugu,Male,18114268,Name_3363,9000003363,Address 3363
3364,English,Female,18114268,Name_3364,9000003364,Address 3364
3365,Hindi,Male,18114268,Name_3365,9000003365,Address 3365
3366,Telugu,Female,18114268,Name_3366,9000003366,Address 3366
3367,English,Male,18114269,Name_3367,9000003367,Address 3367
3368,Hindi,Female,18114269,Name_3368,9000003368,Address 3368
3369,Telugu,Male,18114269,Name_3369,9000003369,Address 3369
3370,English,Female,18114269,Name_3370,9000003370,Address 3370
3371,Hindi,Male,18114269,Name_3371,9000003371,Address 3371
3372,Telugu,Female,18114269,Name_3372,9000003372,Address 3372
3373,English,Male,18114269,Name_3373,9000003373,Address 3373
3374,Hindi,Female,18114269,Name_3374,9000003374,Address 3374
3375,Telugu,Male,18114269,Name_3375,9000003375,Address 3375
3376,English,Female,18114269,Name_3376,9000003376,Address 3376
3377,Hindi,Male,18114269,Name_3377,9000003377,Address 3377
3378,Telugu,Female,18114269,Name_3378,9000003378,Address 3378
3379,English,Male,18114269,Name_3379,9000003379,Address 3379
3380,Hindi,Female,18114269,Name_3380,9000003380,Address 3380
3381,Telugu,Male,18114269,Name_3381,9000003381,Address 3381
3382,English,Female,18114269,Name_3382,9000003382,Address 3382
3383,Hindi,Male,18114269,Name_3383,9000003383,Address 3383
3384,Telugu,Female,18114269,Name_3384,9000003384,Address 3384
3385,English,Male,18114269,Name_3385,9000003385,Address 3385
3386,Hindi,Female,18114269,Name_3386,9000003386,Address 3386
3387,Telugu,Male,18114269,Name_3387,9000003387,Address 3387
3388,English,Female,18114269,Name_3388,9000003388,Address 3388
3389,Hindi,Male,18114271,Name_3389,9000003389,Address 3389
3390,Telugu,Female,18114271,Name_3390,9000003390,Address 3390
3391,English,Male,18114271,Name_3391,9000003391,Address 3391
3392,Hindi,Female,18114271,Name_3392,9000003392,Address 3392
3393,Telugu,Male,18114271,Name_3393,9000003393,Address 3393
3394,English,Female,18114271,Name_3394,9000003394,Address 3394
3395,Hindi,Male,18114271,Name_3395,9000003395,Address 3395
3396,Telugu,Female,18114271,Name_3396,9000003396,Address 3396
3397,English,Male,18114271,Name_3397,9000003397,Address 3397
3398,Hindi,Female,18114271,Name_3398,9000003398,Address 3398
3399,Telugu,Male,18114271,Name_3399,9000003399,Address 3399
3400,English,Female,18114271,Name_3400,9000003400,Address 3400
3401,Hindi,Male,18114271,Name_3401,9000003401,Address 3401
3402,Telugu,Female,18114271,Name_3402,9000003402,Address 3402
3403,English,Male,18114271,Name_3403,9000003403,Address 3403
3404,Hindi,Female,18114271,Name_3404,9000003404,Address 3404
3405,Telugu,Male,18114271,Name_3405,9000003405,Address 3405
3406,English,Female,18114271,Name_3406,9000003406,Address 3406
3407,Hindi,Male,18114271,Name_3407,9000003407,Address 3407
3408,Telugu,Female,18114271,Name_3408,9000003408,Address 3408
3409,English,Male,18114271,Name_3409,9000003409,Address 3409
3410,Hindi,Female,18114271,Name_3410,9000003410,Address 3410
3411,Telugu,Male,18114283,Name_3411,9000003411,Address 3411
3412,English,Female,18114283,Name_3412,9000003412,Address 3412
3413,Hindi,Male,18114283,Name_3413,9000003413,Address 3413
3414,Telugu,Female,18114283,Name_3414,9000003414,Address 3414
3415,English,Male,18114283,Name_3415,9000003415,Address 3415
3416,Hindi,Female,18114283,Name_3416,9000003416,Address 3416
3417,Telugu,Male,18114283,Name_3417,9000003417,Address 3417
3418,English,Female,18114283,Name_3418,9000003418,Address 3418
3419,Hindi,Male,18114283,Name_3419,9000003419,Address 3419
3420,Telugu,Female,18114283,Name_3420,9000003420,Address 3420
3421,English,Male,18114283,Name_3421,9000003421,Address 3421
3422,Hindi,Female,18114283,Name_3422,9000003422,Address 3422
3423,Telugu,Male,18114283,Name_3423,9000003423,Address 3423
3424,English,Female,18114283,Name_3424,9000003424,Address 3424
3425,Hindi,Male,18114283,Name_3425,9000003425,Address 3425
3426,Telugu,Female,18114283,Name_3426,9000003426,Address 3426
3427,English,Male,18114283,Name_3427,9000003427,Address 3427
3428,Hindi,Female,18114283,Name_3428,9000003428,Address 3428
3429,Telugu,Male,18114283,Name_3429,9000003429,Address 3429
3430,English,Female,18114283,Name_3430,9000003430,Address 3430
3431,Hindi,Male,18114283,Name_3431,9000003431,Address 3431
3432,Telugu,Female,18114283,Name_3432,9000003432,Address 3432
3433,English,Male,18114288,Name_3433,9000003433,Address 3433
3434,Hindi,Female,18114288,Name_3434,9000003434,Address 3434
3435,Telugu,Male,18114288,Name_3435,9000003435,Address 3435
3436,English,Female,18114288,Name_3436,9000003436,Address 3436
3437,Hindi,Male,18114288,Name_3437,9000003437,Address 3437
3438,Telugu,Female,18114288,Name_3438,9000003438,Address 3438
3439,English,Male,18114288,Name_3439,9000003439,Address 3439
3440,Hindi,Female,18114288,Name_3440,9000003440,Address 3440
3441,Telugu,Male,18114288,Name_3441,9000003441,Address 3441
3442,English,Female,18114288,Name_3442,9000003442,Address 3442
3443,Hindi,Male,18114288,Name_3443,9000003443,Address 3443
3444,Telugu,Female,18114288,Name_3444,9000003444,Address 3444
3445,English,Male,18114288,Name_3445,9000003445,Address 3445
3446,Hindi,Female,18114288,Name_3446,9000003446,Address 3446
3447,Telugu,Male,18114288,Name_3447,9000003447,Address 3447
3448,English,Female,18114288,Name_3448,9000003448,Address 3448
3449,Hindi,Male,18114288,Name_3449,9000003449,Address 3449
3450,Telugu,Female,18114288,Name_3450,9000003450,Address 3450
3451,English,Male,18114288,Name_3451,9000003451,Address 3451
3452,Hindi,Female,18114288,Name_3452,9000003452,Address 3452
3453,Telugu,Male,18114288,Name_3453,9000003453,Address 3453
3454,English,Female,18114288,Name_3454,9000003454,Address 3454
3455,Hindi,Male,18114299,Name_3455,9000003455,Address 3455
3456,Telugu,Female,18114299,Name_3456,9000003456,Address 3456
3457,English,Male,18114299,Name_3457,9000003457,Address 3457
3458,Hindi,Female,18114299,Name_3458,9000003458,Address 3458
3459,Telugu,Male,18114299,Name_3459,9000003459,Address 3459
3460,English,Female,18114299,Name_3460,9000003460,Address 3460
3461,Hindi,Male,18114299,Name_3461,9000003461,Address 3461
3462,Telugu,Female,18114299,Name_3462,9000003462,Address 3462
3463,English,Male,18114299,Name_3463,9000003463,Address 3463
3464,Hindi,Female,18114299,Name_3464,9000003464,Address 3464
3465,Telugu,Male,18114299,Name_3465,9000003465,Address 3465
3466,English,Female,18114299,Name_3466,9000003466,Address 3466
3467,Hindi,Male,18114299,Name_3467,9000003467,Address 3467
3468,Telugu,Female,18114299,Name_3468,9000003468,Address 3468
3469,English,Male,18114299,Name_3469,9000003469,Address 3469
3470,Hindi,Female,18114299,Name_3470,9000003470,Address 3470
3471,Telugu,Male,18114299,Name_3471,9000003471,Address 3471
3472,English,Female,18114299,Name_3472,9000003472,Address 3472
3473,Hindi,Male,18114299,Name_3473,9000003473,Address 3473
3474,Telugu,Female,18114299,Name_3474,9000003474,Address 3474
3475,English,Male,18114299,Name_3475,9000003475,Address 3475
3476,Hindi,Female,18114299,Name_3476,9000003476,Address 3476
3477,Telugu,Male,18114300,Name_3477,9000003477,Address 3477
3478,English,Female,18114300,Name_3478,9000003478,Address 3478
3479,Hindi,Male,18114300,Name_3479,9000003479,Address 3479
3480,Telugu,Female,18114300,Name_3480,9000003480,Address 3480
3481,English,Male,18114300,Name_3481,9000003481,Address 3481
3482,Hindi,Female,18114300,Name_3482,9000003482,Address 3482
3483,Telugu,Male,18114300,Name_3483,9000003483,Address 3483
3484,English,Female,18114300,Name_3484,9000003484,Address 3484
3485,Hindi,Male,18114300,Name_3485,9000003485,Address 3485
3486,Telugu,Female,18114300,Name_3486,9000003486,Address 3486
3487,English,Male,18114300,Name_3487,9000003487,Address 3487
3488,Hindi,Female,18114300,Name_3488,9000003488,Address 3488
3489,Telugu,Male,18114300,Name_3489,9000003489,Address 3489
3490,English,Female,18114300,Name_3490,9000003490,Address 3490
3491,Hindi,Male,18114300,Name_3491,9000003491,Address 3491
3492,Telugu,Female,18114300,Name_3492,9000003492,Address 3492
3493,English,Male,18114300,Name_3493,9000003493,Address 3493
3494,Hindi,Female,18114300,Name_3494,9000003494,Address 3494
3495,Telugu,Male,18114300,Name_3495,9000003495,Address 3495
3496,English,Female,18114300,Name_3496,9000003496,Address 3496
3497,Hindi,Male,18114300,Name_3497,9000003497,Address 3497
3498,Telugu,Female,18114300,Name_3498,9000003498,Address 3498
3499,English,Male,18115149,Name_3499,9000003499,Address 3499
3500,Hindi,Female,18115149,Name_3500,9000003500,Address 3500
3501,Telugu,Male,18115149,Name_3501,9000003501,Address 3501
3502,English,Female,18115149,Name_3502,9000003502,Address 3502
3503,Hindi,Male,18115149,Name_3503,9000003503,Address 3503
3504,Telugu,Female,18115149,Name_3504,9000003504,Address 3504
3505,English,Male,18115149,Name_3505,9000003505,Address 3505
3506,Hindi,Female,18115149,Name_3506,9000003506,Address 3506
3507,Telugu,Male,18115149,Name_3507,9000003507,Address 3507
3508,English,Female,18115149,Name_3508,9000003508,Address 3508
3509,Hindi,Male,18115149,Name_3509,9000003509,Address 3509
3510,Telugu,Female,18115149,Name_3510,9000003510,Address 3510
3511,English,Male,18115149,Name_3511,9000003511,Address 3511
3512,Hindi,Female,18115149,Name_3512,9000003512,Address 3512
3513,Telugu,Male,18115149,Name_3513,9000003513,Address 3513
3514,English,Female,18115149,Name_3514,9000003514,Address 3514
3515,Hindi,Male,18115149,Name_3515,9000003515,Address 3515
3516,Telugu,Female,18115149,Name_3516,9000003516,Address 3516
3517,English,Male,18115149,Name_3517,9000003517,Address 3517
3518,Hindi,Female,18115149,Name_3518,9000003518,Address 3518
3519,Telugu,Male,18115149,Name_3519,9000003519,Address 3519
3520,English,Female,18115149,Name_3520,9000003520,Address 3520
3521,Hindi,Male,18115158,Name_3521,9000003521,Address 3521
3522,Telugu,Female,18115158,Name_3522,9000003522,Address 3522
3523,English,Male,18115158,Name_3523,9000003523,Address 3523
3524,Hindi,Female,18115158,Name_3524,9000003524,Address 3524
3525,Telugu,Male,18115158,Name_3525,9000003525,Address 3525
3526,English,Female,18115158,Name_3526,9000003526,Address 3526
3527,Hindi,Male,18115158,Name_3527,9000003527,Address 3527
3528,Telugu,Female,18115158,Name_3528,9000003528,Address 3528
3529,English,Male,18115158,Name_3529,9000003529,Address 3529
3530,Hindi,Female,18115158,Name_3530,9000003530,Address 3530
3531,Telugu,Male,18115158,Name_3531,9000003531,Address 3531
3532,English,Female,18115158,Name_3532,9000003532,Address 3532
3533,Hindi,Male,18115158,Name_3533,9000003533,Address 3533
3534,Telugu,Female,18115158,Name_3534,9000003534,Address 3534
3535,English,Male,18115158,Name_3535,9000003535,Address 3535
3536,Hindi,Female,18115158,Name_3536,9000003536,Address 3536
3537,Telugu,Male,18115158,Name_3537,9000003537,Address 3537
3538,English,Female,18115158,Name_3538,9000003538,Address 3538
3539,Hindi,Male,18115158,Name_3539,9000003539,Address 3539
3540,Telugu,Female,18115158,Name_3540,9000003540,Address 3540
3541,English,Male,18115158,Name_3541,9000003541,Address 3541
3542,Hindi,Female,18115158,Name_3542,9000003542,Address 3542
3543,Telugu,Male,18115180,Name_3543,9000003543,Address 3543
3544,English,Female,18115180,Name_3544,9000003544,Address 3544
3545,Hindi,Male,18115180,Name_3545,9000003545,Address 3545
3546,Telugu,Female,18115180,Name_3546,9000003546,Address 3546
3547,English,Male,18115180,Name_3547,9000003547,Address 3547
3548,Hindi,Female,18115180,Name_3548,9000003548,Address 3548
3549,Telugu,Male,18115180,Name_3549,9000003549,Address 3549
3550,English,Female,18115180,Name_3550,9000003550,Address 3550
3551,Hindi,Male,18115180,Name_3551,9000003551,Address 3551
3552,Telugu,Female,18115180,Name_3552,9000003552,Address 3552
3553,English,Male,18115180,Name_3553,9000003553,Address 3553
3554,Hindi,Female,18115180,Name_3554,9000003554,Address 3554
3555,Telugu,Male,18115180,Name_3555,9000003555,Address 3555
3556,English,Female,18115180,Name_3556,9000003556,Address 3556
3557,Hindi,Male,18115180,Name_3557,9000003557,Address 3557
3558,Telugu,Female,18115180,Name_3558,9000003558,Address 3558
3559,English,Male,18115180,Name_3559,9000003559,Address 3559
3560,Hindi,Female,18115180,Name_3560,9000003560,Address 3560
3561,Telugu,Male,18115180,Name_3561,9000003561,Address 3561
3562,English,Female,18115180,Name_3562,9000003562,Address 3562
3563,Hindi,Male,18115180,Name_3563,9000003563,Address 3563
3564,Telugu,Female,18115180,Name_3564,9000003564,Address 3564
3565,English,Male,1811648,Name_3565,9000003565,Address 3565
3566,Hindi,Female,1811648,Name_3566,9000003566,Address 3566
3567,Telugu,Male,1811648,Name_3567,9000003567,Address 3567
3568,English,Female,1811648,Name_3568,9000003568,Address 3568
3569,Hindi,Male,1811648,Name_3569,9000003569,Address 3569
3570,Telugu,Female,1811648,Name_3570,9000003570,Address 3570
3571,English,Male,1811648,Name_3571,9000003571,Address 3571
3572,Hindi,Female,1811648,Name_3572,9000003572,Address 3572
3573,Telugu,Male,1811648,Name_3573,9000003573,Address 3573
3574,English,Female,1811648,Name_3574,9000003574,Address 3574
3575,Hindi,Male,1811648,Name_3575,9000003575,Address 3575
3576,Telugu,Female,1811648,Name_3576,9000003576,Address 3576
3577,English,Male,1811648,Name_3577,9000003577,Address 3577
3578,Hindi,Female,1811648,Name_3578,9000003578,Address 3578
3579,Telugu,Male,1811648,Name_3579,9000003579,Address 3579
3580,English,Female,1811648,Name_3580,9000003580,Address 3580
3581,Hindi,Male,1811648,Name_3581,9000003581,Address 3581
3582,Telugu,Female,1811648,Name_3582,9000003582,Address 3582
3583,English,Male,1811648,Name_3583,9000003583,Address 3583
3584,Hindi,Female,1811648,Name_3584,9000003584,Address 3584
3585,Telugu,Male,1811648,Name_3585,9000003585,Address 3585
3586,English,Female,1811648,Name_3586,9000003586,Address 3586
3587,Hindi,Male,1811651,Name_3587,9000003587,Address 3587
3588,Telugu,Female,1811651,Name_3588,9000003588,Address 3588
3589,English,Male,1811651,Name_3589,9000003589,Address 3589
3590,Hindi,Female,1811651,Name_3590,9000003590,Address 3590
3591,Telugu,Male,1811651,Name_3591,9000003591,Address 3591
3592,English,Female,1811651,Name_3592,9000003592,Address 3592
3593,Hindi,Male,1811651,Name_3593,9000003593,Address 3593
3594,Telugu,Female,1811651,Name_3594,9000003594,Address 3594
3595,English,Male,1811651,Name_3595,9000003595,Address 3595
3596,Hindi,Female,1811651,Name_3596,9000003596,Address 3596
3597,Telugu,Male,1811651,Name_3597,9000003597,Address 3597
3598,English,Female,1811651,Name_3598,9000003598,Address 3598
3599,Hindi,Male,1811651,Name_3599,9000003599,Address 3599
3600,Telugu,Female,1811651,Name_3600,9000003600,Address 3600
3601,English,Male,1811651,Name_3601,9000003601,Address 3601
3602,Hindi,Female,1811651,Name_3602,9000003602,Address 3602
3603,Telugu,Male,1811651,Name_3603,9000003603,Address 3603
3604,English,Female,1811651,Name_3604,9000003604,Address 3604
3605,Hindi,Male,1811651,Name_3605,9000003605,Address 3605
3606,Telugu,Female,1811651,Name_3606,9000003606,Address 3606
3607,English,Male,1811651,Name_3607,9000003607,Address 3607
3608,Hindi,Female,1811651,Name_3608,9000003608,Address 3608
3609,Telugu,Male,1811656,Name_3609,9000003609,Address 3609
3610,English,Female,1811656,Name_3610,9000003610,Address 3610
3611,Hindi,Male,1811656,Name_3611,9000003611,Address 3611
3612,Telugu,Female,1811656,Name_3612,9000003612,Address 3612
3613,English,Male,1811656,Name_3613,9000003613,Address 3613
3614,Hindi,Female,1811656,Name_3614,9000003614,Address 3614
3615,Telugu,Male,1811656,Name_3615,9000003615,Address 3615
3616,English,Female,1811656,Name_3616,9000003616,Address 3616
3617,Hindi,Male,1811656,Name_3617,9000003617,Address 3617
3618,Telugu,Female,1811656,Name_3618,9000003618,Address 3618
3619,English,Male,1811656,Name_3619,9000003619,Address 3619
3620,Hindi,Female,1811656,Name_3620,9000003620,Address 3620
3621,Telugu,Male,1811656,Name_3621,9000003621,Address 3621
3622,English,Female,1811656,Name_3622,9000003622,Address 3622
3623,Hindi,Male,1811656,Name_3623,9000003623,Address 3623
3624,Telugu,Female,1811656,Name_3624,9000003624,Address 3624
3625,English,Male,1811656,Name_3625,9000003625,Address 3625
3626,Hindi,Female,1811656,Name_3626,9000003626,Address 3626
3627,Telugu,Male,1811656,Name_3627,9000003627,Address 3627
3628,English,Female,1811656,Name_3628,9000003628,Address 3628
3629,Hindi,Male,1811656,Name_3629,9000003629,Address 3629
3630,Telugu,Female,1811656,Name_3630,9000003630,Address 3630
3631,English,Male,1811657,Name_3631,9000003631,Address 3631
3632,Hindi,Female,1811657,Name_3632,9000003632,Address 3632
3633,Telugu,Male,1811657,Name_3633,9000003633,Address 3633
3634,English,Female,1811657,Name_3634,9000003634,Address 3634
3635,Hindi,Male,1811657,Name_3635,9000003635,Address 3635
3636,Telugu,Female,1811657,Name_3636,9000003636,Address 3636
3637,English,Male,1811657,Name_3637,9000003637,Address 3637
3638,Hindi,Female,1811657,Name_3638,9000003638,Address 3638
3639,Telugu,Male,1811657,Name_3639,9000003639,Address 3639
3640,English,Female,1811657,Name_3640,9000003640,Address 3640
3641,Hindi,Male,1811657,Name_3641,9000003641,Address 3641
3642,Telugu,Female,1811657,Name_3642,9000003642,Address 3642
3643,English,Male,1811657,Name_3643,9000003643,Address 3643
3644,Hindi,Female,1811657,Name_3644,9000003644,Address 3644
3645,Telugu,Male,1811657,Name_3645,9000003645,Address 3645
3646,English,Female,1811657,Name_3646,9000003646,Address 3646
3647,Hindi,Male,1811657,Name_3647,9000003647,Address 3647
3648,Telugu,Female,1811657,Name_3648,9000003648,Address 3648
3649,English,Male,1811657,Name_3649,9000003649,Address 3649
3650,Hindi,Female,1811657,Name_3650,9000003650,Address 3650
3651,Telugu,Male,1811657,Name_3651,9000003651,Address 3651
3652,English,Female,1811657,Name_3652,9000003652,Address 3652
3653,Hindi,Male,1811660,Name_3653,9000003653,Address 3653
3654,Telugu,Female,1811660,Name_3654,9000003654,Address 3654
3655,English,Male,1811660,Name_3655,9000003655,Address 3655
3656,Hindi,Female,1811660,Name_3656,9000003656,Address 3656
3657,Telugu,Male,1811660,Name_3657,9000003657,Address 3657
3658,English,Female,1811660,Name_3658,9000003658,Address 3658
3659,Hindi,Male,1811660,Name_3659,9000003659,Address 3659
3660,Telugu,Female,1811660,Name_3660,9000003660,Address 3660
3661,English,Male,1811660,Name_3661,9000003661,Address 3661
3662,Hindi,Female,1811660,Name_3662,9000003662,Address 3662
3663,Telugu,Male,1811660,Name_3663,9000003663,Address 3663
3664,English,Female,1811660,Name_3664,9000003664,Address 3664
3665,Hindi,Male,1811660,Name_3665,9000003665,Address 3665
3666,Telugu,Female,1811660,Name_3666,9000003666,Address 3666
3667,English,Male,1811660,Name_3667,9000003667,Address 3667
3668,Hindi,Female,1811660,Name_3668,9000003668,Address 3668
3669,Telugu,Male,1811660,Name_3669,9000003669,Address 3669
3670,English,Female,1811660,Name_3670,9000003670,Address 3670
3671,Hindi,Male,1811660,Name_3671,9000003671,Address 3671
3672,Telugu,Female,1811660,Name_3672,9000003672,Address 3672
3673,English,Male,1811660,Name_3673,9000003673,Address 3673
3674,Hindi,Female,1811660,Name_3674,9000003674,Address 3674
3675,Telugu,Male,1811661,Name_3675,9000003675,Address 3675
3676,English,Female,1811661,Name_3676,9000003676,Address 3676
3677,Hindi,Male,1811661,Name_3677,9000003677,Address 3677
3678,Telugu,Female,1811661,Name_3678,9000003678,Address 3678
3679,English,Male,1811661,Name_3679,9000003679,Address 3679
3680,Hindi,Female,1811661,Name_3680,9000003680,Address 3680
3681,Telugu,Male,1811661,Name_3681,9000003681,Address 3681
3682,English,Female,1811661,Name_3682,9000003682,Address 3682
3683,Hindi,Male,1811661,Name_3683,9000003683,Address 3683
3684,Telugu,Female,1811661,Name_3684,9000003684,Address 3684
3685,English,Male,1811661,Name_3685,9000003685,Address 3685
3686,Hindi,Female,1811661,Name_3686,9000003686,Address 3686
3687,Telugu,Male,1811661,Name_3687,9000003687,Address 3687
3688,English,Female,1811661,Name_3688,9000003688,Address 3688
3689,Hindi,Male,1811661,Name_3689,9000003689,Address 3689
3690,Telugu,Female,1811661,Name_3690,9000003690,Address 3690
3691,English,Male,1811661,Name_3691,9000003691,Address 3691
3692,Hindi,Female,1811661,Name_3692,9000003692,Address 3692
3693,Telugu,Male,1811661,Name_3693,9000003693,Address 3693
3694,English,Female,1811661,Name_3694,9000003694,Address 3694
3695,Hindi,Male,1811661,Name_3695,9000003695,Address 3695
3696,Telugu,Female,1811661,Name_3696,9000003696,Address 3696
3697,English,Male,1811667,Name_3697,9000003697,Address 3697
3698,Hindi,Female,1811667,Name_3698,9000003698,Address 3698
3699,Telugu,Male,1811667,Name_3699,9000003699,Address 3699
3700,English,Female,1811667,Name_3700,9000003700,Address 3700
3701,Hindi,Male,1811667,Name_3701,9000003701,Address 3701
3702,Telugu,Female,1811667,Name_3702,9000003702,Address 3702
3703,English,Male,1811667,Name_3703,9000003703,Address 3703
3704,Hindi,Female,1811667,Name_3704,9000003704,Address 3704
3705,Telugu,Male,1811667,Name_3705,9000003705,Address 3705
3706,English,Female,1811667,Name_3706,9000003706,Address 3706
3707,Hindi,Male,1811667,Name_3707,9000003707,Address 3707
3708,Telugu,Female,1811667,Name_3708,9000003708,Address 3708
3709,English,Male,1811667,Name_3709,9000003709,Address 3709
3710,Hindi,Female,1811667,Name_3710,9000003710,Address 3710
3711,Telugu,Male,1811667,Name_3711,9000003711,Address 3711
3712,English,Female,1811667,Name_3712,9000003712,Address 3712
3713,Hindi,Male,1811667,Name_3713,9000003713,Address 3713
3714,Telugu,Female,1811667,Name_3714,9000003714,Address 3714
3715,English,Male,1811667,Name_3715,9000003715,Address 3715
3716,Hindi,Female,1811667,Name_3716,9000003716,Address 3716
3717,Telugu,Male,1811667,Name_3717,9000003717,Address 3717
3718,English,Female,1811667,Name_3718,9000003718,Address 3718
3719,Hindi,Male,1811675,Name_3719,9000003719,Address 3719
3720,Telugu,Female,1811675,Name_3720,9000003720,Address 3720
3721,English,Male,1811675,Name_3721,9000003721,Address 3721
3722,Hindi,Female,1811675,Name_3722,9000003722,Address 3722
3723,Telugu,Male,1811675,Name_3723,9000003723,Address 3723
3724,English,Female,1811675,Name_3724,9000003724,Address 3724
3725,Hindi,Male,1811675,Name_3725,9000003725,Address 3725
3726,Telugu,Female,1811675,Name_3726,9000003726,Address 3726
3727,English,Male,1811675,Name_3727,9000003727,Address 3727
3728,Hindi,Female,1811675,Name_3728,9000003728,Address 3728
3729,Telugu,Male,1811675,Name_3729,9000003729,Address 3729
3730,English,Female,1811675,Name_3730,9000003730,Address 3730
3731,Hindi,Male,1811675,Name_3731,9000003731,Address 3731
3732,Telugu,Female,1811675,Name_3732,9000003732,Address 3732
3733,English,Male,1811675,Name_3733,9000003733,Address 3733
3734,Hindi,Female,1811675,Name_3734,9000003734,Address 3734
3735,Telugu,Male,1811675,Name_3735,9000003735,Address 3735
3736,English,Female,1811675,Name_3736,9000003736,Address 3736
3737,Hindi,Male,1811675,Name_3737,9000003737,Address 3737
3738,Telugu,Female,1811675,Name_3738,9000003738,Address 3738
3739,English,Male,1811675,Name_3739,9000003739,Address 3739
3740,Hindi,Female,1811675,Name_3740,9000003740,Address 3740
3741,Telugu,Male,1811728,Name_3741,9000003741,Address 3741
3742,English,Female,1811728,Name_3742,9000003742,Address 3742
3743,Hindi,Male,1811728,Name_3743,9000003743,Address 3743
3744,Telugu,Female,1811728,Name_3744,9000003744,Address 3744
3745,English,Male,1811728,Name_3745,9000003745,Address 3745
3746,Hindi,Female,1811728,Name_3746,9000003746,Address 3746
3747,Telugu,Male,1811728,Name_3747,9000003747,Address 3747
3748,English,Female,1811728,Name_3748,9000003748,Address 3748
3749,Hindi,Male,1811728,Name_3749,9000003749,Address 3749
3750,Telugu,Female,1811728,Name_3750,9000003750,Address 3750
3751,English,Male,1811728,Name_3751,9000003751,Address 3751
3752,Hindi,Female,1811728,Name_3752,9000003752,Address 3752
3753,Telugu,Male,1811728,Name_3753,9000003753,Address 3753
3754,English,Female,1811728,Name_3754,9000003754,Address 3754
3755,Hindi,Male,1811728,Name_3755,9000003755,Address 3755
3756,Telugu,Female,1811728,Name_3756,9000003756,Address 3756
3757,English,Male,1811728,Name_3757,9000003757,Address 3757
3758,Hindi,Female,1811728,Name_3758,9000003758,Address 3758
3759,Telugu,Male,1811728,Name_3759,9000003759,Address 3759
3760,English,Female,1811728,Name_3760,9000003760,Address 3760
3761,Hindi,Male,1811728,Name_3761,9000003761,Address 3761
3762,Telugu,Female,1811728,Name_3762,9000003762,Address 3762
3763,English,Male,1811730,Name_3763,9000003763,Address 3763
3764,Hindi,Female,1811730,Name_3764,9000003764,Address 3764
3765,Telugu,Male,1811730,Name_3765,9000003765,Address 3765
3766,English,Female,1811730,Name_3766,9000003766,Address 3766
3767,Hindi,Male,1811730,Name_3767,9000003767,Address 3767
3768,Telugu,Female,1811730,Name_3768,9000003768,Address 3768
3769,English,Male,1811730,Name_3769,9000003769,Address 3769
3770,Hindi,Female,1811730,Name_3770,9000003770,Address 3770
3771,Telugu,Male,1811730,Name_3771,9000003771,Address 3771
3772,English,Female,1811730,Name_3772,9000003772,Address 3772
3773,Hindi,Male,1811730,Name_3773,9000003773,Address 3773
3774,Telugu,Female,1811730,Name_3774,9000003774,Address 3774
3775,English,Male,1811730,Name_3775,9000003775,Address 3775
3776,Hindi,Female,1811730,Name_3776,9000003776,Address 3776
3777,Telugu,Male,1811730,Name_3777,9000003777,Address 3777
3778,English,Female,1811730,Name_3778,9000003778,Address 3778
3779,Hindi,Male,1811730,Name_3779,9000003779,Address 3779
3780,Telugu,Female,1811730,Name_3780,9000003780,Address 3780
3781,English,Male,1811730,Name_3781,9000003781,Address 3781
3782,Hindi,Female,1811730,Name_3782,9000003782,Address 3782
3783,Telugu,Male,1811730,Name_3783,9000003783,Address 3783
3784,English,Female,1811730,Name_3784,9000003784,Address 3784
3785,Hindi,Male,1811734,Name_3785,9000003785,Address 3785
3786,Telugu,Female,1811734,Name_3786,9000003786,Address 3786
3787,English,Male,1811734,Name_3787,9000003787,Address 3787
3788,Hindi,Female,1811734,Name_3788,9000003788,Address 3788
3789,Telugu,Male,1811734,Name_3789,9000003789,Address 3789
3790,English,Female,1811734,Name_3790,9000003790,Address 3790
3791,Hindi,Male,1811734,Name_3791,9000003791,Address 3791
3792,Telugu,Female,1811734,Name_3792,9000003792,Address 3792
3793,English,Male,1811734,Name_3793,9000003793,Address 3793
3794,Hindi,Female,1811734,Name_3794,9000003794,Address 3794
3795,Telugu,Male,1811734,Name_3795,9000003795,Address 3795
3796,English,Female,1811734,Name_3796,9000003796,Address 3796
3797,Hindi,Male,1811734,Name_3797,9000003797,Address 3797
3798,Telugu,Female,1811734,Name_3798,9000003798,Address 3798
3799,English,Male,1811734,Name_3799,9000003799,Address 3799
3800,Hindi,Female,1811734,Name_3800,9000003800,Address 3800
3801,Telugu,Male,1811734,Name_3801,9000003801,Address 3801
3802,English,Female,1811734,Name_3802,9000003802,Address 3802
3803,Hindi,Male,1811734,Name_3803,9000003803,Address 3803
3804,Telugu,Female,1811734,Name_3804,9000003804,Address 3804
3805,English,Male,1811734,Name_3805,9000003805,Address 3805
3806,Hindi,Female,1811734,Name_3806,9000003806,Address 3806
3807,Telugu,Male,1811741,Name_3807,9000003807,Address 3807
3808,English,Female,1811741,Name_3808,9000003808,Address 3808
3809,Hindi,Male,1811741,Name_3809,9000003809,Address 3809
3810,Telugu,Female,1811741,Name_3810,9000003810,Address 3810
3811,English,Male,1811741,Name_3811,9000003811,Address 3811
3812,Hindi,Female,1811741,Name_3812,9000003812,Address 3812
3813,Telugu,Male,1811741,Name_3813,9000003813,Address 3813
3814,English,Female,1811741,Name_3814,9000003814,Address 3814
3815,Hindi,Male,1811741,Name_3815,9000003815,Address 3815
3816,Telugu,Female,1811741,Name_3816,9000003816,Address 3816
3817,English,Male,1811741,Name_3817,9000003817,Address 3817
3818,Hindi,Female,1811741,Name_3818,9000003818,Address 3818
3819,Telugu,Male,1811741,Name_3819,9000003819,Address 3819
3820,English,Female,1811741,Name_3820,9000003820,Address 3820
3821,Hindi,Male,1811741,Name_3821,9000003821,Address 3821
3822,Telugu,Female,1811741,Name_3822,9000003822,Address 3822
3823,English,Male,1811741,Name_3823,9000003823,Address 3823
3824,Hindi,Female,1811741,Name_3824,9000003824,Address 3824
3825,Telugu,Male,1811741,Name_3825,9000003825,Address 3825
3826,English,Female,1811741,Name_3826,9000003826,Address 3826
3827,Hindi,Male,1811741,Name_3827,9000003827,Address 3827
3828,Telugu,Female,1811741,Name_3828,9000003828,Address 3828
3829,English,Male,211010111,Name_3829,9000003829,Address 3829
3830,Hindi,Female,211010111,Name_3830,9000003830,Address 3830
3831,Telugu,Male,211010111,Name_3831,9000003831,Address 3831
3832,English,Female,211010111,Name_3832,9000003832,Address 3832
3833,Hindi,Male,211010111,Name_3833,9000003833,Address 3833
3834,Telugu,Female,211010111,Name_3834,9000003834,Address 3834
3835,English,Male,211010111,Name_3835,9000003835,Address 3835
3836,Hindi,Female,211010111,Name_3836,9000003836,Address 3836
3837,Telugu,Male,211010111,Name_3837,9000003837,Address 3837
3838,English,Female,211010111,Name_3838,9000003838,Address 3838
3839,Hindi,Male,211010111,Name_3839,9000003839,Address 3839
3840,Telugu,Female,211010111,Name_3840,9000003840,Address 3840
3841,English,Male,211010111,Name_3841,9000003841,Address 3841
3842,Hindi,Female,211010111,Name_3842,9000003842,Address 3842
3843,Telugu,Male,211010111,Name_3843,9000003843,Address 3843
3844,English,Female,211010111,Name_3844,9000003844,Address 3844
3845,Hindi,Male,211010111,Name_3845,9000003845,Address 3845
3846,Telugu,Female,211010111,Name_3846,9000003846,Address 3846
3847,English,Male,211010111,Name_3847,9000003847,Address 3847
3848,Hindi,Female,211010111,Name_3848,9000003848,Address 3848
3849,Telugu,Male,211010111,Name_3849,9000003849,Address 3849
3850,English,Female,211010111,Name_3850,9000003850,Address 3850
3851,Hindi,Male,211010122,Name_3851,9000003851,Address 3851
3852,Telugu,Female,211010122,Name_3852,9000003852,Address 3852
3853,English,Male,211010122,Name_3853,9000003853,Address 3853
3854,Hindi,Female,211010122,Name_3854,9000003854,Address 3854
3855,Telugu,Male,211010122,Name_3855,9000003855,Address 3855
3856,English,Female,211010122,Name_3856,9000003856,Address 3856
3857,Hindi,Male,211010122,Name_3857,9000003857,Address 3857
3858,Telugu,Female,211010122,Name_3858,9000003858,Address 3858
3859,English,Male,211010122,Name_3859,9000003859,Address 3859
3860,Hindi,Female,211010122,Name_3860,9000003860,Address 3860
3861,Telugu,Male,211010122,Name_3861,9000003861,Address 3861
3862,English,Female,211010122,Name_3862,9000003862,Address 3862
3863,Hindi,Male,211010122,Name_3863,9000003863,Address 3863
3864,Telugu,Female,211010122,Name_3864,9000003864,Address 3864
3865,English,Male,211010122,Name_3865,9000003865,Address 3865
3866,Hindi,Female,211010122,Name_3866,9000003866,Address 3866
3867,Telugu,Male,211010122,Name_3867,9000003867,Address 3867
3868,English,Female,211010122,Name_3868,9000003868,Address 3868
3869,Hindi,Male,211010122,Name_3869,9000003869,Address 3869
3870,Telugu,Female,211010122,Name_3870,9000003870,Address 3870
3871,English,Male,211010122,Name_3871,9000003871,Address 3871
3872,Hindi,Female,211010122,Name_3872,9000003872,Address 3872
3873,Telugu,Male,2110103147,Name_3873,9000003873,Address 3873
3874,English,Female,2110103147,Name_3874,9000003874,Address 3874
3875,Hindi,Male,2110103147,Name_3875,9000003875,Address 3875
3876,Telugu,Female,2110103147,Name_3876,9000003876,Address 3876
3877,English,Male,2110103147,Name_3877,9000003877,Address 3877
3878,Hindi,Female,2110103147,Name_3878,9000003878,Address 3878
3879,Telugu,Male,2110103147,Name_3879,9000003879,Address 3879
3880,English,Female,2110103147,Name_3880,9000003880,Address 3880
3881,Hindi,Male,2110103147,Name_3881,9000003881,Address 3881
3882,Telugu,Female,2110103147,Name_3882,9000003882,Address 3882
3883,English,Male,2110103147,Name_3883,9000003883,Address 3883
3884,Hindi,Female,2110103147,Name_3884,9000003884,Address 3884
3885,Telugu,Male,2110103147,Name_3885,9000003885,Address 3885
3886,English,Female,2110103147,Name_3886,9000003886,Address 3886
3887,Hindi,Male,2110103147,Name_3887,9000003887,Address 3887
3888,Telugu,Female,2110103147,Name_3888,9000003888,Address 3888
3889,English,Male,2110103147,Name_3889,9000003889,Address 3889
3890,Hindi,Female,2110103147,Name_3890,9000003890,Address 3890
3891,Telugu,Male,2110103147,Name_3891,9000003891,Address 3891
3892,English,Female,2110103147,Name_3892,9000003892,Address 3892
3893,Hindi,Male,2110103147,Name_3893,9000003893,Address 3893
3894,Telugu,Female,2110103147,Name_3894,9000003894,Address 3894
3895,English,Male,2110103157,Name_3895,9000003895,Address 3895
3896,Hindi,Female,2110103157,Name_3896,9000003896,Address 3896
3897,Telugu,Male,2110103157,Name_3897,9000003897,Address 3897
3898,English,Female,2110103157,Name_3898,9000003898,Address 3898
3899,Hindi,Male,2110103157,Name_3899,9000003899,Address 3899
3900,Telugu,Female,2110103157,Name_3900,9000003900,Address 3900
3901,English,Male,2110103157,Name_3901,9000003901,Address 3901
3902,Hindi,Female,2110103157,Name_3902,9000003902,Address 3902
3903,Telugu,Male,2110103157,Name_3903,9000003903,Address 3903
3904,English,Female,2110103157,Name_3904,9000003904,Address 3904
3905,Hindi,Male,2110103157,Name_3905,9000003905,Address 3905
3906,Telugu,Female,2110103157,Name_3906,9000003906,Address 3906
3907,English,Male,2110103157,Name_3907,9000003907,Address 3907
3908,Hindi,Female,2110103157,Name_3908,9000003908,Address 3908
3909,Telugu,Male,2110103157,Name_3909,9000003909,Address 3909
3910,English,Female,2110103157,Name_3910,9000003910,Address 3910
3911,Hindi,Male,2110103157,Name_3911,9000003911,Address 3911
3912,Telugu,Female,2110103157,Name_3912,9000003912,Address 3912
3913,English,Male,2110103157,Name_3913,9000003913,Address 3913
3914,Hindi,Female,2110103157,Name_3914,9000003914,Address 3914
3915,Telugu,Male,2110103157,Name_3915,9000003915,Address 3915
3916,English,Female,2110103157,Name_3916,9000003916,Address 3916
3917,Hindi,Male,2110103158,Name_3917,9000003917,Address 3917
3918,Telugu,Female,2110103158,Name_3918,9000003918,Address 3918
3919,English,Male,2110103158,Name_3919,9000003919,Address 3919
3920,Hindi,Female,2110103158,Name_3920,9000003920,Address 3920
3921,Telugu,Male,2110103158,Name_3921,9000003921,Address 3921
3922,English,Female,2110103158,Name_3922,9000003922,Address 3922
3923,Hindi,Male,2110103158,Name_3923,9000003923,Address 3923
3924,Telugu,Female,2110103158,Name_3924,9000003924,Address 3924
3925,English,Male,2110103158,Name_3925,9000003925,Address 3925
3926,Hindi,Female,2110103158,Name_3926,9000003926,Address 3926
3927,Telugu,Male,2110103158,Name_3927,9000003927,Address 3927
3928,English,Female,2110103158,Name_3928,9000003928,Address 3928
3929,Hindi,Male,2110103158,Name_3929,9000003929,Address 3929
3930,Telugu,Female,2110103158,Name_3930,9000003930,Address 3930
3931,English,Male,2110103158,Name_3931,9000003931,Address 3931
3932,Hindi,Female,2110103158,Name_3932,9000003932,Address 3932
3933,Telugu,Male,2110103158,Name_3933,9000003933,Address 3933
3934,English,Female,2110103158,Name_3934,9000003934,Address 3934
3935,Hindi,Male,2110103158,Name_3935,9000003935,Address 3935
3936,Telugu,Female,2110103158,Name_3936,9000003936,Address 3936
3937,English,Male,2110103158,Name_3937,9000003937,Address 3937
3938,Hindi,Female,2110103158,Name_3938,9000003938,Address 3938
3939,Telugu,Male,2110103162,Name_3939,9000003939,Address 3939
3940,English,Female,2110103162,Name_3940,9000003940,Address 3940
3941,Hindi,Male,2110103162,Name_3941,9000003941,Address 3941
3942,Telugu,Female,2110103162,Name_3942,9000003942,Address 3942
3943,English,Male,2110103162,Name_3943,9000003943,Address 3943
3944,Hindi,Female,2110103162,Name_3944,9000003944,Address 3944
3945,Telugu,Male,2110103162,Name_3945,9000003945,Address 3945
3946,English,Female,2110103162,Name_3946,9000003946,Address 3946
3947,Hindi,Male,2110103162,Name_3947,9000003947,Address 3947
3948,Telugu,Female,2110103162,Name_3948,9000003948,Address 3948
3949,English,Male,2110103162,Name_3949,9000003949,Address 3949
3950,Hindi,Female,2110103162,Name_3950,9000003950,Address 3950
3951,Telugu,Male,2110103162,Name_3951,9000003951,Address 3951
3952,English,Female,2110103162,Name_3952,9000003952,Address 3952
3953,Hindi,Male,2110103162,Name_3953,9000003953,Address 3953
3954,Telugu,Female,2110103162,Name_3954,9000003954,Address 3954
3955,English,Male,2110103162,Name_3955,9000003955,Address 3955
3956,Hindi,Female,2110103162,Name_3956,9000003956,Address 3956
3957,Telugu,Male,2110103162,Name_3957,9000003957,Address 3957
3958,English,Female,2110103162,Name_3958,9000003958,Address 3958
3959,Hindi,Male,2110103162,Name_3959,9000003959,Address 3959
3960,Telugu,Female,2110103162,Name_3960,9000003960,Address 3960
3961,English,Male,2110103170,Name_3961,9000003961,Address 3961
3962,Hindi,Female,2110103170,Name_3962,9000003962,Address 3962
3963,Telugu,Male,2110103170,Name_3963,9000003963,Address 3963
3964,English,Female,2110103170,Name_3964,9000003964,Address 3964
3965,Hindi,Male,2110103170,Name_3965,9000003965,Address 3965
3966,Telugu,Female,2110103170,Name_3966,9000003966,Address 3966
3967,English,Male,2110103170,Name_3967,9000003967,Address 3967
3968,Hindi,Female,2110103170,Name_3968,9000003968,Address 3968
3969,Telugu,Male,2110103170,Name_3969,9000003969,Address 3969
3970,English,Female,2110103170,Name_3970,9000003970,Address 3970
3971,Hindi,Male,2110103170,Name_3971,9000003971,Address 3971
3972,Telugu,Female,2110103170,Name_3972,9000003972,Address 3972
3973,English,Male,2110103170,Name_3973,9000003973,Address 3973
3974,Hindi,Female,2110103170,Name_3974,9000003974,Address 3974
3975,Telugu,Male,2110103170,Name_3975,9000003975,Address 3975
3976,English,Female,2110103170,Name_3976,9000003976,Address 3976
3977,Hindi,Male,2110103170,Name_3977,9000003977,Address 3977
3978,Telugu,Female,2110103170,Name_3978,9000003978,Address 3978
3979,English,Male,2110103170,Name_3979,9000003979,Address 3979
3980,Hindi,Female,2110103170,Name_3980,9000003980,Address 3980
3981,Telugu,Male,2110103170,Name_3981,9000003981,Address 3981
3982,English,Female,2110103170,Name_3982,9000003982,Address 3982
3983,Hindi,Male,2110103174,Name_3983,9000003983,Address 3983
3984,Telugu,Female,2110103174,Name_3984,9000003984,Address 3984
3985,English,Male,2110103174,Name_3985,9000003985,Address 3985
3986,Hindi,Female,2110103174,Name_3986,9000003986,Address 3986
3987,Telugu,Male,2110103174,Name_3987,9000003987,Address 3987
3988,English,Female,2110103174,Name_3988,9000003988,Address 3988
3989,Hindi,Male,2110103174,Name_3989,9000003989,Address 3989
3990,Telugu,Female,2110103174,Name_3990,9000003990,Address 3990
3991,English,Male,2110103174,Name_3991,9000003991,Address 3991
3992,Hindi,Female,2110103174,Name_3992,9000003992,Address 3992
3993,Telugu,Male,2110103174,Name_3993,9000003993,Address 3993
3994,English,Female,2110103174,Name_3994,9000003994,Address 3994
3995,Hindi,Male,2110103174,Name_3995,9000003995,Address 3995
3996,Telugu,Female,2110103174,Name_3996,9000003996,Address 3996
3997,English,Male,2110103174,Name_3997,9000003997,Address 3997
3998,Hindi,Female,2110103174,Name_3998,9000003998,Address 3998
3999,Telugu,Male,2110103174,Name_3999,9000003999,Address 3999
4000,English,Female,2110103174,Name_4000,9000004000,Address 4000
4001,Hindi,Male,2110103174,Name_4001,9000004001,Address 4001
4002,Telugu,Female,2110103174,Name_4002,9000004002,Address 4002
4003,English,Male,2110103174,Name_4003,9000004003,Address 4003
4004,Hindi,Female,2110103174,Name_4004,9000004004,Address 4004
4005,Telugu,Male,2110103180,Name_4005,9000004005,Address 4005
4006,English,Female,2110103180,Name_4006,9000004006,Address 4006
4007,Hindi,Male,2110103180,Name_4007,9000004007,Address 4007
4008,Telugu,Female,2110103180,Name_4008,9000004008,Address 4008
4009,English,Male,2110103180,Name_4009,9000004009,Address 4009
4010,Hindi,Female,2110103180,Name_4010,9000004010,Address 4010
4011,Telugu,Male,2110103180,Name_4011,9000004011,Address 4011
4012,English,Female,2110103180,Name_4012,9000004012,Address 4012
4013,Hindi,Male,2110103180,Name_4013,9000004013,Address 4013
4014,Telugu,Female,2110103180,Name_4014,9000004014,Address 4014
4015,English,Male,2110103180,Name_4015,9000004015,Address 4015
4016,Hindi,Female,2110103180,Name_4016,9000004016,Address 4016
4017,Telugu,Male,2110103180,Name_4017,9000004017,Address 4017
4018,English,Female,2110103180,Name_4018,9000004018,Address 4018
4019,Hindi,Male,2110103180,Name_4019,9000004019,Address 4019
4020,Telugu,Female,2110103180,Name_4020,9000004020,Address 4020
4021,English,Male,2110103180,Name_4021,9000004021,Address 4021
4022,Hindi,Female,2110103180,Name_4022,9000004022,Address 4022
4023,Telugu,Male,2110103180,Name_4023,9000004023,Address 4023
4024,English,Female,2110103180,Name_4024,9000004024,Address 4024
4025,Hindi,Male,2110103180,Name_4025,9000004025,Address 4025
4026,Telugu,Female,2110103180,Name_4026,9000004026,Address 4026
4027,English,Male,2110106187,Name_4027,9000004027,Address 4027
4028,Hindi,Female,2110106187,Name_4028,9000004028,Address 4028
4029,Telugu,Male,2110106187,Name_4029,9000004029,Address 4029
4030,English,Female,2110106187,Name_4030,9000004030,Address 4030
4031,Hindi,Male,2110106187,Name_4031,9000004031,Address 4031
4032,Telugu,Female,2110106187,Name_4032,9000004032,Address 4032
4033,English,Male,2110106187,Name_4033,9000004033,Address 4033
4034,Hindi,Female,2110106187,Name_4034,9000004034,Address 4034
4035,Telugu,Male,2110106187,Name_4035,9000004035,Address 4035
4036,English,Female,2110106187,Name_4036,9000004036,Address 4036
4037,Hindi,Male,2110106187,Name_4037,9000004037,Address 4037
4038,Telugu,Female,2110106187,Name_4038,9000004038,Address 4038
4039,English,Male,2110106187,Name_4039,9000004039,Address 4039
4040,Hindi,Female,2110106187,Name_4040,9000004040,Address 4040
4041,Telugu,Male,2110106187,Name_4041,9000004041,Address 4041
4042,English,Female,2110106187,Name_4042,9000004042,Address 4042
4043,Hindi,Male,2110106187,Name_4043,9000004043,Address 4043
4044,Telugu,Female,2110106187,Name_4044,9000004044,Address 4044
4045,English,Male,2110106187,Name_4045,9000004045,Address 4045
4046,Hindi,Female,2110106187,Name_4046,9000004046,Address 4046
4047,Telugu,Male,2110106187,Name_4047,9000004047,Address 4047
4048,English,Female,2110106187,Name_4048,9000004048,Address 4048
4049,Hindi,Male,2110106199,Name_4049,9000004049,Address 4049
4050,Telugu,Female,2110106199,Name_4050,9000004050,Address 4050
4051,English,Male,2110106199,Name_4051,9000004051,Address 4051
4052,Hindi,Female,2110106199,Name_4052,9000004052,Address 4052
4053,Telugu,Male,2110106199,Name_4053,9000004053,Address 4053
4054,English,Female,2110106199,Name_4054,9000004054,Address 4054
4055,Hindi,Male,2110106199,Name_4055,9000004055,Address 4055
4056,Telugu,Female,2110106199,Name_4056,9000004056,Address 4056
4057,English,Male,2110106199,Name_4057,9000004057,Address 4057
4058,Hindi,Female,2110106199,Name_4058,9000004058,Address 4058
4059,Telugu,Male,2110106199,Name_4059,9000004059,Address 4059
4060,English,Female,2110106199,Name_4060,9000004060,Address 4060
4061,Hindi,Male,2110106199,Name_4061,9000004061,Address 4061
4062,Telugu,Female,2110106199,Name_4062,9000004062,Address 4062
4063,English,Male,2110106199,Name_4063,9000004063,Address 4063
4064,Hindi,Female,2110106199,Name_4064,9000004064,Address 4064
4065,Telugu,Male,2110106199,Name_4065,9000004065,Address 4065
4066,English,Female,2110106199,Name_4066,9000004066,Address 4066
4067,Hindi,Male,2110106199,Name_4067,9000004067,Address 4067
4068,Telugu,Female,2110106199,Name_4068,9000004068,Address 4068
4069,English,Male,2110106199,Name_4069,9000004069,Address 4069
4070,Hindi,Female,2110106199,Name_4070,9000004070,Address 4070
4071,Telugu,Male,2110106202,Name_4071,9000004071,Address 4071
4072,English,Female,2110106202,Name_4072,9000004072,Address 4072
4073,Hindi,Male,2110106202,Name_4073,9000004073,Address 4073
4074,Telugu,Female,2110106202,Name_4074,9000004074,Address 4074
4075,English,Male,2110106202,Name_4075,9000004075,Address 4075
4076,Hindi,Female,2110106202,Name_4076,9000004076,Address 4076
4077,Telugu,Male,2110106202,Name_4077,9000004077,Address 4077
4078,English,Female,2110106202,Name_4078,9000004078,Address 4078
4079,Hindi,Male,2110106202,Name_4079,9000004079,Address 4079
4080,Telugu,Female,2110106202,Name_4080,9000004080,Address 4080
4081,English,Male,2110106202,Name_4081,9000004081,Address 4081
4082,Hindi,Female,2110106202,Name_4082,9000004082,Address 4082
4083,Telugu,Male,2110106202,Name_4083,9000004083,Address 4083
4084,English,Female,2110106202,Name_4084,9000004084,Address 4084
4085,Hindi,Male,2110106202,Name_4085,9000004085,Address 4085
4086,Telugu,Female,2110106202,Name_4086,9000004086,Address 4086
4087,English,Male,2110106202,Name_4087,9000004087,Address 4087
4088,Hindi,Female,2110106202,Name_4088,9000004088,Address 4088
4089,Telugu,Male,2110106202,Name_4089,9000004089,Address 4089
4090,English,Female,2110106202,Name_4090,9000004090,Address 4090
4091,Hindi,Male,2110106202,Name_4091,9000004091,Address 4091
4092,Telugu,Female,2110106202,Name_4092,9000004092,Address 4092
4093,English,Male,2110106206,Name_4093,9000004093,Address 4093
4094,Hindi,Female,2110106206,Name_4094,9000004094,Address 4094
4095,Telugu,Male,2110106206,Name_4095,9000004095,Address 4095
4096,English,Female,2110106206,Name_4096,9000004096,Address 4096
4097,Hindi,Male,2110106206,Name_4097,9000004097,Address 4097
4098,Telugu,Female,2110106206,Name_4098,9000004098,Address 4098
4099,English,Male,2110106206,Name_4099,9000004099,Address 4099
4100,Hindi,Female,2110106206,Name_4100,9000004100,Address 4100
4101,Telugu,Male,2110106206,Name_4101,9000004101,Address 4101
4102,English,Female,2110106206,Name_4102,9000004102,Address 4102
4103,Hindi,Male,2110106206,Name_4103,9000004103,Address 4103
4104,Telugu,Female,2110106206,Name_4104,9000004104,Address 4104
4105,English,Male,2110106206,Name_4105,9000004105,Address 4105
4106,Hindi,Female,2110106206,Name_4106,9000004106,Address 4106
4107,Telugu,Male,2110106206,Name_4107,9000004107,Address 4107
4108,English,Female,2110106206,Name_4108,9000004108,Address 4108
4109,Hindi,Male,2110106206,Name_4109,9000004109,Address 4109
4110,Telugu,Female,2110106206,Name_4110,9000004110,Address 4110
4111,English,Male,2110106206,Name_4111,9000004111,Address 4111
4112,Hindi,Female,2110106206,Name_4112,9000004112,Address 4112
4113,Telugu,Male,2110106206,Name_4113,9000004113,Address 4113
4114,English,Female,2110106206,Name_4114,9000004114,Address 4114
4115,Hindi,Male,2110106212,Name_4115,9000004115,Address 4115
4116,Telugu,Female,2110106212,Name_4116,9000004116,Address 4116
4117,English,Male,2110106212,Name_4117,9000004117,Address 4117
4118,Hindi,Female,2110106212,Name_4118,9000004118,Address 4118
4119,Telugu,Male,2110106212,Name_4119,9000004119,Address 4119
4120,English,Female,2110106212,Name_4120,9000004120,Address 4120
4121,Hindi,Male,2110106212,Name_4121,9000004121,Address 4121
4122,Telugu,Female,2110106212,Name_4122,9000004122,Address 4122
4123,English,Male,2110106212,Name_4123,9000004123,Address 4123
4124,Hindi,Female,2110106212,Name_4124,9000004124,Address 4124
4125,Telugu,Male,2110106212,Name_4125,9000004125,Address 4125
4126,English,Female,2110106212,Name_4126,9000004126,Address 4126
4127,Hindi,Male,2110106212,Name_4127,9000004127,Address 4127
4128,Telugu,Female,2110106212,Name_4128,9000004128,Address 4128
4129,English,Male,2110106212,Name_4129,9000004129,Address 4129
4130,Hindi,Female,2110106212,Name_4130,9000004130,Address 4130
4131,Telugu,Male,2110106212,Name_4131,9000004131,Address 4131
4132,English,Female,2110106212,Name_4132,9000004132,Address 4132
4133,Hindi,Male,2110106212,Name_4133,9000004133,Address 4133
4134,Telugu,Female,2110106212,Name_4134,9000004134,Address 4134
4135,English,Male,2110106212,Name_4135,9000004135,Address 4135
4136,Hindi,Female,2110106212,Name_4136,9000004136,Address 4136
4137,Telugu,Male,2110106214,Name_4137,9000004137,Address 4137
4138,English,Female,2110106214,Name_4138,9000004138,Address 4138
4139,Hindi,Male,2110106214,Name_4139,9000004139,Address 4139
4140,Telugu,Female,2110106214,Name_4140,9000004140,Address 4140
4141,English,Male,2110106214,Name_4141,9000004141,Address 4141
4142,Hindi,Female,2110106214,Name_4142,9000004142,Address 4142
4143,Telugu,Male,2110106214,Name_4143,9000004143,Address 4143
4144,English,Female,2110106214,Name_4144,9000004144,Address 4144
4145,Hindi,Male,2110106214,Name_4145,9000004145,Address 4145
4146,Telugu,Female,2110106214,Name_4146,9000004146,Address 4146
4147,English,Male,2110106214,Name_4147,9000004147,Address 4147
4148,Hindi,Female,2110106214,Name_4148,9000004148,Address 4148
4149,Telugu,Male,2110106214,Name_4149,9000004149,Address 4149
4150,English,Female,2110106214,Name_4150,9000004150,Address 4150
4151,Hindi,Male,2110106214,Name_4151,9000004151,Address 4151
4152,Telugu,Female,2110106214,Name_4152,9000004152,Address 4152
4153,English,Male,2110106214,Name_4153,9000004153,Address 4153
4154,Hindi,Female,2110106214,Name_4154,9000004154,Address 4154
4155,Telugu,Male,2110106214,Name_4155,9000004155,Address 4155
4156,English,Female,2110106214,Name_4156,9000004156,Address 4156
4157,Hindi,Male,2110106214,Name_4157,9000004157,Address 4157
4158,Telugu,Female,2110106214,Name_4158,9000004158,Address 4158
4159,English,Male,2110106215,Name_4159,9000004159,Address 4159
4160,Hindi,Female,2110106215,Name_4160,9000004160,Address 4160
4161,Telugu,Male,2110106215,Name_4161,9000004161,Address 4161
4162,English,Female,2110106215,Name_4162,9000004162,Address 4162
4163,Hindi,Male,2110106215,Name_4163,9000004163,Address 4163
4164,Telugu,Female,2110106215,Name_4164,9000004164,Address 4164
4165,English,Male,2110106215,Name_4165,9000004165,Address 4165
4166,Hindi,Female,2110106215,Name_4166,9000004166,Address 4166
4167,Telugu,Male,2110106215,Name_4167,9000004167,Address 4167
4168,English,Female,2110106215,Name_4168,9000004168,Address 4168
4169,Hindi,Male,2110106215,Name_4169,9000004169,Address 4169
4170,Telugu,Female,2110106215,Name_4170,9000004170,Address 4170
4171,English,Male,2110106215,Name_4171,9000004171,Address 4171
4172,Hindi,Female,2110106215,Name_4172,9000004172,Address 4172
4173,Telugu,Male,2110106215,Name_4173,9000004173,Address 4173
4174,English,Female,2110106215,Name_4174,9000004174,Address 4174
4175,Hindi,Male,2110106215,Name_4175,9000004175,Address 4175
4176,Telugu,Female,2110106215,Name_4176,9000004176,Address 4176
4177,English,Male,2110106215,Name_4177,9000004177,Address 4177
4178,Hindi,Female,2110106215,Name_4178,9000004178,Address 4178
4179,Telugu,Male,2110106215,Name_4179,9000004179,Address 4179
4180,English,Female,2110106215,Name_4180,9000004180,Address 4180
4181,Hindi,Male,2110106217,Name_4181,9000004181,Address 4181
4182,Telugu,Female,2110106217,Name_4182,9000004182,Address 4182
4183,English,Male,2110106217,Name_4183,9000004183,Address 4183
4184,Hindi,Female,2110106217,Name_4184,9000004184,Address 4184
4185,Telugu,Male,2110106217,Name_4185,9000004185,Address 4185
4186,English,Female,2110106217,Name_4186,9000004186,Address 4186
4187,Hindi,Male,2110106217,Name_4187,9000004187,Address 4187
4188,Telugu,Female,2110106217,Name_4188,9000004188,Address 4188
4189,English,Male,2110106217,Name_4189,9000004189,Address 4189
4190,Hindi,Female,2110106217,Name_4190,9000004190,Address 4190
4191,Telugu,Male,2110106217,Name_4191,9000004191,Address 4191
4192,English,Female,2110106217,Name_4192,9000004192,Address 4192
4193,Hindi,Male,2110106217,Name_4193,9000004193,Address 4193
4194,Telugu,Female,2110106217,Name_4194,9000004194,Address 4194
4195,English,Male,2110106217,Name_4195,9000004195,Address 4195
4196,Hindi,Female,2110106217,Name_4196,9000004196,Address 4196
4197,Telugu,Male,2110106217,Name_4197,9000004197,Address 4197
4198,English,Female,2110106217,Name_4198,9000004198,Address 4198
4199,Hindi,Male,2110106217,Name_4199,9000004199,Address 4199
4200,Telugu,Female,2110106217,Name_4200,9000004200,Address 4200
4201,English,Male,2110106217,Name_4201,9000004201,Address 4201
4202,Hindi,Female,2110106217,Name_4202,9000004202,Address 4202
4203,Telugu,Male,2110106227,Name_4203,9000004203,Address 4203
4204,English,Female,2110106227,Name_4204,9000004204,Address 4204
4205,Hindi,Male,2110106227,Name_4205,9000004205,Address 4205
4206,Telugu,Female,2110106227,Name_4206,9000004206,Address 4206
4207,English,Male,2110106227,Name_4207,9000004207,Address 4207
4208,Hindi,Female,2110106227,Name_4208,9000004208,Address 4208
4209,Telugu,Male,2110106227,Name_4209,9000004209,Address 4209
4210,English,Female,2110106227,Name_4210,9000004210,Address 4210
4211,Hindi,Male,2110106227,Name_4211,9000004211,Address 4211
4212,Telugu,Female,2110106227,Name_4212,9000004212,Address 4212
4213,English,Male,2110106227,Name_4213,9000004213,Address 4213
4214,Hindi,Female,2110106227,Name_4214,9000004214,Address 4214
4215,Telugu,Male,2110106227,Name_4215,9000004215,Address 4215
4216,English,Female,2110106227,Name_4216,9000004216,Address 4216
4217,Hindi,Male,2110106227,Name_4217,9000004217,Address 4217
4218,Telugu,Female,2110106227,Name_4218,9000004218,Address 4218
4219,English,Male,2110106227,Name_4219,9000004219,Address 4219
4220,Hindi,Female,2110106227,Name_4220,9000004220,Address 4220
4221,Telugu,Male,2110106227,Name_4221,9000004221,Address 4221
4222,English,Female,2110106227,Name_4222,9000004222,Address 4222
4223,Hindi,Male,2110106227,Name_4223,9000004223,Address 4223
4224,Telugu,Female,2110106227,Name_4224,9000004224,Address 4224
4225,English,Male,2110106237,Name_4225,9000004225,Address 4225
4226,Hindi,Female,2110106237,Name_4226,9000004226,Address 4226
4227,Telugu,Male,2110106237,Name_4227,9000004227,Address 4227
4228,English,Female,2110106237,Name_4228,9000004228,Address 4228
4229,Hindi,Male,2110106237,Name_4229,9000004229,Address 4229
4230,Telugu,Female,2110106237,Name_4230,9000004230,Address 4230
4231,English,Male,2110106237,Name_4231,9000004231,Address 4231
4232,Hindi,Female,2110106237,Name_4232,9000004232,Address 4232
4233,Telugu,Male,2110106237,Name_4233,9000004233,Address 4233
4234,English,Female,2110106237,Name_4234,9000004234,Address 4234
4235,Hindi,Male,2110106237,Name_4235,9000004235,Address 4235
4236,Telugu,Female,2110106237,Name_4236,9000004236,Address 4236
4237,English,Male,2110106237,Name_4237,9000004237,Address 4237
4238,Hindi,Female,2110106237,Name_4238,9000004238,Address 4238
4239,Telugu,Male,2110106237,Name_4239,9000004239,Address 4239
4240,English,Female,2110106237,Name_4240,9000004240,Address 4240
4241,Hindi,Male,2110106237,Name_4241,9000004241,Address 4241
4242,Telugu,Female,2110106237,Name_4242,9000004242,Address 4242
4243,English,Male,2110106237,Name_4243,9000004243,Address 4243
4244,Hindi,Female,2110106237,Name_4244,9000004244,Address 4244
4245,Telugu,Male,2110106237,Name_4245,9000004245,Address 4245
4246,English,Female,2110106237,Name_4246,9000004246,Address 4246
4247,Hindi,Male,211011213,Name_4247,9000004247,Address 4247
4248,Telugu,Female,211011213,Name_4248,9000004248,Address 4248
4249,English,Male,211011213,Name_4249,9000004249,Address 4249
4250,Hindi,Female,211011213,Name_4250,9000004250,Address 4250
4251,Telugu,Male,211011213,Name_4251,9000004251,Address 4251
4252,English,Female,211011213,Name_4252,9000004252,Address 4252
4253,Hindi,Male,211011213,Name_4253,9000004253,Address 4253
4254,Telugu,Female,211011213,Name_4254,9000004254,Address 4254
4255,English,Male,211011213,Name_4255,9000004255,Address 4255
4256,Hindi,Female,211011213,Name_4256,9000004256,Address 4256
4257,Telugu,Male,211011213,Name_4257,9000004257,Address 4257
4258,English,Female,211011213,Name_4258,9000004258,Address 4258
4259,Hindi,Male,211011213,Name_4259,9000004259,Address 4259
4260,Telugu,Female,211011213,Name_4260,9000004260,Address 4260
4261,English,Male,211011213,Name_4261,9000004261,Address 4261
4262,Hindi,Female,211011213,Name_4262,9000004262,Address 4262
4263,Telugu,Male,211011213,Name_4263,9000004263,Address 4263
4264,English,Female,211011213,Name_4264,9000004264,Address 4264
4265,Hindi,Male,211011213,Name_4265,9000004265,Address 4265
4266,Telugu,Female,211011213,Name_4266,9000004266,Address 4266
4267,English,Male,211011213,Name_4267,9000004267,Address 4267
4268,Hindi,Female,211011213,Name_4268,9000004268,Address 4268
4269,Telugu,Male,21101128,Name_4269,9000004269,Address 4269
4270,English,Female,21101128,Name_4270,9000004270,Address 4270
4271,Hindi,Male,21101128,Name_4271,9000004271,Address 4271
4272,Telugu,Female,21101128,Name_4272,9000004272,Address 4272
4273,English,Male,21101128,Name_4273,9000004273,Address 4273
4274,Hindi,Female,21101128,Name_4274,9000004274,Address 4274
4275,Telugu,Male,21101128,Name_4275,9000004275,Address 4275
4276,English,Female,21101128,Name_4276,9000004276,Address 4276
4277,Hindi,Male,21101128,Name_4277,9000004277,Address 4277
4278,Telugu,Female,21101128,Name_4278,9000004278,Address 4278
4279,English,Male,21101128,Name_4279,9000004279,Address 4279
4280,Hindi,Female,21101128,Name_4280,9000004280,Address 4280
4281,Telugu,Male,21101128,Name_4281,9000004281,Address 4281
4282,English,Female,21101128,Name_4282,9000004282,Address 4282
4283,Hindi,Male,21101128,Name_4283,9000004283,Address 4283
4284,Telugu,Female,21101128,Name_4284,9000004284,Address 4284
4285,English,Male,21101128,Name_4285,9000004285,Address 4285
4286,Hindi,Female,21101128,Name_4286,9000004286,Address 4286
4287,Telugu,Male,21101128,Name_4287,9000004287,Address 4287
4288,English,Female,21101128,Name_4288,9000004288,Address 4288
4289,Hindi,Male,21101128,Name_4289,9000004289,Address 4289
4290,Telugu,Female,21101128,Name_4290,9000004290,Address 4290
4291,English,Male,211011428,Name_4291,9000004291,Address 4291
4292,Hindi,Female,211011428,Name_4292,9000004292,Address 4292
4293,Telugu,Male,211011428,Name_4293,9000004293,Address 4293
4294,English,Female,211011428,Name_4294,9000004294,Address 4294
4295,Hindi,Male,211011428,Name_4295,9000004295,Address 4295
4296,Telugu,Female,211011428,Name_4296,9000004296,Address 4296
4297,English,Male,211011428,Name_4297,9000004297,Address 4297
4298,Hindi,Female,211011428,Name_4298,9000004298,Address 4298
4299,Telugu,Male,211011428,Name_4299,9000004299,Address 4299
4300,English,Female,211011428,Name_4300,9000004300,Address 4300
4301,Hindi,Male,211011428,Name_4301,9000004301,Address 4301
4302,Telugu,Female,211011428,Name_4302,9000004302,Address 4302
4303,English,Male,211011428,Name_4303,9000004303,Address 4303
4304,Hindi,Female,211011428,Name_4304,9000004304,Address 4304
4305,Telugu,Male,211011428,Name_4305,9000004305,Address 4305
4306,English,Female,211011428,Name_4306,9000004306,Address 4306
4307,Hindi,Male,211011428,Name_4307,9000004307,Address 4307
4308,Telugu,Female,211011428,Name_4308,9000004308,Address 4308
4309,English,Male,211011428,Name_4309,9000004309,Address 4309
4310,Hindi,Female,211011428,Name_4310,9000004310,Address 4310
4311,Telugu,Male,211011428,Name_4311,9000004311,Address 4311
4312,English,Female,211011428,Name_4312,9000004312,Address 4312
4313,Hindi,Male,211011434,Name_4313,9000004313,Address 4313
4314,Telugu,Female,211011434,Name_4314,9000004314,Address 4314
4315,English,Male,211011434,Name_4315,9000004315,Address 4315
4316,Hindi,Female,211011434,Name_4316,9000004316,Address 4316
4317,Telugu,Male,211011434,Name_4317,9000004317,Address 4317
4318,English,Female,211011434,Name_4318,9000004318,Address 4318
4319,Hindi,Male,211011434,Name_4319,9000004319,Address 4319
4320,Telugu,Female,211011434,Name_4320,9000004320,Address 4320
4321,English,Male,211011434,Name_4321,9000004321,Address 4321
4322,Hindi,Female,211011434,Name_4322,9000004322,Address 4322
4323,Telugu,Male,211011434,Name_4323,9000004323,Address 4323
4324,English,Female,211011434,Name_4324,9000004324,Address 4324
4325,Hindi,Male,211011434,Name_4325,9000004325,Address 4325
4326,Telugu,Female,211011434,Name_4326,9000004326,Address 4326
4327,English,Male,211011434,Name_4327,9000004327,Address 4327
4328,Hindi,Female,211011434,Name_4328,9000004328,Address 4328
4329,Telugu,Male,211011434,Name_4329,9000004329,Address 4329
4330,English,Female,211011434,Name_4330,9000004330,Address 4330
4331,Hindi,Male,211011434,Name_4331,9000004331,Address 4331
4332,Telugu,Female,211011434,Name_4332,9000004332,Address 4332
4333,English,Male,211011434,Name_4333,9000004333,Address 4333
4334,Hindi,Female,211011434,Name_4334,9000004334,Address 4334
4335,Telugu,Male,211011439,Name_4335,9000004335,Address 4335
4336,English,Female,211011439,Name_4336,9000004336,Address 4336
4337,Hindi,Male,211011439,Name_4337,9000004337,Address 4337
4338,Telugu,Female,211011439,Name_4338,9000004338,Address 4338
4339,English,Male,211011439,Name_4339,9000004339,Address 4339
4340,Hindi,Female,211011439,Name_4340,9000004340,Address 4340
4341,Telugu,Male,211011439,Name_4341,9000004341,Address 4341
4342,English,Female,211011439,Name_4342,9000004342,Address 4342
4343,Hindi,Male,211011439,Name_4343,9000004343,Address 4343
4344,Telugu,Female,211011439,Name_4344,9000004344,Address 4344
4345,English,Male,211011439,Name_4345,9000004345,Address 4345
4346,Hindi,Female,211011439,Name_4346,9000004346,Address 4346
4347,Telugu,Male,211011439,Name_4347,9000004347,Address 4347
4348,English,Female,211011439,Name_4348,9000004348,Address 4348
4349,Hindi,Male,211011439,Name_4349,9000004349,Address 4349
4350,Telugu,Female,211011439,Name_4350,9000004350,Address 4350
4351,English,Male,211011439,Name_4351,9000004351,Address 4351
4352,Hindi,Female,211011439,Name_4352,9000004352,Address 4352
4353,Telugu,Male,211011439,Name_4353,9000004353,Address 4353
4354,English,Female,211011439,Name_4354,9000004354,Address 4354
4355,Hindi,Male,211011439,Name_4355,9000004355,Address 4355
4356,Telugu,Female,211011439,Name_4356,9000004356,Address 4356
4357,English,Male,2110117101,Name_4357,9000004357,Address 4357
4358,Hindi,Female,2110117101,Name_4358,9000004358,Address 4358
4359,Telugu,Male,2110117101,Name_4359,9000004359,Address 4359
4360,English,Female,2110117101,Name_4360,9000004360,Address 4360
4361,Hindi,Male,2110117101,Name_4361,9000004361,Address 4361
4362,Telugu,Female,2110117101,Name_4362,9000004362,Address 4362
4363,English,Male,2110117101,Name_4363,9000004363,Address 4363
4364,Hindi,Female,2110117101,Name_4364,9000004364,Address 4364
4365,Telugu,Male,2110117101,Name_4365,9000004365,Address 4365
4366,English,Female,2110117101,Name_4366,9000004366,Address 4366
4367,Hindi,Male,2110117101,Name_4367,9000004367,Address 4367
4368,Telugu,Female,2110117101,Name_4368,9000004368,Address 4368
4369,English,Male,2110117101,Name_4369,9000004369,Address 4369
4370,Hindi,Female,2110117101,Name_4370,9000004370,Address 4370
4371,Telugu,Male,2110117101,Name_4371,9000004371,Address 4371
4372,English,Female,2110117101,Name_4372,9000004372,Address 4372
4373,Hindi,Male,2110117101,Name_4373,9000004373,Address 4373
4374,Telugu,Female,2110117101,Name_4374,9000004374,Address 4374
4375,English,Male,2110117101,Name_4375,9000004375,Address 4375
4376,Hindi,Female,2110117101,Name_4376,9000004376,Address 4376
4377,Telugu,Male,2110117101,Name_4377,9000004377,Address 4377
4378,English,Female,2110117101,Name_4378,9000004378,Address 4378
4379,Hindi,Male,2110117103,Name_4379,9000004379,Address 4379
4380,Telugu,Female,2110117103,Name_4380,9000004380,Address 4380
4381,English,Male,2110117103,Name_4381,9000004381,Address 4381
4382,Hindi,Female,2110117103,Name_4382,9000004382,Address 4382
4383,Telugu,Male,2110117103,Name_4383,9000004383,Address 4383
4384,English,Female,2110117103,Name_4384,9000004384,Address 4384
4385,Hindi,Male,2110117103,Name_4385,9000004385,Address 4385
4386,Telugu,Female,2110117103,Name_4386,9000004386,Address 4386
4387,English,Male,2110117103,Name_4387,9000004387,Address 4387
4388,Hindi,Female,2110117103,Name_4388,9000004388,Address 4388
4389,Telugu,Male,2110117103,Name_4389,9000004389,Address 4389
4390,English,Female,2110117103,Name_4390,9000004390,Address 4390
4391,Hindi,Male,2110117103,Name_4391,9000004391,Address 4391
4392,Telugu,Female,2110117103,Name_4392,9000004392,Address 4392
4393,English,Male,2110117103,Name_4393,9000004393,Address 4393
4394,Hindi,Female,2110117103,Name_4394,9000004394,Address 4394
4395,Telugu,Male,2110117103,Name_4395,9000004395,Address 4395
4396,English,Female,2110117103,Name_4396,9000004396,Address 4396
4397,Hindi,Male,2110117103,Name_4397,9000004397,Address 4397
4398,Telugu,Female,2110117103,Name_4398,9000004398,Address 4398
4399,English,Male,2110117103,Name_4399,9000004399,Address 4399
4400,Hindi,Female,2110117103,Name_4400,9000004400,Address 4400
4401,Telugu,Male,2110117111,Name_4401,9000004401,Address 4401
4402,English,Female,2110117111,Name_4402,9000004402,Address 4402
4403,Hindi,Male,2110117111,Name_4403,9000004403,Address 4403
4404,Telugu,Female,2110117111,Name_4404,9000004404,Address 4404
4405,English,Male,2110117111,Name_4405,9000004405,Address 4405
4406,Hindi,Female,2110117111,Name_4406,9000004406,Address 4406
4407,Telugu,Male,2110117111,Name_4407,9000004407,Address 4407
4408,English,Female,2110117111,Name_4408,9000004408,Address 4408
4409,Hindi,Male,2110117111,Name_4409,9000004409,Address 4409
4410,Telugu,Female,2110117111,Name_4410,9000004410,Address 4410
4411,English,Male,2110117111,Name_4411,9000004411,Address 4411
4412,Hindi,Female,2110117111,Name_4412,9000004412,Address 4412
4413,Telugu,Male,2110117111,Name_4413,9000004413,Address 4413
4414,English,Female,2110117111,Name_4414,9000004414,Address 4414
4415,Hindi,Male,2110117111,Name_4415,9000004415,Address 4415
4416,Telugu,Female,2110117111,Name_4416,9000004416,Address 4416
4417,English,Male,2110117111,Name_4417,9000004417,Address 4417
4418,Hindi,Female,2110117111,Name_4418,9000004418,Address 4418
4419,Telugu,Male,2110117111,Name_4419,9000004419,Address 4419
4420,English,Female,2110117111,Name_4420,9000004420,Address 4420
4421,Hindi,Male,2110117111,Name_4421,9000004421,Address 4421
4422,Telugu,Female,2110117111,Name_4422,9000004422,Address 4422
4423,English,Male,2110117116,Name_4423,9000004423,Address 4423
4424,Hindi,Female,2110117116,Name_4424,9000004424,Address 4424
4425,Telugu,Male,2110117116,Name_4425,9000004425,Address 4425
4426,English,Female,2110117116,Name_4426,9000004426,Address 4426
4427,Hindi,Male,2110117116,Name_4427,9000004427,Address 4427
4428,Telugu,Female,2110117116,Name_4428,9000004428,Address 4428
4429,English,Male,2110117116,Name_4429,9000004429,Address 4429
4430,Hindi,Female,2110117116,Name_4430,9000004430,Address 4430
4431,Telugu,Male,2110117116,Name_4431,9000004431,Address 4431
4432,English,Female,2110117116,Name_4432,9000004432,Address 4432
4433,Hindi,Male,2110117116,Name_4433,9000004433,Address 4433
4434,Telugu,Female,2110117116,Name_4434,9000004434,Address 4434
4435,English,Male,2110117116,Name_4435,9000004435,Address 4435
4436,Hindi,Female,2110117116,Name_4436,9000004436,Address 4436
4437,Telugu,Male,2110117116,Name_4437,9000004437,Address 4437
4438,English,Female,2110117116,Name_4438,9000004438,Address 4438
4439,Hindi,Male,2110117116,Name_4439,9000004439,Address 4439
4440,Telugu,Female,2110117116,Name_4440,9000004440,Address 4440
4441,English,Male,2110117116,Name_4441,9000004441,Address 4441
4442,Hindi,Female,2110117116,Name_4442,9000004442,Address 4442
4443,Telugu,Male,2110117116,Name_4443,9000004443,Address 4443
4444,English,Female,2110117116,Name_4444,9000004444,Address 4444
4445,Hindi,Male,2110117117,Name_4445,9000004445,Address 4445
4446,Telugu,Female,2110117117,Name_4446,9000004446,Address 4446
4447,English,Male,2110117117,Name_4447,9000004447,Address 4447
4448,Hindi,Female,2110117117,Name_4448,9000004448,Address 4448
4449,Telugu,Male,2110117117,Name_4449,9000004449,Address 4449
4450,English,Female,2110117117,Name_4450,9000004450,Address 4450
4451,Hindi,Male,2110117117,Name_4451,9000004451,Address 4451
4452,Telugu,Female,2110117117,Name_4452,9000004452,Address 4452
4453,English,Male,2110117117,Name_4453,9000004453,Address 4453
4454,Hindi,Female,2110117117,Name_4454,9000004454,Address 4454
4455,Telugu,Male,2110117117,Name_4455,9000004455,Address 4455
4456,English,Female,2110117117,Name_4456,9000004456,Address 4456
4457,Hindi,Male,2110117117,Name_4457,9000004457,Address 4457
4458,Telugu,Female,2110117117,Name_4458,9000004458,Address 4458
4459,English,Male,2110117117,Name_4459,9000004459,Address 4459
4460,Hindi,Female,2110117117,Name_4460,9000004460,Address 4460
4461,Telugu,Male,2110117117,Name_4461,9000004461,Address 4461
4462,English,Female,2110117117,Name_4462,9000004462,Address 4462
4463,Hindi,Male,2110117117,Name_4463,9000004463,Address 4463
4464,Telugu,Female,2110117117,Name_4464,9000004464,Address 4464
4465,English,Male,2110117117,Name_4465,9000004465,Address 4465
4466,Hindi,Female,2110117117,Name_4466,9000004466,Address 4466
4467,Telugu,Male,2110117127,Name_4467,9000004467,Address 4467
4468,English,Female,2110117127,Name_4468,9000004468,Address 4468
4469,Hindi,Male,2110117127,Name_4469,9000004469,Address 4469
4470,Telugu,Female,2110117127,Name_4470,9000004470,Address 4470
4471,English,Male,2110117127,Name_4471,9000004471,Address 4471
4472,Hindi,Female,2110117127,Name_4472,9000004472,Address 4472
4473,Telugu,Male,2110117127,Name_4473,9000004473,Address 4473
4474,English,Female,2110117127,Name_4474,9000004474,Address 4474
4475,Hindi,Male,2110117127,Name_4475,9000004475,Address 4475
4476,Telugu,Female,2110117127,Name_4476,9000004476,Address 4476
4477,English,Male,2110117127,Name_4477,9000004477,Address 4477
4478,Hindi,Female,2110117127,Name_4478,9000004478,Address 4478
4479,Telugu,Male,2110117127,Name_4479,9000004479,Address 4479
4480,English,Female,2110117127,Name_4480,9000004480,Address 4480
4481,Hindi,Male,2110117127,Name_4481,9000004481,Address 4481
4482,Telugu,Female,2110117127,Name_4482,9000004482,Address 4482
4483,English,Male,2110117127,Name_4483,9000004483,Address 4483
4484,Hindi,Female,2110117127,Name_4484,9000004484,Address 4484
4485,Telugu,Male,2110117127,Name_4485,9000004485,Address 4485
4486,English,Female,2110117127,Name_4486,9000004486,Address 4486
4487,Hindi,Male,2110117127,Name_4487,9000004487,Address 4487
4488,Telugu,Female,2110117127,Name_4488,9000004488,Address 4488
4489,English,Male,2110117137,Name_4489,9000004489,Address 4489
4490,Hindi,Female,2110117137,Name_4490,9000004490,Address 4490
4491,Telugu,Male,2110117137,Name_4491,9000004491,Address 4491
4492,English,Female,2110117137,Name_4492,9000004492,Address 4492
4493,Hindi,Male,2110117137,Name_4493,9000004493,Address 4493
4494,Telugu,Female,2110117137,Name_4494,9000004494,Address 4494
4495,English,Male,2110117137,Name_4495,9000004495,Address 4495
4496,Hindi,Female,2110117137,Name_4496,9000004496,Address 4496
4497,Telugu,Male,2110117137,Name_4497,9000004497,Address 4497
4498,English,Female,2110117137,Name_4498,9000004498,Address 4498
4499,Hindi,Male,2110117137,Name_4499,9000004499,Address 4499
4500,Telugu,Female,2110117137,Name_4500,9000004500,Address 4500
4501,English,Male,2110117137,Name_4501,9000004501,Address 4501
4502,Hindi,Female,2110117137,Name_4502,9000004502,Address 4502
4503,Telugu,Male,2110117137,Name_4503,9000004503,Address 4503
4504,English,Female,2110117137,Name_4504,9000004504,Address 4504
4505,Hindi,Male,2110117137,Name_4505,9000004505,Address 4505
4506,Telugu,Female,2110117137,Name_4506,9000004506,Address 4506
4507,English,Male,2110117137,Name_4507,9000004507,Address 4507
4508,Hindi,Female,2110117137,Name_4508,9000004508,Address 4508
4509,Telugu,Male,2110117137,Name_4509,9000004509,Address 4509
4510,English,Female,2110117137,Name_4510,9000004510,Address 4510
4511,Hindi,Male,2110117139,Name_4511,9000004511,Address 4511
4512,Telugu,Female,2110117139,Name_4512,9000004512,Address 4512
4513,English,Male,2110117139,Name_4513,9000004513,Address 4513
4514,Hindi,Female,2110117139,Name_4514,9000004514,Address 4514
4515,Telugu,Male,2110117139,Name_4515,9000004515,Address 4515
4516,English,Female,2110117139,Name_4516,9000004516,Address 4516
4517,Hindi,Male,2110117139,Name_4517,9000004517,Address 4517
4518,Telugu,Female,2110117139,Name_4518,9000004518,Address 4518
4519,English,Male,2110117139,Name_4519,9000004519,Address 4519
4520,Hindi,Female,2110117139,Name_4520,9000004520,Address 4520
4521,Telugu,Male,2110117139,Name_4521,9000004521,Address 4521
4522,English,Female,2110117139,Name_4522,9000004522,Address 4522
4523,Hindi,Male,2110117139,Name_4523,9000004523,Address 4523
4524,Telugu,Female,2110117139,Name_4524,9000004524,Address 4524
4525,English,Male,2110117139,Name_4525,9000004525,Address 4525
4526,Hindi,Female,2110117139,Name_4526,9000004526,Address 4526
4527,Telugu,Male,2110117139,Name_4527,9000004527,Address 4527
4528,English,Female,2110117139,Name_4528,9000004528,Address 4528
4529,Hindi,Male,2110117139,Name_4529,9000004529,Address 4529
4530,Telugu,Female,2110117139,Name_4530,9000004530,Address 4530
4531,English,Male,2110117139,Name_4531,9000004531,Address 4531
4532,Hindi,Female,2110117139,Name_4532,9000004532,Address 4532
4533,Telugu,Male,211011786,Name_4533,9000004533,Address 4533
4534,English,Female,211011786,Name_4534,9000004534,Address 4534
4535,Hindi,Male,211011786,Name_4535,9000004535,Address 4535
4536,Telugu,Female,211011786,Name_4536,9000004536,Address 4536
4537,English,Male,211011786,Name_4537,9000004537,Address 4537
4538,Hindi,Female,211011786,Name_4538,9000004538,Address 4538
4539,Telugu,Male,211011786,Name_4539,9000004539,Address 4539
4540,English,Female,211011786,Name_4540,9000004540,Address 4540
4541,Hindi,Male,211011786,Name_4541,9000004541,Address 4541
4542,Telugu,Female,211011786,Name_4542,9000004542,Address 4542
4543,English,Male,211011786,Name_4543,9000004543,Address 4543
4544,Hindi,Female,211011786,Name_4544,9000004544,Address 4544
4545,Telugu,Male,211011786,Name_4545,9000004545,Address 4545
4546,English,Female,211011786,Name_4546,9000004546,Address 4546
4547,Hindi,Male,211011786,Name_4547,9000004547,Address 4547
4548,Telugu,Female,211011786,Name_4548,9000004548,Address 4548
4549,English,Male,211011786,Name_4549,9000004549,Address 4549
4550,Hindi,Female,211011786,Name_4550,9000004550,Address 4550
4551,Telugu,Male,211011786,Name_4551,9000004551,Address 4551
4552,English,Female,211011786,Name_4552,9000004552,Address 4552
4553,Hindi,Male,211011786,Name_4553,9000004553,Address 4553
4554,Telugu,Female,211011786,Name_4554,9000004554,Address 4554
4555,English,Male,211011789,Name_4555,9000004555,Address 4555
4556,Hindi,Female,211011789,Name_4556,9000004556,Address 4556
4557,Telugu,Male,211011789,Name_4557,9000004557,Address 4557
4558,English,Female,211011789,Name_4558,9000004558,Address 4558
4559,Hindi,Male,211011789,Name_4559,9000004559,Address 4559
4560,Telugu,Female,211011789,Name_4560,9000004560,Address 4560
4561,English,Male,211011789,Name_4561,9000004561,Address 4561
4562,Hindi,Female,211011789,Name_4562,9000004562,Address 4562
4563,Telugu,Male,211011789,Name_4563,9000004563,Address 4563
4564,English,Female,211011789,Name_4564,9000004564,Address 4564
4565,Hindi,Male,211011789,Name_4565,9000004565,Address 4565
4566,Telugu,Female,211011789,Name_4566,9000004566,Address 4566
4567,English,Male,211011789,Name_4567,9000004567,Address 4567
4568,Hindi,Female,211011789,Name_4568,9000004568,Address 4568
4569,Telugu,Male,211011789,Name_4569,9000004569,Address 4569
4570,English,Female,211011789,Name_4570,9000004570,Address 4570
4571,Hindi,Male,211011789,Name_4571,9000004571,Address 4571
4572,Telugu,Female,211011789,Name_4572,9000004572,Address 4572
4573,English,Male,211011789,Name_4573,9000004573,Address 4573
4574,Hindi,Female,211011789,Name_4574,9000004574,Address 4574
4575,Telugu,Male,211011789,Name_4575,9000004575,Address 4575
4576,English,Female,211011789,Name_4576,9000004576,Address 4576
4577,Hindi,Male,211011793,Name_4577,9000004577,Address 4577
4578,Telugu,Female,211011793,Name_4578,9000004578,Address 4578
4579,English,Male,211011793,Name_4579,9000004579,Address 4579
4580,Hindi,Female,211011793,Name_4580,9000004580,Address 4580
4581,Telugu,Male,211011793,Name_4581,9000004581,Address 4581
4582,English,Female,211011793,Name_4582,9000004582,Address 4582
4583,Hindi,Male,211011793,Name_4583,9000004583,Address 4583
4584,Telugu,Female,211011793,Name_4584,9000004584,Address 4584
4585,English,Male,211011793,Name_4585,9000004585,Address 4585
4586,Hindi,Female,211011793,Name_4586,9000004586,Address 4586
4587,Telugu,Male,211011793,Name_4587,9000004587,Address 4587
4588,English,Female,211011793,Name_4588,9000004588,Address 4588
4589,Hindi,Male,211011793,Name_4589,9000004589,Address 4589
4590,Telugu,Female,211011793,Name_4590,9000004590,Address 4590
4591,English,Male,211011793,Name_4591,9000004591,Address 4591
4592,Hindi,Female,211011793,Name_4592,9000004592,Address 4592
4593,Telugu,Male,211011793,Name_4593,9000004593,Address 4593
4594,English,Female,211011793,Name_4594,9000004594,Address 4594
4595,Hindi,Male,211011793,Name_4595,9000004595,Address 4595
4596,Telugu,Female,211011793,Name_4596,9000004596,Address 4596
4597,English,Male,211011793,Name_4597,9000004597,Address 4597
4598,Hindi,Female,211011793,Name_4598,9000004598,Address 4598
4599,Telugu,Male,211011798,Name_4599,9000004599,Address 4599
4600,English,Female,211011798,Name_4600,9000004600,Address 4600
4601,Hindi,Male,211011798,Name_4601,9000004601,Address 4601
4602,Telugu,Female,211011798,Name_4602,9000004602,Address 4602
4603,English,Male,211011798,Name_4603,9000004603,Address 4603
4604,Hindi,Female,211011798,Name_4604,9000004604,Address 4604
4605,Telugu,Male,211011798,Name_4605,9000004605,Address 4605
4606,English,Female,211011798,Name_4606,9000004606,Address 4606
4607,Hindi,Male,211011798,Name_4607,9000004607,Address 4607
4608,Telugu,Female,211011798,Name_4608,9000004608,Address 4608
4609,English,Male,211011798,Name_4609,9000004609,Address 4609
4610,Hindi,Female,211011798,Name_4610,9000004610,Address 4610
4611,Telugu,Male,211011798,Name_4611,9000004611,Address 4611
4612,English,Female,211011798,Name_4612,9000004612,Address 4612
4613,Hindi,Male,211011798,Name_4613,9000004613,Address 4613
4614,Telugu,Female,211011798,Name_4614,9000004614,Address 4614
4615,English,Male,211011798,Name_4615,9000004615,Address 4615
4616,Hindi,Female,211011798,Name_4616,9000004616,Address 4616
4617,Telugu,Male,211011798,Name_4617,9000004617,Address 4617
4618,English,Female,211011798,Name_4618,9000004618,Address 4618
4619,Hindi,Male,211011798,Name_4619,9000004619,Address 4619
4620,Telugu,Female,211011798,Name_4620,9000004620,Address 4620
4621,English,Male,211012047,Name_4621,9000004621,Address 4621
4622,Hindi,Female,211012047,Name_4622,9000004622,Address 4622
4623,Telugu,Male,211012047,Name_4623,9000004623,Address 4623
4624,English,Female,211012047,Name_4624,9000004624,Address 4624
4625,Hindi,Male,211012047,Name_4625,9000004625,Address 4625
4626,Telugu,Female,211012047,Name_4626,9000004626,Address 4626
4627,English,Male,211012047,Name_4627,9000004627,Address 4627
4628,Hindi,Female,211012047,Name_4628,9000004628,Address 4628
4629,Telugu,Male,211012047,Name_4629,9000004629,Address 4629
4630,English,Female,211012047,Name_4630,9000004630,Address 4630
4631,Hindi,Male,211012047,Name_4631,9000004631,Address 4631
4632,Telugu,Female,211012047,Name_4632,9000004632,Address 4632
4633,English,Male,211012047,Name_4633,9000004633,Address 4633
4634,Hindi,Female,211012047,Name_4634,9000004634,Address 4634
4635,Telugu,Male,211012047,Name_4635,9000004635,Address 4635
4636,English,Female,211012047,Name_4636,9000004636,Address 4636
4637,Hindi,Male,211012047,Name_4637,9000004637,Address 4637
4638,Telugu,Female,211012047,Name_4638,9000004638,Address 4638
4639,English,Male,211012047,Name_4639,9000004639,Address 4639
4640,Hindi,Female,211012047,Name_4640,9000004640,Address 4640
4641,Telugu,Male,211012047,Name_4641,9000004641,Address 4641
4642,English,Female,211012047,Name_4642,9000004642,Address 4642
4643,Hindi,Male,211012058,Name_4643,9000004643,Address 4643
4644,Telugu,Female,211012058,Name_4644,9000004644,Address 4644
4645,English,Male,211012058,Name_4645,9000004645,Address 4645
4646,Hindi,Female,211012058,Name_4646,9000004646,Address 4646
4647,Telugu,Male,211012058,Name_4647,9000004647,Address 4647
4648,English,Female,211012058,Name_4648,9000004648,Address 4648
4649,Hindi,Male,211012058,Name_4649,9000004649,Address 4649
4650,Telugu,Female,211012058,Name_4650,9000004650,Address 4650
4651,English,Male,211012058,Name_4651,9000004651,Address 4651
4652,Hindi,Female,211012058,Name_4652,9000004652,Address 4652
4653,Telugu,Male,211012058,Name_4653,9000004653,Address 4653
4654,English,Female,211012058,Name_4654,9000004654,Address 4654
4655,Hindi,Male,211012058,Name_4655,9000004655,Address 4655
4656,Telugu,Female,211012058,Name_4656,9000004656,Address 4656
4657,English,Male,211012058,Name_4657,9000004657,Address 4657
4658,Hindi,Female,211012058,Name_4658,9000004658,Address 4658
4659,Telugu,Male,211012058,Name_4659,9000004659,Address 4659
4660,English,Female,211012058,Name_4660,9000004660,Address 4660
4661,Hindi,Male,211012058,Name_4661,9000004661,Address 4661
4662,Telugu,Female,211012058,Name_4662,9000004662,Address 4662
4663,English,Male,211012058,Name_4663,9000004663,Address 4663
4664,Hindi,Female,211012058,Name_4664,9000004664,Address 4664
4665,Telugu,Male,211012066,Name_4665,9000004665,Address 4665
4666,English,Female,211012066,Name_4666,9000004666,Address 4666
4667,Hindi,Male,211012066,Name_4667,9000004667,Address 4667
4668,Telugu,Female,211012066,Name_4668,9000004668,Address 4668
4669,English,Male,211012066,Name_4669,9000004669,Address 4669
4670,Hindi,Female,211012066,Name_4670,9000004670,Address 4670
4671,Telugu,Male,211012066,Name_4671,9000004671,Address 4671
4672,English,Female,211012066,Name_4672,9000004672,Address 4672
4673,Hindi,Male,211012066,Name_4673,9000004673,Address 4673
4674,Telugu,Female,211012066,Name_4674,9000004674,Address 4674
4675,English,Male,211012066,Name_4675,9000004675,Address 4675
4676,Hindi,Female,211012066,Name_4676,9000004676,Address 4676
4677,Telugu,Male,211012066,Name_4677,9000004677,Address 4677
4678,English,Female,211012066,Name_4678,9000004678,Address 4678
4679,Hindi,Male,211012066,Name_4679,9000004679,Address 4679
4680,Telugu,Female,211012066,Name_4680,9000004680,Address 4680
4681,English,Male,211012066,Name_4681,9000004681,Address 4681
4682,Hindi,Female,211012066,Name_4682,9000004682,Address 4682
4683,Telugu,Male,211012066,Name_4683,9000004683,Address 4683
4684,English,Female,211012066,Name_4684,9000004684,Address 4684
4685,Hindi,Male,211012066,Name_4685,9000004685,Address 4685
4686,Telugu,Female,211012066,Name_4686,9000004686,Address 4686
4687,English,Male,211012070,Name_4687,9000004687,Address 4687
4688,Hindi,Female,211012070,Name_4688,9000004688,Address 4688
4689,Telugu,Male,211012070,Name_4689,9000004689,Address 4689
4690,English,Female,211012070,Name_4690,9000004690,Address 4690
4691,Hindi,Male,211012070,Name_4691,9000004691,Address 4691
4692,Telugu,Female,211012070,Name_4692,9000004692,Address 4692
4693,English,Male,211012070,Name_4693,9000004693,Address 4693
4694,Hindi,Female,211012070,Name_4694,9000004694,Address 4694
4695,Telugu,Male,211012070,Name_4695,9000004695,Address 4695
4696,English,Female,211012070,Name_4696,9000004696,Address 4696
4697,Hindi,Male,211012070,Name_4697,9000004697,Address 4697
4698,Telugu,Female,211012070,Name_4698,9000004698,Address 4698
4699,English,Male,211012070,Name_4699,9000004699,Address 4699
4700,Hindi,Female,211012070,Name_4700,9000004700,Address 4700
4701,Telugu,Male,211012070,Name_4701,9000004701,Address 4701
4702,English,Female,211012070,Name_4702,9000004702,Address 4702
4703,Hindi,Male,211012070,Name_4703,9000004703,Address 4703
4704,Telugu,Female,211012070,Name_4704,9000004704,Address 4704
4705,English,Male,211012070,Name_4705,9000004705,Address 4705
4706,Hindi,Female,211012070,Name_4706,9000004706,Address 4706
4707,Telugu,Male,211012070,Name_4707,9000004707,Address 4707
4708,English,Female,211012070,Name_4708,9000004708,Address 4708
4709,Hindi,Male,211012077,Name_4709,9000004709,Address 4709
4710,Telugu,Female,211012077,Name_4710,9000004710,Address 4710
4711,English,Male,211012077,Name_4711,9000004711,Address 4711
4712,Hindi,Female,211012077,Name_4712,9000004712,Address 4712
4713,Telugu,Male,211012077,Name_4713,9000004713,Address 4713
4714,English,Female,211012077,Name_4714,9000004714,Address 4714
4715,Hindi,Male,211012077,Name_4715,9000004715,Address 4715
4716,Telugu,Female,211012077,Name_4716,9000004716,Address 4716
4717,English,Male,211012077,Name_4717,9000004717,Address 4717
4718,Hindi,Female,211012077,Name_4718,9000004718,Address 4718
4719,Telugu,Male,211012077,Name_4719,9000004719,Address 4719
4720,English,Female,211012077,Name_4720,9000004720,Address 4720
4721,Hindi,Male,211012077,Name_4721,9000004721,Address 4721
4722,Telugu,Female,211012077,Name_4722,9000004722,Address 4722
4723,English,Male,211012077,Name_4723,9000004723,Address 4723
4724,Hindi,Female,211012077,Name_4724,9000004724,Address 4724
4725,Telugu,Male,211012077,Name_4725,9000004725,Address 4725
4726,English,Female,211012077,Name_4726,9000004726,Address 4726
4727,Hindi,Male,211012077,Name_4727,9000004727,Address 4727
4728,Telugu,Female,211012077,Name_4728,9000004728,Address 4728
4729,English,Male,211012077,Name_4729,9000004729,Address 4729
4730,Hindi,Female,211012077,Name_4730,9000004730,Address 4730
4731,Telugu,Male,2111122140,Name_4731,9000004731,Address 4731
4732,English,Female,2111122140,Name_4732,9000004732,Address 4732
4733,Hindi,Male,2111122140,Name_4733,9000004733,Address 4733
4734,Telugu,Female,2111122140,Name_4734,9000004734,Address 4734
4735,English,Male,2111122140,Name_4735,9000004735,Address 4735
4736,Hindi,Female,2111122140,Name_4736,9000004736,Address 4736
4737,Telugu,Male,2111122140,Name_4737,9000004737,Address 4737
4738,English,Female,2111122140,Name_4738,9000004738,Address 4738
4739,Hindi,Male,2111122140,Name_4739,9000004739,Address 4739
4740,Telugu,Female,2111122140,Name_4740,9000004740,Address 4740
4741,English,Male,2111122140,Name_4741,9000004741,Address 4741
4742,Hindi,Female,2111122140,Name_4742,9000004742,Address 4742
4743,Telugu,Male,2111122140,Name_4743,9000004743,Address 4743
4744,English,Female,2111122140,Name_4744,9000004744,Address 4744
4745,Hindi,Male,2111122140,Name_4745,9000004745,Address 4745
4746,Telugu,Female,2111122140,Name_4746,9000004746,Address 4746
4747,English,Male,2111122140,Name_4747,9000004747,Address 4747
4748,Hindi,Female,2111122140,Name_4748,9000004748,Address 4748
4749,Telugu,Male,2111122140,Name_4749,9000004749,Address 4749
4750,English,Female,2111122140,Name_4750,9000004750,Address 4750
4751,Hindi,Male,2111122140,Name_4751,9000004751,Address 4751
4752,Telugu,Female,2111122140,Name_4752,9000004752,Address 4752
4753,English,Male,2111122146,Name_4753,9000004753,Address 4753
4754,Hindi,Female,2111122146,Name_4754,9000004754,Address 4754
4755,Telugu,Male,2111122146,Name_4755,9000004755,Address 4755
4756,English,Female,2111122146,Name_4756,9000004756,Address 4756
4757,Hindi,Male,2111122146,Name_4757,9000004757,Address 4757
4758,Telugu,Female,2111122146,Name_4758,9000004758,Address 4758
4759,English,Male,2111122146,Name_4759,9000004759,Address 4759
4760,Hindi,Female,2111122146,Name_4760,9000004760,Address 4760
4761,Telugu,Male,2111122146,Name_4761,9000004761,Address 4761
4762,English,Female,2111122146,Name_4762,9000004762,Address 4762
4763,Hindi,Male,2111122146,Name_4763,9000004763,Address 4763
4764,Telugu,Female,2111122146,Name_4764,9000004764,Address 4764
4765,English,Male,2111122146,Name_4765,9000004765,Address 4765
4766,Hindi,Female,2111122146,Name_4766,9000004766,Address 4766
4767,Telugu,Male,2111122146,Name_4767,9000004767,Address 4767
4768,English,Female,2111122146,Name_4768,9000004768,Address 4768
4769,Hindi,Male,2111122146,Name_4769,9000004769,Address 4769
4770,Telugu,Female,2111122146,Name_4770,9000004770,Address 4770
4771,English,Male,2111122146,Name_4771,9000004771,Address 4771
4772,Hindi,Female,2111122146,Name_4772,9000004772,Address 4772
4773,Telugu,Male,2111122146,Name_4773,9000004773,Address 4773
4774,English,Female,2111122146,Name_4774,9000004774,Address 4774
4775,Hindi,Male,2111122152,Name_4775,9000004775,Address 4775
4776,Telugu,Female,2111122152,Name_4776,9000004776,Address 4776
4777,English,Male,2111122152,Name_4777,9000004777,Address 4777
4778,Hindi,Female,2111122152,Name_4778,9000004778,Address 4778
4779,Telugu,Male,2111122152,Name_4779,9000004779,Address 4779
4780,English,Female,2111122152,Name_4780,9000004780,Address 4780
4781,Hindi,Male,2111122152,Name_4781,9000004781,Address 4781
4782,Telugu,Female,2111122152,Name_4782,9000004782,Address 4782
4783,English,Male,2111122152,Name_4783,9000004783,Address 4783
4784,Hindi,Female,2111122152,Name_4784,9000004784,Address 4784
4785,Telugu,Male,2111122152,Name_4785,9000004785,Address 4785
4786,English,Female,2111122152,Name_4786,9000004786,Address 4786
4787,Hindi,Male,2111122152,Name_4787,9000004787,Address 4787
4788,Telugu,Female,2111122152,Name_4788,9000004788,Address 4788
4789,English,Male,2111122152,Name_4789,9000004789,Address 4789
4790,Hindi,Female,2111122152,Name_4790,9000004790,Address 4790
4791,Telugu,Male,2111122152,Name_4791,9000004791,Address 4791
4792,English,Female,2111122152,Name_4792,9000004792,Address 4792
4793,Hindi,Male,2111122152,Name_4793,9000004793,Address 4793
4794,Telugu,Female,2111122152,Name_4794,9000004794,Address 4794
4795,English,Male,2111122152,Name_4795,9000004795,Address 4795
4796,Hindi,Female,2111122152,Name_4796,9000004796,Address 4796
4797,Telugu,Male,2111122154,Name_4797,9000004797,Address 4797
4798,English,Female,2111122154,Name_4798,9000004798,Address 4798
4799,Hindi,Male,2111122154,Name_4799,9000004799,Address 4799
4800,Telugu,Female,2111122154,Name_4800,9000004800,Address 4800
4801,English,Male,2111122154,Name_4801,9000004801,Address 4801
4802,Hindi,Female,2111122154,Name_4802,9000004802,Address 4802
4803,Telugu,Male,2111122154,Name_4803,9000004803,Address 4803
4804,English,Female,2111122154,Name_4804,9000004804,Address 4804
4805,Hindi,Male,2111122154,Name_4805,9000004805,Address 4805
4806,Telugu,Female,2111122154,Name_4806,9000004806,Address 4806
4807,English,Male,2111122154,Name_4807,9000004807,Address 4807
4808,Hindi,Female,2111122154,Name_4808,9000004808,Address 4808
4809,Telugu,Male,2111122154,Name_4809,9000004809,Address 4809
4810,English,Female,2111122154,Name_4810,9000004810,Address 4810
4811,Hindi,Male,2111122154,Name_4811,9000004811,Address 4811
4812,Telugu,Female,2111122154,Name_4812,9000004812,Address 4812
4813,English,Male,2111122154,Name_4813,9000004813,Address 4813
4814,Hindi,Female,2111122154,Name_4814,9000004814,Address 4814
4815,Telugu,Male,2111122154,Name_4815,9000004815,Address 4815
4816,English,Female,2111122154,Name_4816,9000004816,Address 4816
4817,Hindi,Male,2111122154,Name_4817,9000004817,Address 4817
4818,Telugu,Female,2111122154,Name_4818,9000004818,Address 4818
4819,English,Male,2111122156,Name_4819,9000004819,Address 4819
4820,Hindi,Female,2111122156,Name_4820,9000004820,Address 4820
4821,Telugu,Male,2111122156,Name_4821,9000004821,Address 4821
4822,English,Female,2111122156,Name_4822,9000004822,Address 4822
4823,Hindi,Male,2111122156,Name_4823,9000004823,Address 4823
4824,Telugu,Female,2111122156,Name_4824,9000004824,Address 4824
4825,English,Male,2111122156,Name_4825,9000004825,Address 4825
4826,Hindi,Female,2111122156,Name_4826,9000004826,Address 4826
4827,Telugu,Male,2111122156,Name_4827,9000004827,Address 4827
4828,English,Female,2111122156,Name_4828,9000004828,Address 4828
4829,Hindi,Male,2111122156,Name_4829,9000004829,Address 4829
4830,Telugu,Female,2111122156,Name_4830,9000004830,Address 4830
4831,English,Male,2111122156,Name_4831,9000004831,Address 4831
4832,Hindi,Female,2111122156,Name_4832,9000004832,Address 4832
4833,Telugu,Male,2111122156,Name_4833,9000004833,Address 4833
4834,English,Female,2111122156,Name_4834,9000004834,Address 4834
4835,Hindi,Male,2111122156,Name_4835,9000004835,Address 4835
4836,Telugu,Female,2111122156,Name_4836,9000004836,Address 4836
4837,English,Male,2111122156,Name_4837,9000004837,Address 4837
4838,Hindi,Female,2111122156,Name_4838,9000004838,Address 4838
4839,Telugu,Male,2111122156,Name_4839,9000004839,Address 4839
4840,English,Female,2111122156,Name_4840,9000004840,Address 4840
4841,Hindi,Male,2111122160,Name_4841,9000004841,Address 4841
4842,Telugu,Female,2111122160,Name_4842,9000004842,Address 4842
4843,English,Male,2111122160,Name_4843,9000004843,Address 4843
4844,Hindi,Female,2111122160,Name_4844,9000004844,Address 4844
4845,Telugu,Male,2111122160,Name_4845,9000004845,Address 4845
4846,English,Female,2111122160,Name_4846,9000004846,Address 4846
4847,Hindi,Male,2111122160,Name_4847,9000004847,Address 4847
4848,Telugu,Female,2111122160,Name_4848,9000004848,Address 4848
4849,English,Male,2111122160,Name_4849,9000004849,Address 4849
4850,Hindi,Female,2111122160,Name_4850,9000004850,Address 4850
4851,Telugu,Male,2111122160,Name_4851,9000004851,Address 4851
4852,English,Female,2111122160,Name_4852,9000004852,Address 4852
4853,Hindi,Male,2111122160,Name_4853,9000004853,Address 4853
4854,Telugu,Female,2111122160,Name_4854,9000004854,Address 4854
4855,English,Male,2111122160,Name_4855,9000004855,Address 4855
4856,Hindi,Female,2111122160,Name_4856,9000004856,Address 4856
4857,Telugu,Male,2111122160,Name_4857,9000004857,Address 4857
4858,English,Female,2111122160,Name_4858,9000004858,Address 4858
4859,Hindi,Male,2111122160,Name_4859,9000004859,Address 4859
4860,Telugu,Female,2111122160,Name_4860,9000004860,Address 4860
4861,English,Male,2111122160,Name_4861,9000004861,Address 4861
4862,Hindi,Female,2111122160,Name_4862,9000004862,Address 4862
4863,Telugu,Male,2111122165,Name_4863,9000004863,Address 4863
4864,English,Female,2111122165,Name_4864,9000004864,Address 4864
4865,Hindi,Male,2111122165,Name_4865,9000004865,Address 4865
4866,Telugu,Female,2111122165,Name_4866,9000004866,Address 4866
4867,English,Male,2111122165,Name_4867,9000004867,Address 4867
4868,Hindi,Female,2111122165,Name_4868,9000004868,Address 4868
4869,Telugu,Male,2111122165,Name_4869,9000004869,Address 4869
4870,English,Female,2111122165,Name_4870,9000004870,Address 4870
4871,Hindi,Male,2111122165,Name_4871,9000004871,Address 4871
4872,Telugu,Female,2111122165,Name_4872,9000004872,Address 4872
4873,English,Male,2111122165,Name_4873,9000004873,Address 4873
4874,Hindi,Female,2111122165,Name_4874,9000004874,Address 4874
4875,Telugu,Male,2111122165,Name_4875,9000004875,Address 4875
4876,English,Female,2111122165,Name_4876,9000004876,Address 4876
4877,Hindi,Male,2111122165,Name_4877,9000004877,Address 4877
4878,Telugu,Female,2111122165,Name_4878,9000004878,Address 4878
4879,English,Male,2111122165,Name_4879,9000004879,Address 4879
4880,Hindi,Female,2111122165,Name_4880,9000004880,Address 4880
4881,Telugu,Male,2111122165,Name_4881,9000004881,Address 4881
4882,English,Female,2111122165,Name_4882,9000004882,Address 4882
4883,Hindi,Male,2111122165,Name_4883,9000004883,Address 4883
4884,Telugu,Female,2111122165,Name_4884,9000004884,Address 4884
4885,English,Male,2111122173,Name_4885,9000004885,Address 4885
4886,Hindi,Female,2111122173,Name_4886,9000004886,Address 4886
4887,Telugu,Male,2111122173,Name_4887,9000004887,Address 4887
4888,English,Female,2111122173,Name_4888,9000004888,Address 4888
4889,Hindi,Male,2111122173,Name_4889,9000004889,Address 4889
4890,Telugu,Female,2111122173,Name_4890,9000004890,Address 4890
4891,English,Male,2111122173,Name_4891,9000004891,Address 4891
4892,Hindi,Female,2111122173,Name_4892,9000004892,Address 4892
4893,Telugu,Male,2111122173,Name_4893,9000004893,Address 4893
4894,English,Female,2111122173,Name_4894,9000004894,Address 4894
4895,Hindi,Male,2111122173,Name_4895,9000004895,Address 4895
4896,Telugu,Female,2111122173,Name_4896,9000004896,Address 4896
4897,English,Male,2111122173,Name_4897,9000004897,Address 4897
4898,Hindi,Female,2111122173,Name_4898,9000004898,Address 4898
4899,Telugu,Male,2111122173,Name_4899,9000004899,Address 4899
4900,English,Female,2111122173,Name_4900,9000004900,Address 4900
4901,Hindi,Male,2111122173,Name_4901,9000004901,Address 4901
4902,Telugu,Female,2111122173,Name_4902,9000004902,Address 4902
4903,English,Male,2111122173,Name_4903,9000004903,Address 4903
4904,Hindi,Female,2111122173,Name_4904,9000004904,Address 4904
4905,Telugu,Male,2111122173,Name_4905,9000004905,Address 4905
4906,English,Female,2111122173,Name_4906,9000004906,Address 4906
4907,Hindi,Male,2111123110,Name_4907,9000004907,Address 4907
4908,Telugu,Female,2111123110,Name_4908,9000004908,Address 4908
4909,English,Male,2111123110,Name_4909,9000004909,Address 4909
4910,Hindi,Female,2111123110,Name_4910,9000004910,Address 4910
4911,Telugu,Male,2111123110,Name_4911,9000004911,Address 4911
4912,English,Female,2111123110,Name_4912,9000004912,Address 4912
4913,Hindi,Male,2111123110,Name_4913,9000004913,Address 4913
4914,Telugu,Female,2111123110,Name_4914,9000004914,Address 4914
4915,English,Male,2111123110,Name_4915,9000004915,Address 4915
4916,Hindi,Female,2111123110,Name_4916,9000004916,Address 4916
4917,Telugu,Male,2111123110,Name_4917,9000004917,Address 4917
4918,English,Female,2111123110,Name_4918,9000004918,Address 4918
4919,Hindi,Male,2111123110,Name_4919,9000004919,Address 4919
4920,Telugu,Female,2111123110,Name_4920,9000004920,Address 4920
4921,English,Male,2111123110,Name_4921,9000004921,Address 4921
4922,Hindi,Female,2111123110,Name_4922,9000004922,Address 4922
4923,Telugu,Male,2111123110,Name_4923,9000004923,Address 4923
4924,English,Female,2111123110,Name_4924,9000004924,Address 4924
4925,Hindi,Male,2111123110,Name_4925,9000004925,Address 4925
4926,Telugu,Female,2111123110,Name_4926,9000004926,Address 4926
4927,English,Male,2111123110,Name_4927,9000004927,Address 4927
4928,Hindi,Female,2111123110,Name_4928,9000004928,Address 4928
4929,Telugu,Male,2111123118,Name_4929,9000004929,Address 4929
4930,English,Female,2111123118,Name_4930,9000004930,Address 4930
4931,Hindi,Male,2111123118,Name_4931,9000004931,Address 4931
4932,Telugu,Female,2111123118,Name_4932,9000004932,Address 4932
4933,English,Male,2111123118,Name_4933,9000004933,Address 4933
4934,Hindi,Female,2111123118,Name_4934,9000004934,Address 4934
4935,Telugu,Male,2111123118,Name_4935,9000004935,Address 4935
4936,English,Female,2111123118,Name_4936,9000004936,Address 4936
4937,Hindi,Male,2111123118,Name_4937,9000004937,Address 4937
4938,Telugu,Female,2111123118,Name_4938,9000004938,Address 4938
4939,English,Male,2111123118,Name_4939,9000004939,Address 4939
4940,Hindi,Female,2111123118,Name_4940,9000004940,Address 4940
4941,Telugu,Male,2111123118,Name_4941,9000004941,Address 4941
4942,English,Female,2111123118,Name_4942,9000004942,Address 4942
4943,Hindi,Male,2111123118,Name_4943,9000004943,Address 4943
4944,Telugu,Female,2111123118,Name_4944,9000004944,Address 4944
4945,English,Male,2111123118,Name_4945,9000004945,Address 4945
4946,Hindi,Female,2111123118,Name_4946,9000004946,Address 4946
4947,Telugu,Male,2111123118,Name_4947,9000004947,Address 4947
4948,English,Female,2111123118,Name_4948,9000004948,Address 4948
4949,Hindi,Male,2111123118,Name_4949,9000004949,Address 4949
4950,Telugu,Female,2111123118,Name_4950,9000004950,Address 4950
4951,English,Male,2111123120,Name_4951,9000004951,Address 4951
4952,Hindi,Female,2111123120,Name_4952,9000004952,Address 4952
4953,Telugu,Male,2111123120,Name_4953,9000004953,Address 4953
4954,English,Female,2111123120,Name_4954,9000004954,Address 4954
4955,Hindi,Male,2111123120,Name_4955,9000004955,Address 4955
4956,Telugu,Female,2111123120,Name_4956,9000004956,Address 4956
4957,English,Male,2111123120,Name_4957,9000004957,Address 4957
4958,Hindi,Female,2111123120,Name_4958,9000004958,Address 4958
4959,Telugu,Male,2111123120,Name_4959,9000004959,Address 4959
4960,English,Female,2111123120,Name_4960,9000004960,Address 4960
4961,Hindi,Male,2111123120,Name_4961,9000004961,Address 4961
4962,Telugu,Female,2111123120,Name_4962,9000004962,Address 4962
4963,English,Male,2111123120,Name_4963,9000004963,Address 4963
4964,Hindi,Female,2111123120,Name_4964,9000004964,Address 4964
4965,Telugu,Male,2111123120,Name_4965,9000004965,Address 4965
4966,English,Female,2111123120,Name_4966,9000004966,Address 4966
4967,Hindi,Male,2111123120,Name_4967,9000004967,Address 4967
4968,Telugu,Female,2111123120,Name_4968,9000004968,Address 4968
4969,English,Male,2111123120,Name_4969,9000004969,Address 4969
4970,Hindi,Female,2111123120,Name_4970,9000004970,Address 4970
4971,Telugu,Male,2111123120,Name_4971,9000004971,Address 4971
4972,English,Female,2111123120,Name_4972,9000004972,Address 4972
4973,Hindi,Male,2111123127,Name_4973,9000004973,Address 4973
4974,Telugu,Female,2111123127,Name_4974,9000004974,Address 4974
4975,English,Male,2111123127,Name_4975,9000004975,Address 4975
4976,Hindi,Female,2111123127,Name_4976,9000004976,Address 4976
4977,Telugu,Male,2111123127,Name_4977,9000004977,Address 4977
4978,English,Female,2111123127,Name_4978,9000004978,Address 4978
4979,Hindi,Male,2111123127,Name_4979,9000004979,Address 4979
4980,Telugu,Female,2111123127,Name_4980,9000004980,Address 4980
4981,English,Male,2111123127,Name_4981,9000004981,Address 4981
4982,Hindi,Female,2111123127,Name_4982,9000004982,Address 4982
4983,Telugu,Male,2111123127,Name_4983,9000004983,Address 4983
4984,English,Female,2111123127,Name_4984,9000004984,Address 4984
4985,Hindi,Male,2111123127,Name_4985,9000004985,Address 4985
4986,Telugu,Female,2111123127,Name_4986,9000004986,Address 4986
4987,English,Male,2111123127,Name_4987,9000004987,Address 4987
4988,Hindi,Female,2111123127,Name_4988,9000004988,Address 4988
4989,Telugu,Male,2111123127,Name_4989,9000004989,Address 4989
4990,English,Female,2111123127,Name_4990,9000004990,Address 4990
4991,Hindi,Male,2111123127,Name_4991,9000004991,Address 4991
4992,Telugu,Female,2111123127,Name_4992,9000004992,Address 4992
4993,English,Male,2111123127,Name_4993,9000004993,Address 4993
4994,Hindi,Female,2111123127,Name_4994,9000004994,Address 4994
4995,Telugu,Male,2111123128,Name_4995,9000004995,Address 4995
4996,English,Female,2111123128,Name_4996,9000004996,Address 4996
4997,Hindi,Male,2111123128,Name_4997,9000004997,Address 4997
4998,Telugu,Female,2111123128,Name_4998,9000004998,Address 4998
4999,English,Male,2111123128,Name_4999,9000004999,Address 4999
5000,Hindi,Female,2111123128,Name_5000,9000005000,Address 5000
5001,Telugu,Male,2111123128,Name_5001,9000005001,Address 5001
5002,English,Female,2111123128,Name_5002,9000005002,Address 5002
5003,Hindi,Male,2111123128,Name_5003,9000005003,Address 5003
5004,Telugu,Female,2111123128,Name_5004,9000005004,Address 5004
5005,English,Male,2111123128,Name_5005,9000005005,Address 5005
5006,Hindi,Female,2111123128,Name_5006,9000005006,Address 5006
5007,Telugu,Male,2111123128,Name_5007,9000005007,Address 5007
5008,English,Female,2111123128,Name_5008,9000005008,Address 5008
5009,Hindi,Male,2111123128,Name_5009,9000005009,Address 5009
5010,Telugu,Female,2111123128,Name_5010,9000005010,Address 5010
5011,English,Male,2111123128,Name_5011,9000005011,Address 5011
5012,Hindi,Female,2111123128,Name_5012,9000005012,Address 5012
5013,Telugu,Male,2111123128,Name_5013,9000005013,Address 5013
5014,English,Female,2111123128,Name_5014,9000005014,Address 5014
5015,Hindi,Male,2111123128,Name_5015,9000005015,Address 5015
5016,Telugu,Female,2111123128,Name_5016,9000005016,Address 5016
5017,English,Male,211112346,Name_5017,9000005017,Address 5017
5018,Hindi,Female,211112346,Name_5018,9000005018,Address 5018
5019,Telugu,Male,211112346,Name_5019,9000005019,Address 5019
5020,English,Female,211112346,Name_5020,9000005020,Address 5020
5021,Hindi,Male,211112346,Name_5021,9000005021,Address 5021
5022,Telugu,Female,211112346,Name_5022,9000005022,Address 5022
5023,English,Male,211112346,Name_5023,9000005023,Address 5023
5024,Hindi,Female,211112346,Name_5024,9000005024,Address 5024
5025,Telugu,Male,211112346,Name_5025,9000005025,Address 5025
5026,English,Female,211112346,Name_5026,9000005026,Address 5026
5027,Hindi,Male,211112346,Name_5027,9000005027,Address 5027
5028,Telugu,Female,211112346,Name_5028,9000005028,Address 5028
5029,English,Male,211112346,Name_5029,9000005029,Address 5029
5030,Hindi,Female,211112346,Name_5030,9000005030,Address 5030
5031,Telugu,Male,211112346,Name_5031,9000005031,Address 5031
5032,English,Female,211112346,Name_5032,9000005032,Address 5032
5033,Hindi,Male,211112346,Name_5033,9000005033,Address 5033
5034,Telugu,Female,211112346,Name_5034,9000005034,Address 5034
5035,English,Male,211112346,Name_5035,9000005035,Address 5035
5036,Hindi,Female,211112346,Name_5036,9000005036,Address 5036
5037,Telugu,Male,211112346,Name_5037,9000005037,Address 5037
5038,English,Female,211112346,Name_5038,9000005038,Address 5038
5039,Hindi,Male,211112349,Name_5039,9000005039,Address 5039
5040,Telugu,Female,211112349,Name_5040,9000005040,Address 5040
5041,English,Male,211112349,Name_5041,9000005041,Address 5041
5042,Hindi,Female,211112349,Name_5042,9000005042,Address 5042
5043,Telugu,Male,211112349,Name_5043,9000005043,Address 5043
5044,English,Female,211112349,Name_5044,9000005044,Address 5044
5045,Hindi,Male,211112349,Name_5045,9000005045,Address 5045
5046,Telugu,Female,211112349,Name_5046,9000005046,Address 5046
5047,English,Male,211112349,Name_5047,9000005047,Address 5047
5048,Hindi,Female,211112349,Name_5048,9000005048,Address 5048
5049,Telugu,Male,211112349,Name_5049,9000005049,Address 5049
5050,English,Female,211112349,Name_5050,9000005050,Address 5050
5051,Hindi,Male,211112349,Name_5051,9000005051,Address 5051
5052,Telugu,Female,211112349,Name_5052,9000005052,Address 5052
5053,English,Male,211112349,Name_5053,9000005053,Address 5053
5054,Hindi,Female,211112349,Name_5054,9000005054,Address 5054
5055,Telugu,Male,211112349,Name_5055,9000005055,Address 5055
5056,English,Female,211112349,Name_5056,9000005056,Address 5056
5057,Hindi,Male,211112349,Name_5057,9000005057,Address 5057
5058,Telugu,Female,211112349,Name_5058,9000005058,Address 5058
5059,English,Male,211112349,Name_5059,9000005059,Address 5059
5060,Hindi,Female,211112349,Name_5060,9000005060,Address 5060
5061,Telugu,Male,211112363,Name_5061,9000005061,Address 5061
5062,English,Female,211112363,Name_5062,9000005062,Address 5062
5063,Hindi,Male,211112363,Name_5063,9000005063,Address 5063
5064,Telugu,Female,211112363,Name_5064,9000005064,Address 5064
5065,English,Male,211112363,Name_5065,9000005065,Address 5065
5066,Hindi,Female,211112363,Name_5066,9000005066,Address 5066
5067,Telugu,Male,211112363,Name_5067,9000005067,Address 5067
5068,English,Female,211112363,Name_5068,9000005068,Address 5068
5069,Hindi,Male,211112363,Name_5069,9000005069,Address 5069
5070,Telugu,Female,211112363,Name_5070,9000005070,Address 5070
5071,English,Male,211112363,Name_5071,9000005071,Address 5071
5072,Hindi,Female,211112363,Name_5072,9000005072,Address 5072
5073,Telugu,Male,211112363,Name_5073,9000005073,Address 5073
5074,English,Female,211112363,Name_5074,9000005074,Address 5074
5075,Hindi,Male,211112363,Name_5075,9000005075,Address 5075
5076,Telugu,Female,211112363,Name_5076,9000005076,Address 5076
5077,English,Male,211112363,Name_5077,9000005077,Address 5077
5078,Hindi,Female,211112363,Name_5078,9000005078,Address 5078
5079,Telugu,Male,211112363,Name_5079,9000005079,Address 5079
5080,English,Female,211112363,Name_5080,9000005080,Address 5080
5081,Hindi,Male,211112363,Name_5081,9000005081,Address 5081
5082,Telugu,Female,211112363,Name_5082,9000005082,Address 5082
5083,English,Male,211112365,Name_5083,9000005083,Address 5083
5084,Hindi,Female,211112365,Name_5084,9000005084,Address 5084
5085,Telugu,Male,211112365,Name_5085,9000005085,Address 5085
5086,English,Female,211112365,Name_5086,9000005086,Address 5086
5087,Hindi,Male,211112365,Name_5087,9000005087,Address 5087
5088,Telugu,Female,211112365,Name_5088,9000005088,Address 5088
5089,English,Male,211112365,Name_5089,9000005089,Address 5089
5090,Hindi,Female,211112365,Name_5090,9000005090,Address 5090
5091,Telugu,Male,211112365,Name_5091,9000005091,Address 5091
5092,English,Female,211112365,Name_5092,9000005092,Address 5092
5093,Hindi,Male,211112365,Name_5093,9000005093,Address 5093
5094,Telugu,Female,211112365,Name_5094,9000005094,Address 5094
5095,English,Male,211112365,Name_5095,9000005095,Address 5095
5096,Hindi,Female,211112365,Name_5096,9000005096,Address 5096
5097,Telugu,Male,211112365,Name_5097,9000005097,Address 5097
5098,English,Female,211112365,Name_5098,9000005098,Address 5098
5099,Hindi,Male,211112365,Name_5099,9000005099,Address 5099
5100,Telugu,Female,211112365,Name_5100,9000005100,Address 5100
5101,English,Male,211112365,Name_5101,9000005101,Address 5101
5102,Hindi,Female,211112365,Name_5102,9000005102,Address 5102
5103,Telugu,Male,211112365,Name_5103,9000005103,Address 5103
5104,English,Female,211112365,Name_5104,9000005104,Address 5104
5105,Hindi,Male,211112366,Name_5105,9000005105,Address 5105
5106,Telugu,Female,211112366,Name_5106,9000005106,Address 5106
5107,English,Male,211112366,Name_5107,9000005107,Address 5107
5108,Hindi,Female,211112366,Name_5108,9000005108,Address 5108
5109,Telugu,Male,211112366,Name_5109,9000005109,Address 5109
5110,English,Female,211112366,Name_5110,9000005110,Address 5110
5111,Hindi,Male,211112366,Name_5111,9000005111,Address 5111
5112,Telugu,Female,211112366,Name_5112,9000005112,Address 5112
5113,English,Male,211112366,Name_5113,9000005113,Address 5113
5114,Hindi,Female,211112366,Name_5114,9000005114,Address 5114
5115,Telugu,Male,211112366,Name_5115,9000005115,Address 5115
5116,English,Female,211112366,Name_5116,9000005116,Address 5116
5117,Hindi,Male,211112366,Name_5117,9000005117,Address 5117
5118,Telugu,Female,211112366,Name_5118,9000005118,Address 5118
5119,English,Male,211112366,Name_5119,9000005119,Address 5119
5120,Hindi,Female,211112366,Name_5120,9000005120,Address 5120
5121,Telugu,Male,211112366,Name_5121,9000005121,Address 5121
5122,English,Female,211112366,Name_5122,9000005122,Address 5122
5123,Hindi,Male,211112366,Name_5123,9000005123,Address 5123
5124,Telugu,Female,211112366,Name_5124,9000005124,Address 5124
5125,English,Male,211112366,Name_5125,9000005125,Address 5125
5126,Hindi,Female,211112366,Name_5126,9000005126,Address 5126
5127,Telugu,Male,211112367,Name_5127,9000005127,Address 5127
5128,English,Female,211112367,Name_5128,9000005128,Address 5128
5129,Hindi,Male,211112367,Name_5129,9000005129,Address 5129
5130,Telugu,Female,211112367,Name_5130,9000005130,Address 5130
5131,English,Male,211112367,Name_5131,9000005131,Address 5131
5132,Hindi,Female,211112367,Name_5132,9000005132,Address 5132
5133,Telugu,Male,211112367,Name_5133,9000005133,Address 5133
5134,English,Female,211112367,Name_5134,9000005134,Address 5134
5135,Hindi,Male,211112367,Name_5135,9000005135,Address 5135
5136,Telugu,Female,211112367,Name_5136,9000005136,Address 5136
5137,English,Male,211112367,Name_5137,9000005137,Address 5137
5138,Hindi,Female,211112367,Name_5138,9000005138,Address 5138
5139,Telugu,Male,211112367,Name_5139,9000005139,Address 5139
5140,English,Female,211112367,Name_5140,9000005140,Address 5140
5141,Hindi,Male,211112367,Name_5141,9000005141,Address 5141
5142,Telugu,Female,211112367,Name_5142,9000005142,Address 5142
5143,English,Male,211112367,Name_5143,9000005143,Address 5143
5144,Hindi,Female,211112367,Name_5144,9000005144,Address 5144
5145,Telugu,Male,211112367,Name_5145,9000005145,Address 5145
5146,English,Female,211112367,Name_5146,9000005146,Address 5146
5147,Hindi,Male,211112367,Name_5147,9000005147,Address 5147
5148,Telugu,Female,211112367,Name_5148,9000005148,Address 5148
5149,English,Male,211112373,Name_5149,9000005149,Address 5149
5150,Hindi,Female,211112373,Name_5150,9000005150,Address 5150
5151,Telugu,Male,211112373,Name_5151,9000005151,Address 5151
5152,English,Female,211112373,Name_5152,9000005152,Address 5152
5153,Hindi,Male,211112373,Name_5153,9000005153,Address 5153
5154,Telugu,Female,211112373,Name_5154,9000005154,Address 5154
5155,English,Male,211112373,Name_5155,9000005155,Address 5155
5156,Hindi,Female,211112373,Name_5156,9000005156,Address 5156
5157,Telugu,Male,211112373,Name_5157,9000005157,Address 5157
5158,English,Female,211112373,Name_5158,9000005158,Address 5158
5159,Hindi,Male,211112373,Name_5159,9000005159,Address 5159
5160,Telugu,Female,211112373,Name_5160,9000005160,Address 5160
5161,English,Male,211112373,Name_5161,9000005161,Address 5161
5162,Hindi,Female,211112373,Name_5162,9000005162,Address 5162
5163,Telugu,Male,211112373,Name_5163,9000005163,Address 5163
5164,English,Female,211112373,Name_5164,9000005164,Address 5164
5165,Hindi,Male,211112373,Name_5165,9000005165,Address 5165
5166,Telugu,Female,211112373,Name_5166,9000005166,Address 5166
5167,English,Male,211112373,Name_5167,9000005167,Address 5167
5168,Hindi,Female,211112373,Name_5168,9000005168,Address 5168
5169,Telugu,Male,211112373,Name_5169,9000005169,Address 5169
5170,English,Female,211112373,Name_5170,9000005170,Address 5170
5171,Hindi,Male,211112376,Name_5171,9000005171,Address 5171
5172,Telugu,Female,211112376,Name_5172,9000005172,Address 5172
5173,English,Male,211112376,Name_5173,9000005173,Address 5173
5174,Hindi,Female,211112376,Name_5174,9000005174,Address 5174
5175,Telugu,Male,211112376,Name_5175,9000005175,Address 5175
5176,English,Female,211112376,Name_5176,9000005176,Address 5176
5177,Hindi,Male,211112376,Name_5177,9000005177,Address 5177
5178,Telugu,Female,211112376,Name_5178,9000005178,Address 5178
5179,English,Male,211112376,Name_5179,9000005179,Address 5179
5180,Hindi,Female,211112376,Name_5180,9000005180,Address 5180
5181,Telugu,Male,211112376,Name_5181,9000005181,Address 5181
5182,English,Female,211112376,Name_5182,9000005182,Address 5182
5183,Hindi,Male,211112376,Name_5183,9000005183,Address 5183
5184,Telugu,Female,211112376,Name_5184,9000005184,Address 5184
5185,English,Male,211112376,Name_5185,9000005185,Address 5185
5186,Hindi,Female,211112376,Name_5186,9000005186,Address 5186
5187,Telugu,Male,211112376,Name_5187,9000005187,Address 5187
5188,English,Female,211112376,Name_5188,9000005188,Address 5188
5189,Hindi,Male,211112376,Name_5189,9000005189,Address 5189
5190,Telugu,Female,211112376,Name_5190,9000005190,Address 5190
5191,English,Male,211112376,Name_5191,9000005191,Address 5191
5192,Hindi,Female,211112376,Name_5192,9000005192,Address 5192
5193,Telugu,Male,211112384,Name_5193,9000005193,Address 5193
5194,English,Female,211112384,Name_5194,9000005194,Address 5194
5195,Hindi,Male,211112384,Name_5195,9000005195,Address 5195
5196,Telugu,Female,211112384,Name_5196,9000005196,Address 5196
5197,English,Male,211112384,Name_5197,9000005197,Address 5197
5198,Hindi,Female,211112384,Name_5198,9000005198,Address 5198
5199,Telugu,Male,211112384,Name_5199,9000005199,Address 5199
5200,English,Female,211112384,Name_5200,9000005200,Address 5200
5201,Hindi,Male,211112384,Name_5201,9000005201,Address 5201
5202,Telugu,Female,211112384,Name_5202,9000005202,Address 5202
5203,English,Male,211112384,Name_5203,9000005203,Address 5203
5204,Hindi,Female,211112384,Name_5204,9000005204,Address 5204
5205,Telugu,Male,211112384,Name_5205,9000005205,Address 5205
5206,English,Female,211112384,Name_5206,9000005206,Address 5206
5207,Hindi,Male,211112384,Name_5207,9000005207,Address 5207
5208,Telugu,Female,211112384,Name_5208,9000005208,Address 5208
5209,English,Male,211112384,Name_5209,9000005209,Address 5209
5210,Hindi,Female,211112384,Name_5210,9000005210,Address 5210
5211,Telugu,Male,211112384,Name_5211,9000005211,Address 5211
5212,English,Female,211112384,Name_5212,9000005212,Address 5212
5213,Hindi,Male,211112384,Name_5213,9000005213,Address 5213
5214,Telugu,Female,211112384,Name_5214,9000005214,Address 5214
5215,English,Male,211112390,Name_5215,9000005215,Address 5215
5216,Hindi,Female,211112390,Name_5216,9000005216,Address 5216
5217,Telugu,Male,211112390,Name_5217,9000005217,Address 5217
5218,English,Female,211112390,Name_5218,9000005218,Address 5218
5219,Hindi,Male,211112390,Name_5219,9000005219,Address 5219
5220,Telugu,Female,211112390,Name_5220,9000005220,Address 5220
5221,English,Male,211112390,Name_5221,9000005221,Address 5221
5222,Hindi,Female,211112390,Name_5222,9000005222,Address 5222
5223,Telugu,Male,211112390,Name_5223,9000005223,Address 5223
5224,English,Female,211112390,Name_5224,9000005224,Address 5224
5225,Hindi,Male,211112390,Name_5225,9000005225,Address 5225
5226,Telugu,Female,211112390,Name_5226,9000005226,Address 5226
5227,English,Male,211112390,Name_5227,9000005227,Address 5227
5228,Hindi,Female,211112390,Name_5228,9000005228,Address 5228
5229,Telugu,Male,211112390,Name_5229,9000005229,Address 5229
5230,English,Female,211112390,Name_5230,9000005230,Address 5230
5231,Hindi,Male,211112390,Name_5231,9000005231,Address 5231
5232,Telugu,Female,211112390,Name_5232,9000005232,Address 5232
5233,English,Male,211112390,Name_5233,9000005233,Address 5233
5234,Hindi,Female,211112390,Name_5234,9000005234,Address 5234
5235,Telugu,Male,211112390,Name_5235,9000005235,Address 5235
5236,English,Female,211112390,Name_5236,9000005236,Address 5236
5237,Hindi,Male,211112393,Name_5237,9000005237,Address 5237
5238,Telugu,Female,211112393,Name_5238,9000005238,Address 5238
5239,English,Male,211112393,Name_5239,9000005239,Address 5239
5240,Hindi,Female,211112393,Name_5240,9000005240,Address 5240
5241,Telugu,Male,211112393,Name_5241,9000005241,Address 5241
5242,English,Female,211112393,Name_5242,9000005242,Address 5242
5243,Hindi,Male,211112393,Name_5243,9000005243,Address 5243
5244,Telugu,Female,211112393,Name_5244,9000005244,Address 5244
5245,English,Male,211112393,Name_5245,9000005245,Address 5245
5246,Hindi,Female,211112393,Name_5246,9000005246,Address 5246
5247,Telugu,Male,211112393,Name_5247,9000005247,Address 5247
5248,English,Female,211112393,Name_5248,9000005248,Address 5248
5249,Hindi,Male,211112393,Name_5249,9000005249,Address 5249
5250,Telugu,Female,211112393,Name_5250,9000005250,Address 5250
5251,English,Male,211112393,Name_5251,9000005251,Address 5251
5252,Hindi,Female,211112393,Name_5252,9000005252,Address 5252
5253,Telugu,Male,211112393,Name_5253,9000005253,Address 5253
5254,English,Female,211112393,Name_5254,9000005254,Address 5254
5255,Hindi,Male,211112393,Name_5255,9000005255,Address 5255
5256,Telugu,Female,211112393,Name_5256,9000005256,Address 5256
5257,English,Male,211112393,Name_5257,9000005257,Address 5257
5258,Hindi,Female,211112393,Name_5258,9000005258,Address 5258
5259,Telugu,Male,211511363,Name_5259,9000005259,Address 5259
5260,English,Female,211511363,Name_5260,9000005260,Address 5260
5261,Hindi,Male,211511363,Name_5261,9000005261,Address 5261
5262,Telugu,Female,211511363,Name_5262,9000005262,Address 5262
5263,English,Male,211511363,Name_5263,9000005263,Address 5263
5264,Hindi,Female,211511363,Name_5264,9000005264,Address 5264
5265,Telugu,Male,211511363,Name_5265,9000005265,Address 5265
5266,English,Female,211511363,Name_5266,9000005266,Address 5266
5267,Hindi,Male,211511363,Name_5267,9000005267,Address 5267
5268,Telugu,Female,211511363,Name_5268,9000005268,Address 5268
5269,English,Male,211511363,Name_5269,9000005269,Address 5269
5270,Hindi,Female,211511363,Name_5270,9000005270,Address 5270
5271,Telugu,Male,211511363,Name_5271,9000005271,Address 5271
5272,English,Female,211511363,Name_5272,9000005272,Address 5272
5273,Hindi,Male,211511363,Name_5273,9000005273,Address 5273
5274,Telugu,Female,211511363,Name_5274,9000005274,Address 5274
5275,English,Male,211511363,Name_5275,9000005275,Address 5275
5276,Hindi,Female,211511363,Name_5276,9000005276,Address 5276
5277,Telugu,Male,211511363,Name_5277,9000005277,Address 5277
5278,English,Female,211511363,Name_5278,9000005278,Address 5278
5279,Hindi,Male,211511363,Name_5279,9000005279,Address 5279
5280,Telugu,Female,211511363,Name_5280,9000005280,Address 5280
5281,English,Male,211511366,Name_5281,9000005281,Address 5281
5282,Hindi,Female,211511366,Name_5282,9000005282,Address 5282
5283,Telugu,Male,211511366,Name_5283,9000005283,Address 5283
5284,English,Female,211511366,Name_5284,9000005284,Address 5284
5285,Hindi,Male,211511366,Name_5285,9000005285,Address 5285
5286,Telugu,Female,211511366,Name_5286,9000005286,Address 5286
5287,English,Male,211511366,Name_5287,9000005287,Address 5287
5288,Hindi,Female,211511366,Name_5288,9000005288,Address 5288
5289,Telugu,Male,211511366,Name_5289,9000005289,Address 5289
5290,English,Female,211511366,Name_5290,9000005290,Address 5290
5291,Hindi,Male,211511366,Name_5291,9000005291,Address 5291
5292,Telugu,Female,211511366,Name_5292,9000005292,Address 5292
5293,English,Male,211511366,Name_5293,9000005293,Address 5293
5294,Hindi,Female,211511366,Name_5294,9000005294,Address 5294
5295,Telugu,Male,211511366,Name_5295,9000005295,Address 5295
5296,English,Female,211511366,Name_5296,9000005296,Address 5296
5297,Hindi,Male,211511366,Name_5297,9000005297,Address 5297
5298,Telugu,Female,211511366,Name_5298,9000005298,Address 5298
5299,English,Male,211511366,Name_5299,9000005299,Address 5299
5300,Hindi,Female,211511366,Name_5300,9000005300,Address 5300
5301,Telugu,Male,211511366,Name_5301,9000005301,Address 5301
5302,English,Female,211511366,Name_5302,9000005302,Address 5302
5303,Hindi,Male,211511367,Name_5303,9000005303,Address 5303
5304,Telugu,Female,211511367,Name_5304,9000005304,Address 5304
5305,English,Male,211511367,Name_5305,9000005305,Address 5305
5306,Hindi,Female,211511367,Name_5306,9000005306,Address 5306
5307,Telugu,Male,211511367,Name_5307,9000005307,Address 5307
5308,English,Female,211511367,Name_5308,9000005308,Address 5308
5309,Hindi,Male,211511367,Name_5309,9000005309,Address 5309
5310,Telugu,Female,211511367,Name_5310,9000005310,Address 5310
5311,English,Male,211511367,Name_5311,9000005311,Address 5311
5312,Hindi,Female,211511367,Name_5312,9000005312,Address 5312
5313,Telugu,Male,211511367,Name_5313,9000005313,Address 5313
5314,English,Female,211511367,Name_5314,9000005314,Address 5314
5315,Hindi,Male,211511367,Name_5315,9000005315,Address 5315
5316,Telugu,Female,211511367,Name_5316,9000005316,Address 5316
5317,English,Male,211511367,Name_5317,9000005317,Address 5317
5318,Hindi,Female,211511367,Name_5318,9000005318,Address 5318
5319,Telugu,Male,211511367,Name_5319,9000005319,Address 5319
5320,English,Female,211511367,Name_5320,9000005320,Address 5320
5321,Hindi,Male,211511367,Name_5321,9000005321,Address 5321
5322,Telugu,Female,211511367,Name_5322,9000005322,Address 5322
5323,English,Male,211511367,Name_5323,9000005323,Address 5323
5324,Hindi,Female,211511367,Name_5324,9000005324,Address 5324
5325,Telugu,Male,211511376,Name_5325,9000005325,Address 5325
5326,English,Female,211511376,Name_5326,9000005326,Address 5326
5327,Hindi,Male,211511376,Name_5327,9000005327,Address 5327
5328,Telugu,Female,211511376,Name_5328,9000005328,Address 5328
5329,English,Male,211511376,Name_5329,9000005329,Address 5329
5330,Hindi,Female,211511376,Name_5330,9000005330,Address 5330
5331,Telugu,Male,211511376,Name_5331,9000005331,Address 5331
5332,English,Female,211511376,Name_5332,9000005332,Address 5332
5333,Hindi,Male,211511376,Name_5333,9000005333,Address 5333
5334,Telugu,Female,211511376,Name_5334,9000005334,Address 5334
5335,English,Male,211511376,Name_5335,9000005335,Address 5335
5336,Hindi,Female,211511376,Name_5336,9000005336,Address 5336
5337,Telugu,Male,211511376,Name_5337,9000005337,Address 5337
5338,English,Female,211511376,Name_5338,9000005338,Address 5338
5339,Hindi,Male,211511376,Name_5339,9000005339,Address 5339
5340,Telugu,Female,211511376,Name_5340,9000005340,Address 5340
5341,English,Male,211511376,Name_5341,9000005341,Address 5341
5342,Hindi,Female,211511376,Name_5342,9000005342,Address 5342
5343,Telugu,Male,211511376,Name_5343,9000005343,Address 5343
5344,English,Female,211511376,Name_5344,9000005344,Address 5344
5345,Hindi,Male,211511376,Name_5345,9000005345,Address 5345
5346,Telugu,Female,211511376,Name_5346,9000005346,Address 5346
5347,English,Male,211511378,Name_5347,9000005347,Address 5347
5348,Hindi,Female,211511378,Name_5348,9000005348,Address 5348
5349,Telugu,Male,211511378,Name_5349,9000005349,Address 5349
5350,English,Female,211511378,Name_5350,9000005350,Address 5350
5351,Hindi,Male,211511378,Name_5351,9000005351,Address 5351
5352,Telugu,Female,211511378,Name_5352,9000005352,Address 5352
5353,English,Male,211511378,Name_5353,9000005353,Address 5353
5354,Hindi,Female,211511378,Name_5354,9000005354,Address 5354
5355,Telugu,Male,211511378,Name_5355,9000005355,Address 5355
5356,English,Female,211511378,Name_5356,9000005356,Address 5356
5357,Hindi,Male,211511378,Name_5357,9000005357,Address 5357
5358,Telugu,Female,211511378,Name_5358,9000005358,Address 5358
5359,English,Male,211511378,Name_5359,9000005359,Address 5359
5360,Hindi,Female,211511378,Name_5360,9000005360,Address 5360
5361,Telugu,Male,211511378,Name_5361,9000005361,Address 5361
5362,English,Female,211511378,Name_5362,9000005362,Address 5362
5363,Hindi,Male,211511378,Name_5363,9000005363,Address 5363
5364,Telugu,Female,211511378,Name_5364,9000005364,Address 5364
5365,English,Male,211511378,Name_5365,9000005365,Address 5365
5366,Hindi,Female,211511378,Name_5366,9000005366,Address 5366
5367,Telugu,Male,211511378,Name_5367,9000005367,Address 5367
5368,English,Female,211511378,Name_5368,9000005368,Address 5368
5369,Hindi,Male,211511380,Name_5369,9000005369,Address 5369
5370,Telugu,Female,211511380,Name_5370,9000005370,Address 5370
5371,English,Male,211511380,Name_5371,9000005371,Address 5371
5372,Hindi,Female,211511380,Name_5372,9000005372,Address 5372
5373,Telugu,Male,211511380,Name_5373,9000005373,Address 5373
5374,English,Female,211511380,Name_5374,9000005374,Address 5374
5375,Hindi,Male,211511380,Name_5375,9000005375,Address 5375
5376,Telugu,Female,211511380,Name_5376,9000005376,Address 5376
5377,English,Male,211511380,Name_5377,9000005377,Address 5377
5378,Hindi,Female,211511380,Name_5378,9000005378,Address 5378
5379,Telugu,Male,211511380,Name_5379,9000005379,Address 5379
5380,English,Female,211511380,Name_5380,9000005380,Address 5380
5381,Hindi,Male,211511380,Name_5381,9000005381,Address 5381
5382,Telugu,Female,211511380,Name_5382,9000005382,Address 5382
5383,English,Male,211511380,Name_5383,9000005383,Address 5383
5384,Hindi,Female,211511380,Name_5384,9000005384,Address 5384
5385,Telugu,Male,211511380,Name_5385,9000005385,Address 5385
5386,English,Female,211511380,Name_5386,9000005386,Address 5386
5387,Hindi,Male,211511380,Name_5387,9000005387,Address 5387
5388,Telugu,Female,211511380,Name_5388,9000005388,Address 5388
5389,English,Male,211511380,Name_5389,9000005389,Address 5389
5390,Hindi,Female,211511380,Name_5390,9000005390,Address 5390
5391,Telugu,Male,2117109196,Name_5391,9000005391,Address 5391
5392,English,Female,2117109196,Name_5392,9000005392,Address 5392
5393,Hindi,Male,2117109196,Name_5393,9000005393,Address 5393
5394,Telugu,Female,2117109196,Name_5394,9000005394,Address 5394
5395,English,Male,2117109196,Name_5395,9000005395,Address 5395
5396,Hindi,Female,2117109196,Name_5396,9000005396,Address 5396
5397,Telugu,Male,2117109196,Name_5397,9000005397,Address 5397
5398,English,Female,2117109196,Name_5398,9000005398,Address 5398
5399,Hindi,Male,2117109196,Name_5399,9000005399,Address 5399
5400,Telugu,Female,2117109196,Name_5400,9000005400,Address 5400
5401,English,Male,2117109196,Name_5401,9000005401,Address 5401
5402,Hindi,Female,2117109196,Name_5402,9000005402,Address 5402
5403,Telugu,Male,2117109196,Name_5403,9000005403,Address 5403
5404,English,Female,2117109196,Name_5404,9000005404,Address 5404
5405,Hindi,Male,2117109196,Name_5405,9000005405,Address 5405
5406,Telugu,Female,2117109196,Name_5406,9000005406,Address 5406
5407,English,Male,2117109196,Name_5407,9000005407,Address 5407
5408,Hindi,Female,2117109196,Name_5408,9000005408,Address 5408
5409,Telugu,Male,2117109196,Name_5409,9000005409,Address 5409
5410,English,Female,2117109196,Name_5410,9000005410,Address 5410
5411,Hindi,Male,2117109196,Name_5411,9000005411,Address 5411
5412,Telugu,Female,2117109196,Name_5412,9000005412,Address 5412
5413,English,Male,2117109197,Name_5413,9000005413,Address 5413
5414,Hindi,Female,2117109197,Name_5414,9000005414,Address 5414
5415,Telugu,Male,2117109197,Name_5415,9000005415,Address 5415
5416,English,Female,2117109197,Name_5416,9000005416,Address 5416
5417,Hindi,Male,2117109197,Name_5417,9000005417,Address 5417
5418,Telugu,Female,2117109197,Name_5418,9000005418,Address 5418
5419,English,Male,2117109197,Name_5419,9000005419,Address 5419
5420,Hindi,Female,2117109197,Name_5420,9000005420,Address 5420
5421,Telugu,Male,2117109197,Name_5421,9000005421,Address 5421
5422,English,Female,2117109197,Name_5422,9000005422,Address 5422
5423,Hindi,Male,2117109197,Name_5423,9000005423,Address 5423
5424,Telugu,Female,2117109197,Name_5424,9000005424,Address 5424
5425,English,Male,2117109197,Name_5425,9000005425,Address 5425
5426,Hindi,Female,2117109197,Name_5426,9000005426,Address 5426
5427,Telugu,Male,2117109197,Name_5427,9000005427,Address 5427
5428,English,Female,2117109197,Name_5428,9000005428,Address 5428
5429,Hindi,Male,2117109197,Name_5429,9000005429,Address 5429
5430,Telugu,Female,2117109197,Name_5430,9000005430,Address 5430
5431,English,Male,2117109197,Name_5431,9000005431,Address 5431
5432,Hindi,Female,2117109197,Name_5432,9000005432,Address 5432
5433,Telugu,Male,2117109197,Name_5433,9000005433,Address 5433
5434,English,Female,2117109197,Name_5434,9000005434,Address 5434
5435,Hindi,Male,2117109199,Name_5435,9000005435,Address 5435
5436,Telugu,Female,2117109199,Name_5436,9000005436,Address 5436
5437,English,Male,2117109199,Name_5437,9000005437,Address 5437
5438,Hindi,Female,2117109199,Name_5438,9000005438,Address 5438
5439,Telugu,Male,2117109199,Name_5439,9000005439,Address 5439
5440,English,Female,2117109199,Name_5440,9000005440,Address 5440
5441,Hindi,Male,2117109199,Name_5441,9000005441,Address 5441
5442,Telugu,Female,2117109199,Name_5442,9000005442,Address 5442
5443,English,Male,2117109199,Name_5443,9000005443,Address 5443
5444,Hindi,Female,2117109199,Name_5444,9000005444,Address 5444
5445,Telugu,Male,2117109199,Name_5445,9000005445,Address 5445
5446,English,Female,2117109199,Name_5446,9000005446,Address 5446
5447,Hindi,Male,2117109199,Name_5447,9000005447,Address 5447
5448,Telugu,Female,2117109199,Name_5448,9000005448,Address 5448
5449,English,Male,2117109199,Name_5449,9000005449,Address 5449
5450,Hindi,Female,2117109199,Name_5450,9000005450,Address 5450
5451,Telugu,Male,2117109199,Name_5451,9000005451,Address 5451
5452,English,Female,2117109199,Name_5452,9000005452,Address 5452
5453,Hindi,Male,2117109199,Name_5453,9000005453,Address 5453
5454,Telugu,Female,2117109199,Name_5454,9000005454,Address 5454
5455,English,Male,2117109199,Name_5455,9000005455,Address 5455
5456,Hindi,Female,2117109199,Name_5456,9000005456,Address 5456
5457,Telugu,Male,2117109207,Name_5457,9000005457,Address 5457
5458,English,Female,2117109207,Name_5458,9000005458,Address 5458
5459,Hindi,Male,2117109207,Name_5459,9000005459,Address 5459
5460,Telugu,Female,2117109207,Name_5460,9000005460,Address 5460
5461,English,Male,2117109207,Name_5461,9000005461,Address 5461
5462,Hindi,Female,2117109207,Name_5462,9000005462,Address 5462
5463,Telugu,Male,2117109207,Name_5463,9000005463,Address 5463
5464,English,Female,2117109207,Name_5464,9000005464,Address 5464
5465,Hindi,Male,2117109207,Name_5465,9000005465,Address 5465
5466,Telugu,Female,2117109207,Name_5466,9000005466,Address 5466
5467,English,Male,2117109207,Name_5467,9000005467,Address 5467
5468,Hindi,Female,2117109207,Name_5468,9000005468,Address 5468
5469,Telugu,Male,2117109207,Name_5469,9000005469,Address 5469
5470,English,Female,2117109207,Name_5470,9000005470,Address 5470
5471,Hindi,Male,2117109207,Name_5471,9000005471,Address 5471
5472,Telugu,Female,2117109207,Name_5472,9000005472,Address 5472
5473,English,Male,2117109207,Name_5473,9000005473,Address 5473
5474,Hindi,Female,2117109207,Name_5474,9000005474,Address 5474
5475,Telugu,Male,2117109207,Name_5475,9000005475,Address 5475
5476,English,Female,2117109207,Name_5476,9000005476,Address 5476
5477,Hindi,Male,2117109207,Name_5477,9000005477,Address 5477
5478,Telugu,Female,2117109207,Name_5478,9000005478,Address 5478
5479,English,Male,2117109208,Name_5479,9000005479,Address 5479
5480,Hindi,Female,2117109208,Name_5480,9000005480,Address 5480
5481,Telugu,Male,2117109208,Name_5481,9000005481,Address 5481
5482,English,Female,2117109208,Name_5482,9000005482,Address 5482
5483,Hindi,Male,2117109208,Name_5483,9000005483,Address 5483
5484,Telugu,Female,2117109208,Name_5484,9000005484,Address 5484
5485,English,Male,2117109208,Name_5485,9000005485,Address 5485
5486,Hindi,Female,2117109208,Name_5486,9000005486,Address 5486
5487,Telugu,Male,2117109208,Name_5487,9000005487,Address 5487
5488,English,Female,2117109208,Name_5488,9000005488,Address 5488
5489,Hindi,Male,2117109208,Name_5489,9000005489,Address 5489
5490,Telugu,Female,2117109208,Name_5490,9000005490,Address 5490
5491,English,Male,2117109208,Name_5491,9000005491,Address 5491
5492,Hindi,Female,2117109208,Name_5492,9000005492,Address 5492
5493,Telugu,Male,2117109208,Name_5493,9000005493,Address 5493
5494,English,Female,2117109208,Name_5494,9000005494,Address 5494
5495,Hindi,Male,2117109208,Name_5495,9000005495,Address 5495
5496,Telugu,Female,2117109208,Name_5496,9000005496,Address 5496
5497,English,Male,2117109208,Name_5497,9000005497,Address 5497
5498,Hindi,Female,2117109208,Name_5498,9000005498,Address 5498
5499,Telugu,Male,2117109208,Name_5499,9000005499,Address 5499
5500,English,Female,2117109208,Name_5500,9000005500,Address 5500
5501,Hindi,Male,2117109215,Name_5501,9000005501,Address 5501
5502,Telugu,Female,2117109215,Name_5502,9000005502,Address 5502
5503,English,Male,2117109215,Name_5503,9000005503,Address 5503
5504,Hindi,Female,2117109215,Name_5504,9000005504,Address 5504
5505,Telugu,Male,2117109215,Name_5505,9000005505,Address 5505
5506,English,Female,2117109215,Name_5506,9000005506,Address 5506
5507,Hindi,Male,2117109215,Name_5507,9000005507,Address 5507
5508,Telugu,Female,2117109215,Name_5508,9000005508,Address 5508
5509,English,Male,2117109215,Name_5509,9000005509,Address 5509
5510,Hindi,Female,2117109215,Name_5510,9000005510,Address 5510
5511,Telugu,Male,2117109215,Name_5511,9000005511,Address 5511
5512,English,Female,2117109215,Name_5512,9000005512,Address 5512
5513,Hindi,Male,2117109215,Name_5513,9000005513,Address 5513
5514,Telugu,Female,2117109215,Name_5514,9000005514,Address 5514
5515,English,Male,2117109215,Name_5515,9000005515,Address 5515
5516,Hindi,Female,2117109215,Name_5516,9000005516,Address 5516
5517,Telugu,Male,2117109215,Name_5517,9000005517,Address 5517
5518,English,Female,2117109215,Name_5518,9000005518,Address 5518
5519,Hindi,Male,2117109215,Name_5519,9000005519,Address 5519
5520,Telugu,Female,2117109215,Name_5520,9000005520,Address 5520
5521,English,Male,2117109215,Name_5521,9000005521,Address 5521
5522,Hindi,Female,2117109215,Name_5522,9000005522,Address 5522
5523,Telugu,Male,2117109216,Name_5523,9000005523,Address 5523
5524,English,Female,2117109216,Name_5524,9000005524,Address 5524
5525,Hindi,Male,2117109216,Name_5525,9000005525,Address 5525
5526,Telugu,Female,2117109216,Name_5526,9000005526,Address 5526
5527,English,Male,2117109216,Name_5527,9000005527,Address 5527
5528,Hindi,Female,2117109216,Name_5528,9000005528,Address 5528
5529,Telugu,Male,2117109216,Name_5529,9000005529,Address 5529
5530,English,Female,2117109216,Name_5530,9000005530,Address 5530
5531,Hindi,Male,2117109216,Name_5531,9000005531,Address 5531
5532,Telugu,Female,2117109216,Name_5532,9000005532,Address 5532
5533,English,Male,2117109216,Name_5533,9000005533,Address 5533
5534,Hindi,Female,2117109216,Name_5534,9000005534,Address 5534
5535,Telugu,Male,2117109216,Name_5535,9000005535,Address 5535
5536,English,Female,2117109216,Name_5536,9000005536,Address 5536
5537,Hindi,Male,2117109216,Name_5537,9000005537,Address 5537
5538,Telugu,Female,2117109216,Name_5538,9000005538,Address 5538
5539,English,Male,2117109216,Name_5539,9000005539,Address 5539
5540,Hindi,Female,2117109216,Name_5540,9000005540,Address 5540
5541,Telugu,Male,2117109216,Name_5541,9000005541,Address 5541
5542,English,Female,2117109216,Name_5542,9000005542,Address 5542
5543,Hindi,Male,2117109216,Name_5543,9000005543,Address 5543
5544,Telugu,Female,2117109216,Name_5544,9000005544,Address 5544
5545,English,Male,2117109218,Name_5545,9000005545,Address 5545
5546,Hindi,Female,2117109218,Name_5546,9000005546,Address 5546
5547,Telugu,Male,2117109218,Name_5547,9000005547,Address 5547
5548,English,Female,2117109218,Name_5548,9000005548,Address 5548
5549,Hindi,Male,2117109218,Name_5549,9000005549,Address 5549
5550,Telugu,Female,2117109218,Name_5550,9000005550,Address 5550
5551,English,Male,2117109218,Name_5551,9000005551,Address 5551
5552,Hindi,Female,2117109218,Name_5552,9000005552,Address 5552
5553,Telugu,Male,2117109218,Name_5553,9000005553,Address 5553
5554,English,Female,2117109218,Name_5554,9000005554,Address 5554
5555,Hindi,Male,2117109218,Name_5555,9000005555,Address 5555
5556,Telugu,Female,2117109218,Name_5556,9000005556,Address 5556
5557,English,Male,2117109218,Name_5557,9000005557,Address 5557
5558,Hindi,Female,2117109218,Name_5558,9000005558,Address 5558
5559,Telugu,Male,2117109218,Name_5559,9000005559,Address 5559
5560,English,Female,2117109218,Name_5560,9000005560,Address 5560
5561,Hindi,Male,2117109218,Name_5561,9000005561,Address 5561
5562,Telugu,Female,2117109218,Name_5562,9000005562,Address 5562
5563,English,Male,2117109218,Name_5563,9000005563,Address 5563
5564,Hindi,Female,2117109218,Name_5564,9000005564,Address 5564
5565,Telugu,Male,2117109218,Name_5565,9000005565,Address 5565
5566,English,Female,2117109218,Name_5566,9000005566,Address 5566
5567,Hindi,Male,2117116100,Name_5567,9000005567,Address 5567
5568,Telugu,Female,2117116100,Name_5568,9000005568,Address 5568
5569,English,Male,2117116100,Name_5569,9000005569,Address 5569
5570,Hindi,Female,2117116100,Name_5570,9000005570,Address 5570
5571,Telugu,Male,2117116100,Name_5571,9000005571,Address 5571
5572,English,Female,2117116100,Name_5572,9000005572,Address 5572
5573,Hindi,Male,2117116100,Name_5573,9000005573,Address 5573
5574,Telugu,Female,2117116100,Name_5574,9000005574,Address 5574
5575,English,Male,2117116100,Name_5575,9000005575,Address 5575
5576,Hindi,Female,2117116100,Name_5576,9000005576,Address 5576
5577,Telugu,Male,2117116100,Name_5577,9000005577,Address 5577
5578,English,Female,2117116100,Name_5578,9000005578,Address 5578
5579,Hindi,Male,2117116100,Name_5579,9000005579,Address 5579
5580,Telugu,Female,2117116100,Name_5580,9000005580,Address 5580
5581,English,Male,2117116100,Name_5581,9000005581,Address 5581
5582,Hindi,Female,2117116100,Name_5582,9000005582,Address 5582
5583,Telugu,Male,2117116100,Name_5583,9000005583,Address 5583
5584,English,Female,2117116100,Name_5584,9000005584,Address 5584
5585,Hindi,Male,2117116100,Name_5585,9000005585,Address 5585
5586,Telugu,Female,2117116100,Name_5586,9000005586,Address 5586
5587,English,Male,2117116100,Name_5587,9000005587,Address 5587
5588,Hindi,Female,2117116100,Name_5588,9000005588,Address 5588
5589,Telugu,Male,2117116101,Name_5589,9000005589,Address 5589
5590,English,Female,2117116101,Name_5590,9000005590,Address 5590
5591,Hindi,Male,2117116101,Name_5591,9000005591,Address 5591
5592,Telugu,Female,2117116101,Name_5592,9000005592,Address 5592
5593,English,Male,2117116101,Name_5593,9000005593,Address 5593
5594,Hindi,Female,2117116101,Name_5594,9000005594,Address 5594
5595,Telugu,Male,2117116101,Name_5595,9000005595,Address 5595
5596,English,Female,2117116101,Name_5596,9000005596,Address 5596
5597,Hindi,Male,2117116101,Name_5597,9000005597,Address 5597
5598,Telugu,Female,2117116101,Name_5598,9000005598,Address 5598
5599,English,Male,2117116101,Name_5599,9000005599,Address 5599
5600,Hindi,Female,2117116101,Name_5600,9000005600,Address 5600
5601,Telugu,Male,2117116101,Name_5601,9000005601,Address 5601
5602,English,Female,2117116101,Name_5602,9000005602,Address 5602
5603,Hindi,Male,2117116101,Name_5603,9000005603,Address 5603
5604,Telugu,Female,2117116101,Name_5604,9000005604,Address 5604
5605,English,Male,2117116101,Name_5605,9000005605,Address 5605
5606,Hindi,Female,2117116101,Name_5606,9000005606,Address 5606
5607,Telugu,Male,2117116101,Name_5607,9000005607,Address 5607
5608,English,Female,2117116101,Name_5608,9000005608,Address 5608
5609,Hindi,Male,2117116101,Name_5609,9000005609,Address 5609
5610,Telugu,Female,2117116101,Name_5610,9000005610,Address 5610
5611,English,Male,2117116102,Name_5611,9000005611,Address 5611
5612,Hindi,Female,2117116102,Name_5612,9000005612,Address 5612
5613,Telugu,Male,2117116102,Name_5613,9000005613,Address 5613
5614,English,Female,2117116102,Name_5614,9000005614,Address 5614
5615,Hindi,Male,2117116102,Name_5615,9000005615,Address 5615
5616,Telugu,Female,2117116102,Name_5616,9000005616,Address 5616
5617,English,Male,2117116102,Name_5617,9000005617,Address 5617
5618,Hindi,Female,2117116102,Name_5618,9000005618,Address 5618
5619,Telugu,Male,2117116102,Name_5619,9000005619,Address 5619
5620,English,Female,2117116102,Name_5620,9000005620,Address 5620
5621,Hindi,Male,2117116102,Name_5621,9000005621,Address 5621
5622,Telugu,Female,2117116102,Name_5622,9000005622,Address 5622
5623,English,Male,2117116102,Name_5623,9000005623,Address 5623
5624,Hindi,Female,2117116102,Name_5624,9000005624,Address 5624
5625,Telugu,Male,2117116102,Name_5625,9000005625,Address 5625
5626,English,Female,2117116102,Name_5626,9000005626,Address 5626
5627,Hindi,Male,2117116102,Name_5627,9000005627,Address 5627
5628,Telugu,Female,2117116102,Name_5628,9000005628,Address 5628
5629,English,Male,2117116102,Name_5629,9000005629,Address 5629
5630,Hindi,Female,2117116102,Name_5630,9000005630,Address 5630
5631,Telugu,Male,2117116102,Name_5631,9000005631,Address 5631
5632,English,Female,2117116102,Name_5632,9000005632,Address 5632
5633,Hindi,Male,2117116103,Name_5633,9000005633,Address 5633
5634,Telugu,Female,2117116103,Name_5634,9000005634,Address 5634
5635,English,Male,2117116103,Name_5635,9000005635,Address 5635
5636,Hindi,Female,2117116103,Name_5636,9000005636,Address 5636
5637,Telugu,Male,2117116103,Name_5637,9000005637,Address 5637
5638,English,Female,2117116103,Name_5638,9000005638,Address 5638
5639,Hindi,Male,2117116103,Name_5639,9000005639,Address 5639
5640,Telugu,Female,2117116103,Name_5640,9000005640,Address 5640
5641,English,Male,2117116103,Name_5641,9000005641,Address 5641
5642,Hindi,Female,2117116103,Name_5642,9000005642,Address 5642
5643,Telugu,Male,2117116103,Name_5643,9000005643,Address 5643
5644,English,Female,2117116103,Name_5644,9000005644,Address 5644
5645,Hindi,Male,2117116103,Name_5645,9000005645,Address 5645
5646,Telugu,Female,2117116103,Name_5646,9000005646,Address 5646
5647,English,Male,2117116103,Name_5647,9000005647,Address 5647
5648,Hindi,Female,2117116103,Name_5648,9000005648,Address 5648
5649,Telugu,Male,2117116103,Name_5649,9000005649,Address 5649
5650,English,Female,2117116103,Name_5650,9000005650,Address 5650
5651,Hindi,Male,2117116103,Name_5651,9000005651,Address 5651
5652,Telugu,Female,2117116103,Name_5652,9000005652,Address 5652
5653,English,Male,2117116103,Name_5653,9000005653,Address 5653
5654,Hindi,Female,2117116103,Name_5654,9000005654,Address 5654
5655,Telugu,Male,2117116104,Name_5655,9000005655,Address 5655
5656,English,Female,2117116104,Name_5656,9000005656,Address 5656
5657,Hindi,Male,2117116104,Name_5657,9000005657,Address 5657
5658,Telugu,Female,2117116104,Name_5658,9000005658,Address 5658
5659,English,Male,2117116104,Name_5659,9000005659,Address 5659
5660,Hindi,Female,2117116104,Name_5660,9000005660,Address 5660
5661,Telugu,Male,2117116104,Name_5661,9000005661,Address 5661
5662,English,Female,2117116104,Name_5662,9000005662,Address 5662
5663,Hindi,Male,2117116104,Name_5663,9000005663,Address 5663
5664,Telugu,Female,2117116104,Name_5664,9000005664,Address 5664
5665,English,Male,2117116104,Name_5665,9000005665,Address 5665
5666,Hindi,Female,2117116104,Name_5666,9000005666,Address 5666
5667,Telugu,Male,2117116104,Name_5667,9000005667,Address 5667
5668,English,Female,2117116104,Name_5668,9000005668,Address 5668
5669,Hindi,Male,2117116104,Name_5669,9000005669,Address 5669
5670,Telugu,Female,2117116104,Name_5670,9000005670,Address 5670
5671,English,Male,2117116104,Name_5671,9000005671,Address 5671
5672,Hindi,Female,2117116104,Name_5672,9000005672,Address 5672
5673,Telugu,Male,2117116104,Name_5673,9000005673,Address 5673
5674,English,Female,2117116104,Name_5674,9000005674,Address 5674
5675,Hindi,Male,2117116104,Name_5675,9000005675,Address 5675
5676,Telugu,Female,2117116104,Name_5676,9000005676,Address 5676
5677,English,Male,2117116105,Name_5677,9000005677,Address 5677
5678,Hindi,Female,2117116105,Name_5678,9000005678,Address 5678
5679,Telugu,Male,2117116105,Name_5679,9000005679,Address 5679
5680,English,Female,2117116105,Name_5680,9000005680,Address 5680
5681,Hindi,Male,2117116105,Name_5681,9000005681,Address 5681
5682,Telugu,Female,2117116105,Name_5682,9000005682,Address 5682
5683,English,Male,2117116105,Name_5683,9000005683,Address 5683
5684,Hindi,Female,2117116105,Name_5684,9000005684,Address 5684
5685,Telugu,Male,2117116105,Name_5685,9000005685,Address 5685
5686,English,Female,2117116105,Name_5686,9000005686,Address 5686
5687,Hindi,Male,2117116105,Name_5687,9000005687,Address 5687
5688,Telugu,Female,2117116105,Name_5688,9000005688,Address 5688
5689,English,Male,2117116105,Name_5689,9000005689,Address 5689
5690,Hindi,Female,2117116105,Name_5690,9000005690,Address 5690
5691,Telugu,Male,2117116105,Name_5691,9000005691,Address 5691
5692,English,Female,2117116105,Name_5692,9000005692,Address 5692
5693,Hindi,Male,2117116105,Name_5693,9000005693,Address 5693
5694,Telugu,Female,2117116105,Name_5694,9000005694,Address 5694
5695,English,Male,2117116105,Name_5695,9000005695,Address 5695
5696,Hindi,Female,2117116105,Name_5696,9000005696,Address 5696
5697,Telugu,Male,2117116105,Name_5697,9000005697,Address 5697
5698,English,Female,2117116105,Name_5698,9000005698,Address 5698
5699,Hindi,Male,2117116106,Name_5699,9000005699,Address 5699
5700,Telugu,Female,2117116106,Name_5700,9000005700,Address 5700
5701,English,Male,2117116106,Name_5701,9000005701,Address 5701
5702,Hindi,Female,2117116106,Name_5702,9000005702,Address 5702
5703,Telugu,Male,2117116106,Name_5703,9000005703,Address 5703
5704,English,Female,2117116106,Name_5704,9000005704,Address 5704
5705,Hindi,Male,2117116106,Name_5705,9000005705,Address 5705
5706,Telugu,Female,2117116106,Name_5706,9000005706,Address 5706
5707,English,Male,2117116106,Name_5707,9000005707,Address 5707
5708,Hindi,Female,2117116106,Name_5708,9000005708,Address 5708
5709,Telugu,Male,2117116106,Name_5709,9000005709,Address 5709
5710,English,Female,2117116106,Name_5710,9000005710,Address 5710
5711,Hindi,Male,2117116106,Name_5711,9000005711,Address 5711
5712,Telugu,Female,2117116106,Name_5712,9000005712,Address 5712
5713,English,Male,2117116106,Name_5713,9000005713,Address 5713
5714,Hindi,Female,2117116106,Name_5714,9000005714,Address 5714
5715,Telugu,Male,2117116106,Name_5715,9000005715,Address 5715
5716,English,Female,2117116106,Name_5716,9000005716,Address 5716
5717,Hindi,Male,2117116106,Name_5717,9000005717,Address 5717
5718,Telugu,Female,2117116106,Name_5718,9000005718,Address 5718
5719,English,Male,2117116106,Name_5719,9000005719,Address 5719
5720,Hindi,Female,2117116106,Name_5720,9000005720,Address 5720
5721,Telugu,Male,2117116107,Name_5721,9000005721,Address 5721
5722,English,Female,2117116107,Name_5722,9000005722,Address 5722
5723,Hindi,Male,2117116107,Name_5723,9000005723,Address 5723
5724,Telugu,Female,2117116107,Name_5724,9000005724,Address 5724
5725,English,Male,2117116107,Name_5725,9000005725,Address 5725
5726,Hindi,Female,2117116107,Name_5726,9000005726,Address 5726
5727,Telugu,Male,2117116107,Name_5727,9000005727,Address 5727
5728,English,Female,2117116107,Name_5728,9000005728,Address 5728
5729,Hindi,Male,2117116107,Name_5729,9000005729,Address 5729
5730,Telugu,Female,2117116107,Name_5730,9000005730,Address 5730
5731,English,Male,2117116107,Name_5731,9000005731,Address 5731
5732,Hindi,Female,2117116107,Name_5732,9000005732,Address 5732
5733,Telugu,Male,2117116107,Name_5733,9000005733,Address 5733
5734,English,Female,2117116107,Name_5734,9000005734,Address 5734
5735,Hindi,Male,2117116107,Name_5735,9000005735,Address 5735
5736,Telugu,Female,2117116107,Name_5736,9000005736,Address 5736
5737,English,Male,2117116107,Name_5737,9000005737,Address 5737
5738,Hindi,Female,2117116107,Name_5738,9000005738,Address 5738
5739,Telugu,Male,2117116107,Name_5739,9000005739,Address 5739
5740,English,Female,2117116107,Name_5740,9000005740,Address 5740
5741,Hindi,Male,2117116107,Name_5741,9000005741,Address 5741
5742,Telugu,Female,2117116107,Name_5742,9000005742,Address 5742
5743,English,Male,2117116108,Name_5743,9000005743,Address 5743
5744,Hindi,Female,2117116108,Name_5744,9000005744,Address 5744
5745,Telugu,Male,2117116108,Name_5745,9000005745,Address 5745
5746,English,Female,2117116108,Name_5746,9000005746,Address 5746
5747,Hindi,Male,2117116108,Name_5747,9000005747,Address 5747
5748,Telugu,Female,2117116108,Name_5748,9000005748,Address 5748
5749,English,Male,2117116108,Name_5749,9000005749,Address 5749
5750,Hindi,Female,2117116108,Name_5750,9000005750,Address 5750
5751,Telugu,Male,2117116108,Name_5751,9000005751,Address 5751
5752,English,Female,2117116108,Name_5752,9000005752,Address 5752
5753,Hindi,Male,2117116108,Name_5753,9000005753,Address 5753
5754,Telugu,Female,2117116108,Name_5754,9000005754,Address 5754
5755,English,Male,2117116108,Name_5755,9000005755,Address 5755
5756,Hindi,Female,2117116108,Name_5756,9000005756,Address 5756
5757,Telugu,Male,2117116108,Name_5757,9000005757,Address 5757
5758,English,Female,2117116108,Name_5758,9000005758,Address 5758
5759,Hindi,Male,2117116108,Name_5759,9000005759,Address 5759
5760,Telugu,Female,2117116108,Name_5760,9000005760,Address 5760
5761,English,Male,2117116108,Name_5761,9000005761,Address 5761
5762,Hindi,Female,2117116108,Name_5762,9000005762,Address 5762
5763,Telugu,Male,2117116108,Name_5763,9000005763,Address 5763
5764,English,Female,2117116108,Name_5764,9000005764,Address 5764
5765,Hindi,Male,2117116109,Name_5765,9000005765,Address 5765
5766,Telugu,Female,2117116109,Name_5766,9000005766,Address 5766
5767,English,Male,2117116109,Name_5767,9000005767,Address 5767
5768,Hindi,Female,2117116109,Name_5768,9000005768,Address 5768
5769,Telugu,Male,2117116109,Name_5769,9000005769,Address 5769
5770,English,Female,2117116109,Name_5770,9000005770,Address 5770
5771,Hindi,Male,2117116109,Name_5771,9000005771,Address 5771
5772,Telugu,Female,2117116109,Name_5772,9000005772,Address 5772
5773,English,Male,2117116109,Name_5773,9000005773,Address 5773
5774,Hindi,Female,2117116109,Name_5774,9000005774,Address 5774
5775,Telugu,Male,2117116109,Name_5775,9000005775,Address 5775
5776,English,Female,2117116109,Name_5776,9000005776,Address 5776
5777,Hindi,Male,2117116109,Name_5777,9000005777,Address 5777
5778,Telugu,Female,2117116109,Name_5778,9000005778,Address 5778
5779,English,Male,2117116109,Name_5779,9000005779,Address 5779
5780,Hindi,Female,2117116109,Name_5780,9000005780,Address 5780
5781,Telugu,Male,2117116109,Name_5781,9000005781,Address 5781
5782,English,Female,2117116109,Name_5782,9000005782,Address 5782
5783,Hindi,Male,2117116109,Name_5783,9000005783,Address 5783
5784,Telugu,Female,2117116109,Name_5784,9000005784,Address 5784
5785,English,Male,2117116109,Name_5785,9000005785,Address 5785
5786,Hindi,Female,2117116109,Name_5786,9000005786,Address 5786
5787,Telugu,Male,2117116110,Name_5787,9000005787,Address 5787
5788,English,Female,2117116110,Name_5788,9000005788,Address 5788
5789,Hindi,Male,2117116110,Name_5789,9000005789,Address 5789
5790,Telugu,Female,2117116110,Name_5790,9000005790,Address 5790
5791,English,Male,2117116110,Name_5791,9000005791,Address 5791
5792,Hindi,Female,2117116110,Name_5792,9000005792,Address 5792
5793,Telugu,Male,2117116110,Name_5793,9000005793,Address 5793
5794,English,Female,2117116110,Name_5794,9000005794,Address 5794
5795,Hindi,Male,2117116110,Name_5795,9000005795,Address 5795
5796,Telugu,Female,2117116110,Name_5796,9000005796,Address 5796
5797,English,Male,2117116110,Name_5797,9000005797,Address 5797
5798,Hindi,Female,2117116110,Name_5798,9000005798,Address 5798
5799,Telugu,Male,2117116110,Name_5799,9000005799,Address 5799
5800,English,Female,2117116110,Name_5800,9000005800,Address 5800
5801,Hindi,Male,2117116110,Name_5801,9000005801,Address 5801
5802,Telugu,Female,2117116110,Name_5802,9000005802,Address 5802
5803,English,Male,2117116110,Name_5803,9000005803,Address 5803
5804,Hindi,Female,2117116110,Name_5804,9000005804,Address 5804
5805,Telugu,Male,2117116110,Name_5805,9000005805,Address 5805
5806,English,Female,2117116110,Name_5806,9000005806,Address 5806
5807,Hindi,Male,2117116110,Name_5807,9000005807,Address 5807
5808,Telugu,Female,2117116110,Name_5808,9000005808,Address 5808
5809,English,Male,2117116111,Name_5809,9000005809,Address 5809
5810,Hindi,Female,2117116111,Name_5810,9000005810,Address 5810
5811,Telugu,Male,2117116111,Name_5811,9000005811,Address 5811
5812,English,Female,2117116111,Name_5812,9000005812,Address 5812
5813,Hindi,Male,2117116111,Name_5813,9000005813,Address 5813
5814,Telugu,Female,2117116111,Name_5814,9000005814,Address 5814
5815,English,Male,2117116111,Name_5815,9000005815,Address 5815
5816,Hindi,Female,2117116111,Name_5816,9000005816,Address 5816
5817,Telugu,Male,2117116111,Name_5817,9000005817,Address 5817
5818,English,Female,2117116111,Name_5818,9000005818,Address 5818
5819,Hindi,Male,2117116111,Name_5819,9000005819,Address 5819
5820,Telugu,Female,2117116111,Name_5820,9000005820,Address 5820
5821,English,Male,2117116111,Name_5821,9000005821,Address 5821
5822,Hindi,Female,2117116111,Name_5822,9000005822,Address 5822
5823,Telugu,Male,2117116111,Name_5823,9000005823,Address 5823
5824,English,Female,2117116111,Name_5824,9000005824,Address 5824
5825,Hindi,Male,2117116111,Name_5825,9000005825,Address 5825
5826,Telugu,Female,2117116111,Name_5826,9000005826,Address 5826
5827,English,Male,2117116111,Name_5827,9000005827,Address 5827
5828,Hindi,Female,2117116111,Name_5828,9000005828,Address 5828
5829,Telugu,Male,2117116111,Name_5829,9000005829,Address 5829
5830,English,Female,2117116111,Name_5830,9000005830,Address 5830
5831,Hindi,Male,2117116112,Name_5831,9000005831,Address 5831
5832,Telugu,Female,2117116112,Name_5832,9000005832,Address 5832
5833,English,Male,2117116112,Name_5833,9000005833,Address 5833
5834,Hindi,Female,2117116112,Name_5834,9000005834,Address 5834
5835,Telugu,Male,2117116112,Name_5835,9000005835,Address 5835
5836,English,Female,2117116112,Name_5836,9000005836,Address 5836
5837,Hindi,Male,2117116112,Name_5837,9000005837,Address 5837
5838,Telugu,Female,2117116112,Name_5838,9000005838,Address 5838
5839,English,Male,2117116112,Name_5839,9000005839,Address 5839
5840,Hindi,Female,2117116112,Name_5840,9000005840,Address 5840
5841,Telugu,Male,2117116112,Name_5841,9000005841,Address 5841
5842,English,Female,2117116112,Name_5842,9000005842,Address 5842
5843,Hindi,Male,2117116112,Name_5843,9000005843,Address 5843
5844,Telugu,Female,2117116112,Name_5844,9000005844,Address 5844
5845,English,Male,2117116112,Name_5845,9000005845,Address 5845
5846,Hindi,Female,2117116112,Name_5846,9000005846,Address 5846
5847,Telugu,Male,2117116112,Name_5847,9000005847,Address 5847
5848,English,Female,2117116112,Name_5848,9000005848,Address 5848
5849,Hindi,Male,2117116112,Name_5849,9000005849,Address 5849
5850,Telugu,Female,2117116112,Name_5850,9000005850,Address 5850
5851,English,Male,2117116112,Name_5851,9000005851,Address 5851
5852,Hindi,Female,2117116112,Name_5852,9000005852,Address 5852
5853,Telugu,Male,2117116113,Name_5853,9000005853,Address 5853
5854,English,Female,2117116113,Name_5854,9000005854,Address 5854
5855,Hindi,Male,2117116113,Name_5855,9000005855,Address 5855
5856,Telugu,Female,2117116113,Name_5856,9000005856,Address 5856
5857,English,Male,2117116113,Name_5857,9000005857,Address 5857
5858,Hindi,Female,2117116113,Name_5858,9000005858,Address 5858
5859,Telugu,Male,2117116113,Name_5859,9000005859,Address 5859
5860,English,Female,2117116113,Name_5860,9000005860,Address 5860
5861,Hindi,Male,2117116113,Name_5861,9000005861,Address 5861
5862,Telugu,Female,2117116113,Name_5862,9000005862,Address 5862
5863,English,Male,2117116113,Name_5863,9000005863,Address 5863
5864,Hindi,Female,2117116113,Name_5864,9000005864,Address 5864
5865,Telugu,Male,2117116113,Name_5865,9000005865,Address 5865
5866,English,Female,2117116113,Name_5866,9000005866,Address 5866
5867,Hindi,Male,2117116113,Name_5867,9000005867,Address 5867
5868,Telugu,Female,2117116113,Name_5868,9000005868,Address 5868
5869,English,Male,2117116113,Name_5869,9000005869,Address 5869
5870,Hindi,Female,2117116113,Name_5870,9000005870,Address 5870
5871,Telugu,Male,2117116113,Name_5871,9000005871,Address 5871
5872,English,Female,2117116113,Name_5872,9000005872,Address 5872
5873,Hindi,Male,2117116113,Name_5873,9000005873,Address 5873
5874,Telugu,Female,2117116113,Name_5874,9000005874,Address 5874
5875,English,Male,2117116114,Name_5875,9000005875,Address 5875
5876,Hindi,Female,2117116114,Name_5876,9000005876,Address 5876
5877,Telugu,Male,2117116114,Name_5877,9000005877,Address 5877
5878,English,Female,2117116114,Name_5878,9000005878,Address 5878
5879,Hindi,Male,2117116114,Name_5879,9000005879,Address 5879
5880,Telugu,Female,2117116114,Name_5880,9000005880,Address 5880
5881,English,Male,2117116114,Name_5881,9000005881,Address 5881
5882,Hindi,Female,2117116114,Name_5882,9000005882,Address 5882
5883,Telugu,Male,2117116114,Name_5883,9000005883,Address 5883
5884,English,Female,2117116114,Name_5884,9000005884,Address 5884
5885,Hindi,Male,2117116114,Name_5885,9000005885,Address 5885
5886,Telugu,Female,2117116114,Name_5886,9000005886,Address 5886
5887,English,Male,2117116114,Name_5887,9000005887,Address 5887
5888,Hindi,Female,2117116114,Name_5888,9000005888,Address 5888
5889,Telugu,Male,2117116114,Name_5889,9000005889,Address 5889
5890,English,Female,2117116114,Name_5890,9000005890,Address 5890
5891,Hindi,Male,2117116114,Name_5891,9000005891,Address 5891
5892,Telugu,Female,2117116114,Name_5892,9000005892,Address 5892
5893,English,Male,2117116114,Name_5893,9000005893,Address 5893
5894,Hindi,Female,2117116114,Name_5894,9000005894,Address 5894
5895,Telugu,Male,2117116114,Name_5895,9000005895,Address 5895
5896,English,Female,2117116114,Name_5896,9000005896,Address 5896
5897,Hindi,Male,2117116115,Name_5897,9000005897,Address 5897
5898,Telugu,Female,2117116115,Name_5898,9000005898,Address 5898
5899,English,Male,2117116115,Name_5899,9000005899,Address 5899
5900,Hindi,Female,2117116115,Name_5900,9000005900,Address 5900
5901,Telugu,Male,2117116115,Name_5901,9000005901,Address 5901
5902,English,Female,2117116115,Name_5902,9000005902,Address 5902
5903,Hindi,Male,2117116115,Name_5903,9000005903,Address 5903
5904,Telugu,Female,2117116115,Name_5904,9000005904,Address 5904
5905,English,Male,2117116115,Name_5905,9000005905,Address 5905
5906,Hindi,Female,2117116115,Name_5906,9000005906,Address 5906
5907,Telugu,Male,2117116115,Name_5907,9000005907,Address 5907
5908,English,Female,2117116115,Name_5908,9000005908,Address 5908
5909,Hindi,Male,2117116115,Name_5909,9000005909,Address 5909
5910,Telugu,Female,2117116115,Name_5910,9000005910,Address 5910
5911,English,Male,2117116115,Name_5911,9000005911,Address 5911
5912,Hindi,Female,2117116115,Name_5912,9000005912,Address 5912
5913,Telugu,Male,2117116115,Name_5913,9000005913,Address 5913
5914,English,Female,2117116115,Name_5914,9000005914,Address 5914
5915,Hindi,Male,2117116115,Name_5915,9000005915,Address 5915
5916,Telugu,Female,2117116115,Name_5916,9000005916,Address 5916
5917,English,Male,2117116115,Name_5917,9000005917,Address 5917
5918,Hindi,Female,2117116115,Name_5918,9000005918,Address 5918
5919,Telugu,Male,2117116116,Name_5919,9000005919,Address 5919
5920,English,Female,2117116116,Name_5920,9000005920,Address 5920
5921,Hindi,Male,2117116116,Name_5921,9000005921,Address 5921
5922,Telugu,Female,2117116116,Name_5922,9000005922,Address 5922
5923,English,Male,2117116116,Name_5923,9000005923,Address 5923
5924,Hindi,Female,2117116116,Name_5924,9000005924,Address 5924
5925,Telugu,Male,2117116116,Name_5925,9000005925,Address 5925
5926,English,Female,2117116116,Name_5926,9000005926,Address 5926
5927,Hindi,Male,2117116116,Name_5927,9000005927,Address 5927
5928,Telugu,Female,2117116116,Name_5928,9000005928,Address 5928
5929,English,Male,2117116116,Name_5929,9000005929,Address 5929
5930,Hindi,Female,2117116116,Name_5930,9000005930,Address 5930
5931,Telugu,Male,2117116116,Name_5931,9000005931,Address 5931
5932,English,Female,2117116116,Name_5932,9000005932,Address 5932
5933,Hindi,Male,2117116116,Name_5933,9000005933,Address 5933
5934,Telugu,Female,2117116116,Name_5934,9000005934,Address 5934
5935,English,Male,2117116116,Name_5935,9000005935,Address 5935
5936,Hindi,Female,2117116116,Name_5936,9000005936,Address 5936
5937,Telugu,Male,2117116116,Name_5937,9000005937,Address 5937
5938,English,Female,2117116116,Name_5938,9000005938,Address 5938
5939,Hindi,Male,2117116116,Name_5939,9000005939,Address 5939
5940,Telugu,Female,2117116116,Name_5940,9000005940,Address 5940
5941,English,Male,2117116117,Name_5941,9000005941,Address 5941
5942,Hindi,Female,2117116117,Name_5942,9000005942,Address 5942
5943,Telugu,Male,2117116117,Name_5943,9000005943,Address 5943
5944,English,Female,2117116117,Name_5944,9000005944,Address 5944
5945,Hindi,Male,2117116117,Name_5945,9000005945,Address 5945
5946,Telugu,Female,2117116117,Name_5946,9000005946,Address 5946
5947,English,Male,2117116117,Name_5947,9000005947,Address 5947
5948,Hindi,Female,2117116117,Name_5948,9000005948,Address 5948
5949,Telugu,Male,2117116117,Name_5949,9000005949,Address 5949
5950,English,Female,2117116117,Name_5950,9000005950,Address 5950
5951,Hindi,Male,2117116117,Name_5951,9000005951,Address 5951
5952,Telugu,Female,2117116117,Name_5952,9000005952,Address 5952
5953,English,Male,2117116117,Name_5953,9000005953,Address 5953
5954,Hindi,Female,2117116117,Name_5954,9000005954,Address 5954
5955,Telugu,Male,2117116117,Name_5955,9000005955,Address 5955
5956,English,Female,2117116117,Name_5956,9000005956,Address 5956
5957,Hindi,Male,2117116117,Name_5957,9000005957,Address 5957
5958,Telugu,Female,2117116117,Name_5958,9000005958,Address 5958
5959,English,Male,2117116117,Name_5959,9000005959,Address 5959
5960,Hindi,Female,2117116117,Name_5960,9000005960,Address 5960
5961,Telugu,Male,2117116117,Name_5961,9000005961,Address 5961
5962,English,Female,2117116117,Name_5962,9000005962,Address 5962
5963,Hindi,Male,2117116118,Name_5963,9000005963,Address 5963
5964,Telugu,Female,2117116118,Name_5964,9000005964,Address 5964
5965,English,Male,2117116118,Name_5965,9000005965,Address 5965
5966,Hindi,Female,2117116118,Name_5966,9000005966,Address 5966
5967,Telugu,Male,2117116118,Name_5967,9000005967,Address 5967
5968,English,Female,2117116118,Name_5968,9000005968,Address 5968
5969,Hindi,Male,2117116118,Name_5969,9000005969,Address 5969
5970,Telugu,Female,2117116118,Name_5970,9000005970,Address 5970
5971,English,Male,2117116118,Name_5971,9000005971,Address 5971
5972,Hindi,Female,2117116118,Name_5972,9000005972,Address 5972
5973,Telugu,Male,2117116118,Name_5973,9000005973,Address 5973
5974,English,Female,2117116118,Name_5974,9000005974,Address 5974
5975,Hindi,Male,2117116118,Name_5975,9000005975,Address 5975
5976,Telugu,Female,2117116118,Name_5976,9000005976,Address 5976
5977,English,Male,2117116118,Name_5977,9000005977,Address 5977
5978,Hindi,Female,2117116118,Name_5978,9000005978,Address 5978
5979,Telugu,Male,2117116118,Name_5979,9000005979,Address 5979
5980,English,Female,2117116118,Name_5980,9000005980,Address 5980
5981,Hindi,Male,2117116118,Name_5981,9000005981,Address 5981
5982,Telugu,Female,2117116118,Name_5982,9000005982,Address 5982
5983,English,Male,2117116118,Name_5983,9000005983,Address 5983
5984,Hindi,Female,2117116118,Name_5984,9000005984,Address 5984
5985,Telugu,Male,2117116119,Name_5985,9000005985,Address 5985
5986,English,Female,2117116119,Name_5986,9000005986,Address 5986
5987,Hindi,Male,2117116119,Name_5987,9000005987,Address 5987
5988,Telugu,Female,2117116119,Name_5988,9000005988,Address 5988
5989,English,Male,2117116119,Name_5989,9000005989,Address 5989
5990,Hindi,Female,2117116119,Name_5990,9000005990,Address 5990
5991,Telugu,Male,2117116119,Name_5991,9000005991,Address 5991
5992,English,Female,2117116119,Name_5992,9000005992,Address 5992
5993,Hindi,Male,2117116119,Name_5993,9000005993,Address 5993
5994,Telugu,Female,2117116119,Name_5994,9000005994,Address 5994
5995,English,Male,2117116119,Name_5995,9000005995,Address 5995
5996,Hindi,Female,2117116119,Name_5996,9000005996,Address 5996
5997,Telugu,Male,2117116119,Name_5997,9000005997,Address 5997
5998,English,Female,2117116119,Name_5998,9000005998,Address 5998
5999,Hindi,Male,2117116119,Name_5999,9000005999,Address 5999
6000,Telugu,Female,2117116119,Name_6000,9000006000,Address 6000
6001,English,Male,2117116119,Name_6001,9000006001,Address 6001
6002,Hindi,Female,2117116119,Name_6002,9000006002,Address 6002
6003,Telugu,Male,2117116119,Name_6003,9000006003,Address 6003
6004,English,Female,2117116119,Name_6004,9000006004,Address 6004
6005,Hindi,Male,2117116119,Name_6005,9000006005,Address 6005
6006,Telugu,Female,2117116119,Name_6006,9000006006,Address 6006
6007,English,Male,2117116120,Name_6007,9000006007,Address 6007
6008,Hindi,Female,2117116120,Name_6008,9000006008,Address 6008
6009,Telugu,Male,2117116120,Name_6009,9000006009,Address 6009
6010,English,Female,2117116120,Name_6010,9000006010,Address 6010
6011,Hindi,Male,2117116120,Name_6011,9000006011,Address 6011
6012,Telugu,Female,2117116120,Name_6012,9000006012,Address 6012
6013,English,Male,2117116120,Name_6013,9000006013,Address 6013
6014,Hindi,Female,2117116120,Name_6014,9000006014,Address 6014
6015,Telugu,Male,2117116120,Name_6015,9000006015,Address 6015
6016,English,Female,2117116120,Name_6016,9000006016,Address 6016
6017,Hindi,Male,2117116120,Name_6017,9000006017,Address 6017
6018,Telugu,Female,2117116120,Name_6018,9000006018,Address 6018
6019,English,Male,2117116120,Name_6019,9000006019,Address 6019
6020,Hindi,Female,2117116120,Name_6020,9000006020,Address 6020
6021,Telugu,Male,2117116120,Name_6021,9000006021,Address 6021
6022,English,Female,2117116120,Name_6022,9000006022,Address 6022
6023,Hindi,Male,2117116120,Name_6023,9000006023,Address 6023
6024,Telugu,Female,2117116120,Name_6024,9000006024,Address 6024
6025,English,Male,2117116120,Name_6025,9000006025,Address 6025
6026,Hindi,Female,2117116120,Name_6026,9000006026,Address 6026
6027,Telugu,Male,2117116120,Name_6027,9000006027,Address 6027
6028,English,Female,2117116120,Name_6028,9000006028,Address 6028
6029,Hindi,Male,2117116121,Name_6029,9000006029,Address 6029
6030,Telugu,Female,2117116121,Name_6030,9000006030,Address 6030
6031,English,Male,2117116121,Name_6031,9000006031,Address 6031
6032,Hindi,Female,2117116121,Name_6032,9000006032,Address 6032
6033,Telugu,Male,2117116121,Name_6033,9000006033,Address 6033
6034,English,Female,2117116121,Name_6034,9000006034,Address 6034
6035,Hindi,Male,2117116121,Name_6035,9000006035,Address 6035
6036,Telugu,Female,2117116121,Name_6036,9000006036,Address 6036
6037,English,Male,2117116121,Name_6037,9000006037,Address 6037
6038,Hindi,Female,2117116121,Name_6038,9000006038,Address 6038
6039,Telugu,Male,2117116121,Name_6039,9000006039,Address 6039
6040,English,Female,2117116121,Name_6040,9000006040,Address 6040
6041,Hindi,Male,2117116121,Name_6041,9000006041,Address 6041
6042,Telugu,Female,2117116121,Name_6042,9000006042,Address 6042
6043,English,Male,2117116121,Name_6043,9000006043,Address 6043
6044,Hindi,Female,2117116121,Name_6044,9000006044,Address 6044
6045,Telugu,Male,2117116121,Name_6045,9000006045,Address 6045
6046,English,Female,2117116121,Name_6046,9000006046,Address 6046
6047,Hindi,Male,2117116121,Name_6047,9000006047,Address 6047
6048,Telugu,Female,2117116121,Name_6048,9000006048,Address 6048
6049,English,Male,2117116121,Name_6049,9000006049,Address 6049
6050,Hindi,Female,2117116121,Name_6050,9000006050,Address 6050
6051,Telugu,Male,211711690,Name_6051,9000006051,Address 6051
6052,English,Female,211711690,Name_6052,9000006052,Address 6052
6053,Hindi,Male,211711690,Name_6053,9000006053,Address 6053
6054,Telugu,Female,211711690,Name_6054,9000006054,Address 6054
6055,English,Male,211711690,Name_6055,9000006055,Address 6055
6056,Hindi,Female,211711690,Name_6056,9000006056,Address 6056
6057,Telugu,Male,211711690,Name_6057,9000006057,Address 6057
6058,English,Female,211711690,Name_6058,9000006058,Address 6058
6059,Hindi,Male,211711690,Name_6059,9000006059,Address 6059
6060,Telugu,Female,211711690,Name_6060,9000006060,Address 6060
6061,English,Male,211711690,Name_6061,9000006061,Address 6061
6062,Hindi,Female,211711690,Name_6062,9000006062,Address 6062
6063,Telugu,Male,211711690,Name_6063,9000006063,Address 6063
6064,English,Female,211711690,Name_6064,9000006064,Address 6064
6065,Hindi,Male,211711690,Name_6065,9000006065,Address 6065
6066,Telugu,Female,211711690,Name_6066,9000006066,Address 6066
6067,English,Male,211711690,Name_6067,9000006067,Address 6067
6068,Hindi,Female,211711690,Name_6068,9000006068,Address 6068
6069,Telugu,Male,211711690,Name_6069,9000006069,Address 6069
6070,English,Female,211711690,Name_6070,9000006070,Address 6070
6071,Hindi,Male,211711690,Name_6071,9000006071,Address 6071
6072,Telugu,Female,211711690,Name_6072,9000006072,Address 6072
6073,English,Male,211711691,Name_6073,9000006073,Address 6073
6074,Hindi,Female,211711691,Name_6074,9000006074,Address 6074
6075,Telugu,Male,211711691,Name_6075,9000006075,Address 6075
6076,English,Female,211711691,Name_6076,9000006076,Address 6076
6077,Hindi,Male,211711691,Name_6077,9000006077,Address 6077
6078,Telugu,Female,211711691,Name_6078,9000006078,Address 6078
6079,English,Male,211711691,Name_6079,9000006079,Address 6079
6080,Hindi,Female,211711691,Name_6080,9000006080,Address 6080
6081,Telugu,Male,211711691,Name_6081,9000006081,Address 6081
6082,English,Female,211711691,Name_6082,9000006082,Address 6082
6083,Hindi,Male,211711691,Name_6083,9000006083,Address 6083
6084,Telugu,Female,211711691,Name_6084,9000006084,Address 6084
6085,English,Male,211711691,Name_6085,9000006085,Address 6085
6086,Hindi,Female,211711691,Name_6086,9000006086,Address 6086
6087,Telugu,Male,211711691,Name_6087,9000006087,Address 6087
6088,English,Female,211711691,Name_6088,9000006088,Address 6088
6089,Hindi,Male,211711691,Name_6089,9000006089,Address 6089
6090,Telugu,Female,211711691,Name_6090,9000006090,Address 6090
6091,English,Male,211711691,Name_6091,9000006091,Address 6091
6092,Hindi,Female,211711691,Name_6092,9000006092,Address 6092
6093,Telugu,Male,211711691,Name_6093,9000006093,Address 6093
6094,English,Female,211711691,Name_6094,9000006094,Address 6094
6095,Hindi,Male,211711692,Name_6095,9000006095,Address 6095
6096,Telugu,Female,211711692,Name_6096,9000006096,Address 6096
6097,English,Male,211711692,Name_6097,9000006097,Address 6097
6098,Hindi,Female,211711692,Name_6098,9000006098,Address 6098
6099,Telugu,Male,211711692,Name_6099,9000006099,Address 6099
6100,English,Female,211711692,Name_6100,9000006100,Address 6100
6101,Hindi,Male,211711692,Name_6101,9000006101,Address 6101
6102,Telugu,Female,211711692,Name_6102,9000006102,Address 6102
6103,English,Male,211711692,Name_6103,9000006103,Address 6103
6104,Hindi,Female,211711692,Name_6104,9000006104,Address 6104
6105,Telugu,Male,211711692,Name_6105,9000006105,Address 6105
6106,English,Female,211711692,Name_6106,9000006106,Address 6106
6107,Hindi,Male,211711692,Name_6107,9000006107,Address 6107
6108,Telugu,Female,211711692,Name_6108,9000006108,Address 6108
6109,English,Male,211711692,Name_6109,9000006109,Address 6109
6110,Hindi,Female,211711692,Name_6110,9000006110,Address 6110
6111,Telugu,Male,211711692,Name_6111,9000006111,Address 6111
6112,English,Female,211711692,Name_6112,9000006112,Address 6112
6113,Hindi,Male,211711692,Name_6113,9000006113,Address 6113
6114,Telugu,Female,211711692,Name_6114,9000006114,Address 6114
6115,English,Male,211711692,Name_6115,9000006115,Address 6115
6116,Hindi,Female,211711692,Name_6116,9000006116,Address 6116
6117,Telugu,Male,211711693,Name_6117,9000006117,Address 6117
6118,English,Female,211711693,Name_6118,9000006118,Address 6118
6119,Hindi,Male,211711693,Name_6119,9000006119,Address 6119
6120,Telugu,Female,211711693,Name_6120,9000006120,Address 6120
6121,English,Male,211711693,Name_6121,9000006121,Address 6121
6122,Hindi,Female,211711693,Name_6122,9000006122,Address 6122
6123,Telugu,Male,211711693,Name_6123,9000006123,Address 6123
6124,English,Female,211711693,Name_6124,9000006124,Address 6124
6125,Hindi,Male,211711693,Name_6125,9000006125,Address 6125
6126,Telugu,Female,211711693,Name_6126,9000006126,Address 6126
6127,English,Male,211711693,Name_6127,9000006127,Address 6127
6128,Hindi,Female,211711693,Name_6128,9000006128,Address 6128
6129,Telugu,Male,211711693,Name_6129,9000006129,Address 6129
6130,English,Female,211711693,Name_6130,9000006130,Address 6130
6131,Hindi,Male,211711693,Name_6131,9000006131,Address 6131
6132,Telugu,Female,211711693,Name_6132,9000006132,Address 6132
6133,English,Male,211711693,Name_6133,9000006133,Address 6133
6134,Hindi,Female,211711693,Name_6134,9000006134,Address 6134
6135,Telugu,Male,211711693,Name_6135,9000006135,Address 6135
6136,English,Female,211711693,Name_6136,9000006136,Address 6136
6137,Hindi,Male,211711693,Name_6137,9000006137,Address 6137
6138,Telugu,Female,211711693,Name_6138,9000006138,Address 6138
6139,English,Male,211711694,Name_6139,9000006139,Address 6139
6140,Hindi,Female,211711694,Name_6140,9000006140,Address 6140
6141,Telugu,Male,211711694,Name_6141,9000006141,Address 6141
6142,English,Female,211711694,Name_6142,9000006142,Address 6142
6143,Hindi,Male,211711694,Name_6143,9000006143,Address 6143
6144,Telugu,Female,211711694,Name_6144,9000006144,Address 6144
6145,English,Male,211711694,Name_6145,9000006145,Address 6145
6146,Hindi,Female,211711694,Name_6146,9000006146,Address 6146
6147,Telugu,Male,211711694,Name_6147,9000006147,Address 6147
6148,English,Female,211711694,Name_6148,9000006148,Address 6148
6149,Hindi,Male,211711694,Name_6149,9000006149,Address 6149
6150,Telugu,Female,211711694,Name_6150,9000006150,Address 6150
6151,English,Male,211711694,Name_6151,9000006151,Address 6151
6152,Hindi,Female,211711694,Name_6152,9000006152,Address 6152
6153,Telugu,Male,211711694,Name_6153,9000006153,Address 6153
6154,English,Female,211711694,Name_6154,9000006154,Address 6154
6155,Hindi,Male,211711694,Name_6155,9000006155,Address 6155
6156,Telugu,Female,211711694,Name_6156,9000006156,Address 6156
6157,English,Male,211711694,Name_6157,9000006157,Address 6157
6158,Hindi,Female,211711694,Name_6158,9000006158,Address 6158
6159,Telugu,Male,211711694,Name_6159,9000006159,Address 6159
6160,English,Female,211711694,Name_6160,9000006160,Address 6160
6161,Hindi,Male,211711695,Name_6161,9000006161,Address 6161
6162,Telugu,Female,211711695,Name_6162,9000006162,Address 6162
6163,English,Male,211711695,Name_6163,9000006163,Address 6163
6164,Hindi,Female,211711695,Name_6164,9000006164,Address 6164
6165,Telugu,Male,211711695,Name_6165,9000006165,Address 6165
6166,English,Female,211711695,Name_6166,9000006166,Address 6166
6167,Hindi,Male,211711695,Name_6167,9000006167,Address 6167
6168,Telugu,Female,211711695,Name_6168,9000006168,Address 6168
6169,English,Male,211711695,Name_6169,9000006169,Address 6169
6170,Hindi,Female,211711695,Name_6170,9000006170,Address 6170
6171,Telugu,Male,211711695,Name_6171,9000006171,Address 6171
6172,English,Female,211711695,Name_6172,9000006172,Address 6172
6173,Hindi,Male,211711695,Name_6173,9000006173,Address 6173
6174,Telugu,Female,211711695,Name_6174,9000006174,Address 6174
6175,English,Male,211711695,Name_6175,9000006175,Address 6175
6176,Hindi,Female,211711695,Name_6176,9000006176,Address 6176
6177,Telugu,Male,211711695,Name_6177,9000006177,Address 6177
6178,English,Female,211711695,Name_6178,9000006178,Address 6178
6179,Hindi,Male,211711695,Name_6179,9000006179,Address 6179
6180,Telugu,Female,211711695,Name_6180,9000006180,Address 6180
6181,English,Male,211711695,Name_6181,9000006181,Address 6181
6182,Hindi,Female,211711695,Name_6182,9000006182,Address 6182
6183,Telugu,Male,211711696,Name_6183,9000006183,Address 6183
6184,English,Female,211711696,Name_6184,9000006184,Address 6184
6185,Hindi,Male,211711696,Name_6185,9000006185,Address 6185
6186,Telugu,Female,211711696,Name_6186,9000006186,Address 6186
6187,English,Male,211711696,Name_6187,9000006187,Address 6187
6188,Hindi,Female,211711696,Name_6188,9000006188,Address 6188
6189,Telugu,Male,211711696,Name_6189,9000006189,Address 6189
6190,English,Female,211711696,Name_6190,9000006190,Address 6190
6191,Hindi,Male,211711696,Name_6191,9000006191,Address 6191
6192,Telugu,Female,211711696,Name_6192,9000006192,Address 6192
6193,English,Male,211711696,Name_6193,9000006193,Address 6193
6194,Hindi,Female,211711696,Name_6194,9000006194,Address 6194
6195,Telugu,Male,211711696,Name_6195,9000006195,Address 6195
6196,English,Female,211711696,Name_6196,9000006196,Address 6196
6197,Hindi,Male,211711696,Name_6197,9000006197,Address 6197
6198,Telugu,Female,211711696,Name_6198,9000006198,Address 6198
6199,English,Male,211711696,Name_6199,9000006199,Address 6199
6200,Hindi,Female,211711696,Name_6200,9000006200,Address 6200
6201,Telugu,Male,211711696,Name_6201,9000006201,Address 6201
6202,English,Female,211711696,Name_6202,9000006202,Address 6202
6203,Hindi,Male,211711696,Name_6203,9000006203,Address 6203
6204,Telugu,Female,211711696,Name_6204,9000006204,Address 6204
6205,English,Male,211711697,Name_6205,9000006205,Address 6205
6206,Hindi,Female,211711697,Name_6206,9000006206,Address 6206
6207,Telugu,Male,211711697,Name_6207,9000006207,Address 6207
6208,English,Female,211711697,Name_6208,9000006208,Address 6208
6209,Hindi,Male,211711697,Name_6209,9000006209,Address 6209
6210,Telugu,Female,211711697,Name_6210,9000006210,Address 6210
6211,English,Male,211711697,Name_6211,9000006211,Address 6211
6212,Hindi,Female,211711697,Name_6212,9000006212,Address 6212
6213,Telugu,Male,211711697,Name_6213,9000006213,Address 6213
6214,English,Female,211711697,Name_6214,9000006214,Address 6214
6215,Hindi,Male,211711697,Name_6215,9000006215,Address 6215
6216,Telugu,Female,211711697,Name_6216,9000006216,Address 6216
6217,English,Male,211711697,Name_6217,9000006217,Address 6217
6218,Hindi,Female,211711697,Name_6218,9000006218,Address 6218
6219,Telugu,Male,211711697,Name_6219,9000006219,Address 6219
6220,English,Female,211711697,Name_6220,9000006220,Address 6220
6221,Hindi,Male,211711697,Name_6221,9000006221,Address 6221
6222,Telugu,Female,211711697,Name_6222,9000006222,Address 6222
6223,English,Male,211711697,Name_6223,9000006223,Address 6223
6224,Hindi,Female,211711697,Name_6224,9000006224,Address 6224
6225,Telugu,Male,211711697,Name_6225,9000006225,Address 6225
6226,English,Female,211711697,Name_6226,9000006226,Address 6226
6227,Hindi,Male,211711698,Name_6227,9000006227,Address 6227
6228,Telugu,Female,211711698,Name_6228,9000006228,Address 6228
6229,English,Male,211711698,Name_6229,9000006229,Address 6229
6230,Hindi,Female,211711698,Name_6230,9000006230,Address 6230
6231,Telugu,Male,211711698,Name_6231,9000006231,Address 6231
6232,English,Female,211711698,Name_6232,9000006232,Address 6232
6233,Hindi,Male,211711698,Name_6233,9000006233,Address 6233
6234,Telugu,Female,211711698,Name_6234,9000006234,Address 6234
6235,English,Male,211711698,Name_6235,9000006235,Address 6235
6236,Hindi,Female,211711698,Name_6236,9000006236,Address 6236
6237,Telugu,Male,211711698,Name_6237,9000006237,Address 6237
6238,English,Female,211711698,Name_6238,9000006238,Address 6238
6239,Hindi,Male,211711698,Name_6239,9000006239,Address 6239
6240,Telugu,Female,211711698,Name_6240,9000006240,Address 6240
6241,English,Male,211711698,Name_6241,9000006241,Address 6241
6242,Hindi,Female,211711698,Name_6242,9000006242,Address 6242
6243,Telugu,Male,211711698,Name_6243,9000006243,Address 6243
6244,English,Female,211711698,Name_6244,9000006244,Address 6244
6245,Hindi,Male,211711698,Name_6245,9000006245,Address 6245
6246,Telugu,Female,211711698,Name_6246,9000006246,Address 6246
6247,English,Male,211711698,Name_6247,9000006247,Address 6247
6248,Hindi,Female,211711698,Name_6248,9000006248,Address 6248
6249,Telugu,Male,211711699,Name_6249,9000006249,Address 6249
6250,English,Female,211711699,Name_6250,9000006250,Address 6250
6251,Hindi,Male,211711699,Name_6251,9000006251,Address 6251
6252,Telugu,Female,211711699,Name_6252,9000006252,Address 6252
6253,English,Male,211711699,Name_6253,9000006253,Address 6253
6254,Hindi,Female,211711699,Name_6254,9000006254,Address 6254
6255,Telugu,Male,211711699,Name_6255,9000006255,Address 6255
6256,English,Female,211711699,Name_6256,9000006256,Address 6256
6257,Hindi,Male,211711699,Name_6257,9000006257,Address 6257
6258,Telugu,Female,211711699,Name_6258,9000006258,Address 6258
6259,English,Male,211711699,Name_6259,9000006259,Address 6259
6260,Hindi,Female,211711699,Name_6260,9000006260,Address 6260
6261,Telugu,Male,211711699,Name_6261,9000006261,Address 6261
6262,English,Female,211711699,Name_6262,9000006262,Address 6262
6263,Hindi,Male,211711699,Name_6263,9000006263,Address 6263
6264,Telugu,Female,211711699,Name_6264,9000006264,Address 6264
6265,English,Male,211711699,Name_6265,9000006265,Address 6265
6266,Hindi,Female,211711699,Name_6266,9000006266,Address 6266
6267,Telugu,Male,211711699,Name_6267,9000006267,Address 6267
6268,English,Female,211711699,Name_6268,9000006268,Address 6268
6269,Hindi,Male,211711699,Name_6269,9000006269,Address 6269
6270,Telugu,Female,211711699,Name_6270,9000006270,Address 6270
6271,English,Male,211711916,Name_6271,9000006271,Address 6271
6272,Hindi,Female,211711916,Name_6272,9000006272,Address 6272
6273,Telugu,Male,211711916,Name_6273,9000006273,Address 6273
6274,English,Female,211711916,Name_6274,9000006274,Address 6274
6275,Hindi,Male,211711916,Name_6275,9000006275,Address 6275
6276,Telugu,Female,211711916,Name_6276,9000006276,Address 6276
6277,English,Male,211711916,Name_6277,9000006277,Address 6277
6278,Hindi,Female,211711916,Name_6278,9000006278,Address 6278
6279,Telugu,Male,211711916,Name_6279,9000006279,Address 6279
6280,English,Female,211711916,Name_6280,9000006280,Address 6280
6281,Hindi,Male,211711916,Name_6281,9000006281,Address 6281
6282,Telugu,Female,211711916,Name_6282,9000006282,Address 6282
6283,English,Male,211711916,Name_6283,9000006283,Address 6283
6284,Hindi,Female,211711916,Name_6284,9000006284,Address 6284
6285,Telugu,Male,211711916,Name_6285,9000006285,Address 6285
6286,English,Female,211711916,Name_6286,9000006286,Address 6286
6287,Hindi,Male,211711916,Name_6287,9000006287,Address 6287
6288,Telugu,Female,211711916,Name_6288,9000006288,Address 6288
6289,English,Male,211711916,Name_6289,9000006289,Address 6289
6290,Hindi,Female,211711916,Name_6290,9000006290,Address 6290
6291,Telugu,Male,211711916,Name_6291,9000006291,Address 6291
6292,English,Female,211711916,Name_6292,9000006292,Address 6292
6293,Hindi,Male,211711917,Name_6293,9000006293,Address 6293
6294,Telugu,Female,211711917,Name_6294,9000006294,Address 6294
6295,English,Male,211711917,Name_6295,9000006295,Address 6295
6296,Hindi,Female,211711917,Name_6296,9000006296,Address 6296
6297,Telugu,Male,211711917,Name_6297,9000006297,Address 6297
6298,English,Female,211711917,Name_6298,9000006298,Address 6298
6299,Hindi,Male,211711917,Name_6299,9000006299,Address 6299
6300,Telugu,Female,211711917,Name_6300,9000006300,Address 6300
6301,English,Male,211711917,Name_6301,9000006301,Address 6301
6302,Hindi,Female,211711917,Name_6302,9000006302,Address 6302
6303,Telugu,Male,211711917,Name_6303,9000006303,Address 6303
6304,English,Female,211711917,Name_6304,9000006304,Address 6304
6305,Hindi,Male,211711917,Name_6305,9000006305,Address 6305
6306,Telugu,Female,211711917,Name_6306,9000006306,Address 6306
6307,English,Male,211711917,Name_6307,9000006307,Address 6307
6308,Hindi,Female,211711917,Name_6308,9000006308,Address 6308
6309,Telugu,Male,211711917,Name_6309,9000006309,Address 6309
6310,English,Female,211711917,Name_6310,9000006310,Address 6310
6311,Hindi,Male,211711917,Name_6311,9000006311,Address 6311
6312,Telugu,Female,211711917,Name_6312,9000006312,Address 6312
6313,English,Male,211711917,Name_6313,9000006313,Address 6313
6314,Hindi,Female,211711917,Name_6314,9000006314,Address 6314
6315,Telugu,Male,211711924,Name_6315,9000006315,Address 6315
6316,English,Female,211711924,Name_6316,9000006316,Address 6316
6317,Hindi,Male,211711924,Name_6317,9000006317,Address 6317
6318,Telugu,Female,211711924,Name_6318,9000006318,Address 6318
6319,English,Male,211711924,Name_6319,9000006319,Address 6319
6320,Hindi,Female,211711924,Name_6320,9000006320,Address 6320
6321,Telugu,Male,211711924,Name_6321,9000006321,Address 6321
6322,English,Female,211711924,Name_6322,9000006322,Address 6322
6323,Hindi,Male,211711924,Name_6323,9000006323,Address 6323
6324,Telugu,Female,211711924,Name_6324,9000006324,Address 6324
6325,English,Male,211711924,Name_6325,9000006325,Address 6325
6326,Hindi,Female,211711924,Name_6326,9000006326,Address 6326
6327,Telugu,Male,211711924,Name_6327,9000006327,Address 6327
6328,English,Female,211711924,Name_6328,9000006328,Address 6328
6329,Hindi,Male,211711924,Name_6329,9000006329,Address 6329
6330,Telugu,Female,211711924,Name_6330,9000006330,Address 6330
6331,English,Male,211711924,Name_6331,9000006331,Address 6331
6332,Hindi,Female,211711924,Name_6332,9000006332,Address 6332
6333,Telugu,Male,211711924,Name_6333,9000006333,Address 6333
6334,English,Female,211711924,Name_6334,9000006334,Address 6334
6335,Hindi,Male,211711924,Name_6335,9000006335,Address 6335
6336,Telugu,Female,211711924,Name_6336,9000006336,Address 6336
6337,English,Male,211711925,Name_6337,9000006337,Address 6337
6338,Hindi,Female,211711925,Name_6338,9000006338,Address 6338
6339,Telugu,Male,211711925,Name_6339,9000006339,Address 6339
6340,English,Female,211711925,Name_6340,9000006340,Address 6340
6341,Hindi,Male,211711925,Name_6341,9000006341,Address 6341
6342,Telugu,Female,211711925,Name_6342,9000006342,Address 6342
6343,English,Male,211711925,Name_6343,9000006343,Address 6343
6344,Hindi,Female,211711925,Name_6344,9000006344,Address 6344
6345,Telugu,Male,211711925,Name_6345,9000006345,Address 6345
6346,English,Female,211711925,Name_6346,9000006346,Address 6346
6347,Hindi,Male,211711925,Name_6347,9000006347,Address 6347
6348,Telugu,Female,211711925,Name_6348,9000006348,Address 6348
6349,English,Male,211711925,Name_6349,9000006349,Address 6349
6350,Hindi,Female,211711925,Name_6350,9000006350,Address 6350
6351,Telugu,Male,211711925,Name_6351,9000006351,Address 6351
6352,English,Female,211711925,Name_6352,9000006352,Address 6352
6353,Hindi,Male,211711925,Name_6353,9000006353,Address 6353
6354,Telugu,Female,211711925,Name_6354,9000006354,Address 6354
6355,English,Male,211711925,Name_6355,9000006355,Address 6355
6356,Hindi,Female,211711925,Name_6356,9000006356,Address 6356
6357,Telugu,Male,211711925,Name_6357,9000006357,Address 6357
6358,English,Female,211711925,Name_6358,9000006358,Address 6358
6359,Hindi,Male,211711935,Name_6359,9000006359,Address 6359
6360,Telugu,Female,211711935,Name_6360,9000006360,Address 6360
6361,English,Male,211711935,Name_6361,9000006361,Address 6361
6362,Hindi,Female,211711935,Name_6362,9000006362,Address 6362
6363,Telugu,Male,211711935,Name_6363,9000006363,Address 6363
6364,English,Female,211711935,Name_6364,9000006364,Address 6364
6365,Hindi,Male,211711935,Name_6365,9000006365,Address 6365
6366,Telugu,Female,211711935,Name_6366,9000006366,Address 6366
6367,English,Male,211711935,Name_6367,9000006367,Address 6367
6368,Hindi,Female,211711935,Name_6368,9000006368,Address 6368
6369,Telugu,Male,211711935,Name_6369,9000006369,Address 6369
6370,English,Female,211711935,Name_6370,9000006370,Address 6370
6371,Hindi,Male,211711935,Name_6371,9000006371,Address 6371
6372,Telugu,Female,211711935,Name_6372,9000006372,Address 6372
6373,English,Male,211711935,Name_6373,9000006373,Address 6373
6374,Hindi,Female,211711935,Name_6374,9000006374,Address 6374
6375,Telugu,Male,211711935,Name_6375,9000006375,Address 6375
6376,English,Female,211711935,Name_6376,9000006376,Address 6376
6377,Hindi,Male,211711935,Name_6377,9000006377,Address 6377
6378,Telugu,Female,211711935,Name_6378,9000006378,Address 6378
6379,English,Male,211711935,Name_6379,9000006379,Address 6379
6380,Hindi,Female,211711935,Name_6380,9000006380,Address 6380
6381,Telugu,Male,211711936,Name_6381,9000006381,Address 6381
6382,English,Female,211711936,Name_6382,9000006382,Address 6382
6383,Hindi,Male,211711936,Name_6383,9000006383,Address 6383
6384,Telugu,Female,211711936,Name_6384,9000006384,Address 6384
6385,English,Male,211711936,Name_6385,9000006385,Address 6385
6386,Hindi,Female,211711936,Name_6386,9000006386,Address 6386
6387,Telugu,Male,211711936,Name_6387,9000006387,Address 6387
6388,English,Female,211711936,Name_6388,9000006388,Address 6388
6389,Hindi,Male,211711936,Name_6389,9000006389,Address 6389
6390,Telugu,Female,211711936,Name_6390,9000006390,Address 6390
6391,English,Male,211711936,Name_6391,9000006391,Address 6391
6392,Hindi,Female,211711936,Name_6392,9000006392,Address 6392
6393,Telugu,Male,211711936,Name_6393,9000006393,Address 6393
6394,English,Female,211711936,Name_6394,9000006394,Address 6394
6395,Hindi,Male,211711936,Name_6395,9000006395,Address 6395
6396,Telugu,Female,211711936,Name_6396,9000006396,Address 6396
6397,English,Male,211711936,Name_6397,9000006397,Address 6397
6398,Hindi,Female,211711936,Name_6398,9000006398,Address 6398
6399,Telugu,Male,211711936,Name_6399,9000006399,Address 6399
6400,English,Female,211711936,Name_6400,9000006400,Address 6400
6401,Hindi,Male,211711936,Name_6401,9000006401,Address 6401
6402,Telugu,Female,211711936,Name_6402,9000006402,Address 6402
6403,English,Male,211711938,Name_6403,9000006403,Address 6403
6404,Hindi,Female,211711938,Name_6404,9000006404,Address 6404
6405,Telugu,Male,211711938,Name_6405,9000006405,Address 6405
6406,English,Female,211711938,Name_6406,9000006406,Address 6406
6407,Hindi,Male,211711938,Name_6407,9000006407,Address 6407
6408,Telugu,Female,211711938,Name_6408,9000006408,Address 6408
6409,English,Male,211711938,Name_6409,9000006409,Address 6409
6410,Hindi,Female,211711938,Name_6410,9000006410,Address 6410
6411,Telugu,Male,211711938,Name_6411,9000006411,Address 6411
6412,English,Female,211711938,Name_6412,9000006412,Address 6412
6413,Hindi,Male,211711938,Name_6413,9000006413,Address 6413
6414,Telugu,Female,211711938,Name_6414,9000006414,Address 6414
6415,English,Male,211711938,Name_6415,9000006415,Address 6415
6416,Hindi,Female,211711938,Name_6416,9000006416,Address 6416
6417,Telugu,Male,211711938,Name_6417,9000006417,Address 6417
6418,English,Female,211711938,Name_6418,9000006418,Address 6418
6419,Hindi,Male,211711938,Name_6419,9000006419,Address 6419
6420,Telugu,Female,211711938,Name_6420,9000006420,Address 6420
6421,English,Male,211711938,Name_6421,9000006421,Address 6421
6422,Hindi,Female,211711938,Name_6422,9000006422,Address 6422
6423,Telugu,Male,211711938,Name_6423,9000006423,Address 6423
6424,English,Female,211711938,Name_6424,9000006424,Address 6424
6425,Hindi,Male,211711945,Name_6425,9000006425,Address 6425
6426,Telugu,Female,211711945,Name_6426,9000006426,Address 6426
6427,English,Male,211711945,Name_6427,9000006427,Address 6427
6428,Hindi,Female,211711945,Name_6428,9000006428,Address 6428
6429,Telugu,Male,211711945,Name_6429,9000006429,Address 6429
6430,English,Female,211711945,Name_6430,9000006430,Address 6430
6431,Hindi,Male,211711945,Name_6431,9000006431,Address 6431
6432,Telugu,Female,211711945,Name_6432,9000006432,Address 6432
6433,English,Male,211711945,Name_6433,9000006433,Address 6433
6434,Hindi,Female,211711945,Name_6434,9000006434,Address 6434
6435,Telugu,Male,211711945,Name_6435,9000006435,Address 6435
6436,English,Female,211711945,Name_6436,9000006436,Address 6436
6437,Hindi,Male,211711945,Name_6437,9000006437,Address 6437
6438,Telugu,Female,211711945,Name_6438,9000006438,Address 6438
6439,English,Male,211711945,Name_6439,9000006439,Address 6439
6440,Hindi,Female,211711945,Name_6440,9000006440,Address 6440
6441,Telugu,Male,211711945,Name_6441,9000006441,Address 6441
6442,English,Female,211711945,Name_6442,9000006442,Address 6442
6443,Hindi,Male,211711945,Name_6443,9000006443,Address 6443
6444,Telugu,Female,211711945,Name_6444,9000006444,Address 6444
6445,English,Male,211711945,Name_6445,9000006445,Address 6445
6446,Hindi,Female,211711945,Name_6446,9000006446,Address 6446
6447,Telugu,Male,211711947,Name_6447,9000006447,Address 6447
6448,English,Female,211711947,Name_6448,9000006448,Address 6448
6449,Hindi,Male,211711947,Name_6449,9000006449,Address 6449
6450,Telugu,Female,211711947,Name_6450,9000006450,Address 6450
6451,English,Male,211711947,Name_6451,9000006451,Address 6451
6452,Hindi,Female,211711947,Name_6452,9000006452,Address 6452
6453,Telugu,Male,211711947,Name_6453,9000006453,Address 6453
6454,English,Female,211711947,Name_6454,9000006454,Address 6454
6455,Hindi,Male,211711947,Name_6455,9000006455,Address 6455
6456,Telugu,Female,211711947,Name_6456,9000006456,Address 6456
6457,English,Male,211711947,Name_6457,9000006457,Address 6457
6458,Hindi,Female,211711947,Name_6458,9000006458,Address 6458
6459,Telugu,Male,211711947,Name_6459,9000006459,Address 6459
6460,English,Female,211711947,Name_6460,9000006460,Address 6460
6461,Hindi,Male,211711947,Name_6461,9000006461,Address 6461
6462,Telugu,Female,211711947,Name_6462,9000006462,Address 6462
6463,English,Male,211711947,Name_6463,9000006463,Address 6463
6464,Hindi,Female,211711947,Name_6464,9000006464,Address 6464
6465,Telugu,Male,211711947,Name_6465,9000006465,Address 6465
6466,English,Female,211711947,Name_6466,9000006466,Address 6466
6467,Hindi,Male,211711947,Name_6467,9000006467,Address 6467
6468,Telugu,Female,211711947,Name_6468,9000006468,Address 6468
6469,English,Male,211711948,Name_6469,9000006469,Address 6469
6470,Hindi,Female,211711948,Name_6470,9000006470,Address 6470
6471,Telugu,Male,211711948,Name_6471,9000006471,Address 6471
6472,English,Female,211711948,Name_6472,9000006472,Address 6472
6473,Hindi,Male,211711948,Name_6473,9000006473,Address 6473
6474,Telugu,Female,211711948,Name_6474,9000006474,Address 6474
6475,English,Male,211711948,Name_6475,9000006475,Address 6475
6476,Hindi,Female,211711948,Name_6476,9000006476,Address 6476
6477,Telugu,Male,211711948,Name_6477,9000006477,Address 6477
6478,English,Female,211711948,Name_6478,9000006478,Address 6478
6479,Hindi,Male,211711948,Name_6479,9000006479,Address 6479
6480,Telugu,Female,211711948,Name_6480,9000006480,Address 6480
6481,English,Male,211711948,Name_6481,9000006481,Address 6481
6482,Hindi,Female,211711948,Name_6482,9000006482,Address 6482
6483,Telugu,Male,211711948,Name_6483,9000006483,Address 6483
6484,English,Female,211711948,Name_6484,9000006484,Address 6484
6485,Hindi,Male,211711948,Name_6485,9000006485,Address 6485
6486,Telugu,Female,211711948,Name_6486,9000006486,Address 6486
6487,English,Male,211711948,Name_6487,9000006487,Address 6487
6488,Hindi,Female,211711948,Name_6488,9000006488,Address 6488
6489,Telugu,Male,211711948,Name_6489,9000006489,Address 6489
6490,English,Female,211711948,Name_6490,9000006490,Address 6490
6491,Hindi,Male,211711954,Name_6491,9000006491,Address 6491
6492,Telugu,Female,211711954,Name_6492,9000006492,Address 6492
6493,English,Male,211711954,Name_6493,9000006493,Address 6493
6494,Hindi,Female,211711954,Name_6494,9000006494,Address 6494
6495,Telugu,Male,211711954,Name_6495,9000006495,Address 6495
6496,English,Female,211711954,Name_6496,9000006496,Address 6496
6497,Hindi,Male,211711954,Name_6497,9000006497,Address 6497
6498,Telugu,Female,211711954,Name_6498,9000006498,Address 6498
6499,English,Male,211711954,Name_6499,9000006499,Address 6499
6500,Hindi,Female,211711954,Name_6500,9000006500,Address 6500
6501,Telugu,Male,211711954,Name_6501,9000006501,Address 6501
6502,English,Female,211711954,Name_6502,9000006502,Address 6502
6503,Hindi,Male,211711954,Name_6503,9000006503,Address 6503
6504,Telugu,Female,211711954,Name_6504,9000006504,Address 6504
6505,English,Male,211711954,Name_6505,9000006505,Address 6505
6506,Hindi,Female,211711954,Name_6506,9000006506,Address 6506
6507,Telugu,Male,211711954,Name_6507,9000006507,Address 6507
6508,English,Female,211711954,Name_6508,9000006508,Address 6508
6509,Hindi,Male,211711954,Name_6509,9000006509,Address 6509
6510,Telugu,Female,211711954,Name_6510,9000006510,Address 6510
6511,English,Male,211711954,Name_6511,9000006511,Address 6511
6512,Hindi,Female,211711954,Name_6512,9000006512,Address 6512
6513,Telugu,Male,211711959,Name_6513,9000006513,Address 6513
6514,English,Female,211711959,Name_6514,9000006514,Address 6514
6515,Hindi,Male,211711959,Name_6515,9000006515,Address 6515
6516,Telugu,Female,211711959,Name_6516,9000006516,Address 6516
6517,English,Male,211711959,Name_6517,9000006517,Address 6517
6518,Hindi,Female,211711959,Name_6518,9000006518,Address 6518
6519,Telugu,Male,211711959,Name_6519,9000006519,Address 6519
6520,English,Female,211711959,Name_6520,9000006520,Address 6520
6521,Hindi,Male,211711959,Name_6521,9000006521,Address 6521
6522,Telugu,Female,211711959,Name_6522,9000006522,Address 6522
6523,English,Male,211711959,Name_6523,9000006523,Address 6523
6524,Hindi,Female,211711959,Name_6524,9000006524,Address 6524
6525,Telugu,Male,211711959,Name_6525,9000006525,Address 6525
6526,English,Female,211711959,Name_6526,9000006526,Address 6526
6527,Hindi,Male,211711959,Name_6527,9000006527,Address 6527
6528,Telugu,Female,211711959,Name_6528,9000006528,Address 6528
6529,English,Male,211711959,Name_6529,9000006529,Address 6529
6530,Hindi,Female,211711959,Name_6530,9000006530,Address 6530
6531,Telugu,Male,211711959,Name_6531,9000006531,Address 6531
6532,English,Female,211711959,Name_6532,9000006532,Address 6532
6533,Hindi,Male,211711959,Name_6533,9000006533,Address 6533
6534,Telugu,Female,211711959,Name_6534,9000006534,Address 6534
6535,English,Male,211711960,Name_6535,9000006535,Address 6535
6536,Hindi,Female,211711960,Name_6536,9000006536,Address 6536
6537,Telugu,Male,211711960,Name_6537,9000006537,Address 6537
6538,English,Female,211711960,Name_6538,9000006538,Address 6538
6539,Hindi,Male,211711960,Name_6539,9000006539,Address 6539
6540,Telugu,Female,211711960,Name_6540,9000006540,Address 6540
6541,English,Male,211711960,Name_6541,9000006541,Address 6541
6542,Hindi,Female,211711960,Name_6542,9000006542,Address 6542
6543,Telugu,Male,211711960,Name_6543,9000006543,Address 6543
6544,English,Female,211711960,Name_6544,9000006544,Address 6544
6545,Hindi,Male,211711960,Name_6545,9000006545,Address 6545
6546,Telugu,Female,211711960,Name_6546,9000006546,Address 6546
6547,English,Male,211711960,Name_6547,9000006547,Address 6547
6548,Hindi,Female,211711960,Name_6548,9000006548,Address 6548
6549,Telugu,Male,211711960,Name_6549,9000006549,Address 6549
6550,English,Female,211711960,Name_6550,9000006550,Address 6550
6551,Hindi,Male,211711960,Name_6551,9000006551,Address 6551
6552,Telugu,Female,211711960,Name_6552,9000006552,Address 6552
6553,English,Male,211711960,Name_6553,9000006553,Address 6553
6554,Hindi,Female,211711960,Name_6554,9000006554,Address 6554
6555,Telugu,Male,211711960,Name_6555,9000006555,Address 6555
6556,English,Female,211711960,Name_6556,9000006556,Address 6556
6557,Hindi,Male,211711962,Name_6557,9000006557,Address 6557
6558,Telugu,Female,211711962,Name_6558,9000006558,Address 6558
6559,English,Male,211711962,Name_6559,9000006559,Address 6559
6560,Hindi,Female,211711962,Name_6560,9000006560,Address 6560
6561,Telugu,Male,211711962,Name_6561,9000006561,Address 6561
6562,English,Female,211711962,Name_6562,9000006562,Address 6562
6563,Hindi,Male,211711962,Name_6563,9000006563,Address 6563
6564,Telugu,Female,211711962,Name_6564,9000006564,Address 6564
6565,English,Male,211711962,Name_6565,9000006565,Address 6565
6566,Hindi,Female,211711962,Name_6566,9000006566,Address 6566
6567,Telugu,Male,211711962,Name_6567,9000006567,Address 6567
6568,English,Female,211711962,Name_6568,9000006568,Address 6568
6569,Hindi,Male,211711962,Name_6569,9000006569,Address 6569
6570,Telugu,Female,211711962,Name_6570,9000006570,Address 6570
6571,English,Male,211711962,Name_6571,9000006571,Address 6571
6572,Hindi,Female,211711962,Name_6572,9000006572,Address 6572
6573,Telugu,Male,211711962,Name_6573,9000006573,Address 6573
6574,English,Female,211711962,Name_6574,9000006574,Address 6574
6575,Hindi,Male,211711962,Name_6575,9000006575,Address 6575
6576,Telugu,Female,211711962,Name_6576,9000006576,Address 6576
6577,English,Male,211711962,Name_6577,9000006577,Address 6577
6578,Hindi,Female,211711962,Name_6578,9000006578,Address 6578
6579,Telugu,Male,211711969,Name_6579,9000006579,Address 6579
6580,English,Female,211711969,Name_6580,9000006580,Address 6580
6581,Hindi,Male,211711969,Name_6581,9000006581,Address 6581
6582,Telugu,Female,211711969,Name_6582,9000006582,Address 6582
6583,English,Male,211711969,Name_6583,9000006583,Address 6583
6584,Hindi,Female,211711969,Name_6584,9000006584,Address 6584
6585,Telugu,Male,211711969,Name_6585,9000006585,Address 6585
6586,English,Female,211711969,Name_6586,9000006586,Address 6586
6587,Hindi,Male,211711969,Name_6587,9000006587,Address 6587
6588,Telugu,Female,211711969,Name_6588,9000006588,Address 6588
6589,English,Male,211711969,Name_6589,9000006589,Address 6589
6590,Hindi,Female,211711969,Name_6590,9000006590,Address 6590
6591,Telugu,Male,211711969,Name_6591,9000006591,Address 6591
6592,English,Female,211711969,Name_6592,9000006592,Address 6592
6593,Hindi,Male,211711969,Name_6593,9000006593,Address 6593
6594,Telugu,Female,211711969,Name_6594,9000006594,Address 6594
6595,English,Male,211711969,Name_6595,9000006595,Address 6595
6596,Hindi,Female,211711969,Name_6596,9000006596,Address 6596
6597,Telugu,Male,211711969,Name_6597,9000006597,Address 6597
6598,English,Female,211711969,Name_6598,9000006598,Address 6598
6599,Hindi,Male,211711969,Name_6599,9000006599,Address 6599
6600,Telugu,Female,211711969,Name_6600,9000006600,Address 6600
6601,English,Male,211711982,Name_6601,9000006601,Address 6601
6602,Hindi,Female,211711982,Name_6602,9000006602,Address 6602
6603,Telugu,Male,211711982,Name_6603,9000006603,Address 6603
6604,English,Female,211711982,Name_6604,9000006604,Address 6604
6605,Hindi,Male,211711982,Name_6605,9000006605,Address 6605
6606,Telugu,Female,211711982,Name_6606,9000006606,Address 6606
6607,English,Male,211711982,Name_6607,9000006607,Address 6607
6608,Hindi,Female,211711982,Name_6608,9000006608,Address 6608
6609,Telugu,Male,211711982,Name_6609,9000006609,Address 6609
6610,English,Female,211711982,Name_6610,9000006610,Address 6610
6611,Hindi,Male,211711982,Name_6611,9000006611,Address 6611
6612,Telugu,Female,211711982,Name_6612,9000006612,Address 6612
6613,English,Male,211711982,Name_6613,9000006613,Address 6613
6614,Hindi,Female,211711982,Name_6614,9000006614,Address 6614
6615,Telugu,Male,211711982,Name_6615,9000006615,Address 6615
6616,English,Female,211711982,Name_6616,9000006616,Address 6616
6617,Hindi,Male,211711982,Name_6617,9000006617,Address 6617
6618,Telugu,Female,211711982,Name_6618,9000006618,Address 6618
6619,English,Male,211711982,Name_6619,9000006619,Address 6619
6620,Hindi,Female,211711982,Name_6620,9000006620,Address 6620
6621,Telugu,Male,211711982,Name_6621,9000006621,Address 6621
6622,English,Female,211711982,Name_6622,9000006622,Address 6622
6623,Hindi,Male,211711987,Name_6623,9000006623,Address 6623
6624,Telugu,Female,211711987,Name_6624,9000006624,Address 6624
6625,English,Male,211711987,Name_6625,9000006625,Address 6625
6626,Hindi,Female,211711987,Name_6626,9000006626,Address 6626
6627,Telugu,Male,211711987,Name_6627,9000006627,Address 6627
6628,English,Female,211711987,Name_6628,9000006628,Address 6628
6629,Hindi,Male,211711987,Name_6629,9000006629,Address 6629
6630,Telugu,Female,211711987,Name_6630,9000006630,Address 6630
6631,English,Male,211711987,Name_6631,9000006631,Address 6631
6632,Hindi,Female,211711987,Name_6632,9000006632,Address 6632
6633,Telugu,Male,211711987,Name_6633,9000006633,Address 6633
6634,English,Female,211711987,Name_6634,9000006634,Address 6634
6635,Hindi,Male,211711987,Name_6635,9000006635,Address 6635
6636,Telugu,Female,211711987,Name_6636,9000006636,Address 6636
6637,English,Male,211711987,Name_6637,9000006637,Address 6637
6638,Hindi,Female,211711987,Name_6638,9000006638,Address 6638
6639,Telugu,Male,211711987,Name_6639,9000006639,Address 6639
6640,English,Female,211711987,Name_6640,9000006640,Address 6640
6641,Hindi,Male,211711987,Name_6641,9000006641,Address 6641
6642,Telugu,Female,211711987,Name_6642,9000006642,Address 6642
6643,English,Male,211711987,Name_6643,9000006643,Address 6643
6644,Hindi,Female,211711987,Name_6644,9000006644,Address 6644
6645,Telugu,Male,211711988,Name_6645,9000006645,Address 6645
6646,English,Female,211711988,Name_6646,9000006646,Address 6646
6647,Hindi,Male,211711988,Name_6647,9000006647,Address 6647
6648,Telugu,Female,211711988,Name_6648,9000006648,Address 6648
6649,English,Male,211711988,Name_6649,9000006649,Address 6649
6650,Hindi,Female,211711988,Name_6650,9000006650,Address 6650
6651,Telugu,Male,211711988,Name_6651,9000006651,Address 6651
6652,English,Female,211711988,Name_6652,9000006652,Address 6652
6653,Hindi,Male,211711988,Name_6653,9000006653,Address 6653
6654,Telugu,Female,211711988,Name_6654,9000006654,Address 6654
6655,English,Male,211711988,Name_6655,9000006655,Address 6655
6656,Hindi,Female,211711988,Name_6656,9000006656,Address 6656
6657,Telugu,Male,211711988,Name_6657,9000006657,Address 6657
6658,English,Female,211711988,Name_6658,9000006658,Address 6658
6659,Hindi,Male,211711988,Name_6659,9000006659,Address 6659
6660,Telugu,Female,211711988,Name_6660,9000006660,Address 6660
6661,English,Male,211711988,Name_6661,9000006661,Address 6661
6662,Hindi,Female,211711988,Name_6662,9000006662,Address 6662
6663,Telugu,Male,211711988,Name_6663,9000006663,Address 6663
6664,English,Female,211711988,Name_6664,9000006664,Address 6664
6665,Hindi,Male,211711988,Name_6665,9000006665,Address 6665
6666,Telugu,Female,211711988,Name_6666,9000006666,Address 6666
6667,English,Male,2117121235,Name_6667,9000006667,Address 6667
6668,Hindi,Female,2117121235,Name_6668,9000006668,Address 6668
6669,Telugu,Male,2117121235,Name_6669,9000006669,Address 6669
6670,English,Female,2117121235,Name_6670,9000006670,Address 6670
6671,Hindi,Male,2117121235,Name_6671,9000006671,Address 6671
6672,Telugu,Female,2117121235,Name_6672,9000006672,Address 6672
6673,English,Male,2117121235,Name_6673,9000006673,Address 6673
6674,Hindi,Female,2117121235,Name_6674,9000006674,Address 6674
6675,Telugu,Male,2117121235,Name_6675,9000006675,Address 6675
6676,English,Female,2117121235,Name_6676,9000006676,Address 6676
6677,Hindi,Male,2117121235,Name_6677,9000006677,Address 6677
6678,Telugu,Female,2117121235,Name_6678,9000006678,Address 6678
6679,English,Male,2117121235,Name_6679,9000006679,Address 6679
6680,Hindi,Female,2117121235,Name_6680,9000006680,Address 6680
6681,Telugu,Male,2117121235,Name_6681,9000006681,Address 6681
6682,English,Female,2117121235,Name_6682,9000006682,Address 6682
6683,Hindi,Male,2117121235,Name_6683,9000006683,Address 6683
6684,Telugu,Female,2117121235,Name_6684,9000006684,Address 6684
6685,English,Male,2117121235,Name_6685,9000006685,Address 6685
6686,Hindi,Female,2117121235,Name_6686,9000006686,Address 6686
6687,Telugu,Male,2117121235,Name_6687,9000006687,Address 6687
6688,English,Female,2117121235,Name_6688,9000006688,Address 6688
6689,Hindi,Male,2117121238,Name_6689,9000006689,Address 6689
6690,Telugu,Female,2117121238,Name_6690,9000006690,Address 6690
6691,English,Male,2117121238,Name_6691,9000006691,Address 6691
6692,Hindi,Female,2117121238,Name_6692,9000006692,Address 6692
6693,Telugu,Male,2117121238,Name_6693,9000006693,Address 6693
6694,English,Female,2117121238,Name_6694,9000006694,Address 6694
6695,Hindi,Male,2117121238,Name_6695,9000006695,Address 6695
6696,Telugu,Female,2117121238,Name_6696,9000006696,Address 6696
6697,English,Male,2117121238,Name_6697,9000006697,Address 6697
6698,Hindi,Female,2117121238,Name_6698,9000006698,Address 6698
6699,Telugu,Male,2117121238,Name_6699,9000006699,Address 6699
6700,English,Female,2117121238,Name_6700,9000006700,Address 6700
6701,Hindi,Male,2117121238,Name_6701,9000006701,Address 6701
6702,Telugu,Female,2117121238,Name_6702,9000006702,Address 6702
6703,English,Male,2117121238,Name_6703,9000006703,Address 6703
6704,Hindi,Female,2117121238,Name_6704,9000006704,Address 6704
6705,Telugu,Male,2117121238,Name_6705,9000006705,Address 6705
6706,English,Female,2117121238,Name_6706,9000006706,Address 6706
6707,Hindi,Male,2117121238,Name_6707,9000006707,Address 6707
6708,Telugu,Female,2117121238,Name_6708,9000006708,Address 6708
6709,English,Male,2117121238,Name_6709,9000006709,Address 6709
6710,Hindi,Female,2117121238,Name_6710,9000006710,Address 6710
6711,Telugu,Male,2117121250,Name_6711,9000006711,Address 6711
6712,English,Female,2117121250,Name_6712,9000006712,Address 6712
6713,Hindi,Male,2117121250,Name_6713,9000006713,Address 6713
6714,Telugu,Female,2117121250,Name_6714,9000006714,Address 6714
6715,English,Male,2117121250,Name_6715,9000006715,Address 6715
6716,Hindi,Female,2117121250,Name_6716,9000006716,Address 6716
6717,Telugu,Male,2117121250,Name_6717,9000006717,Address 6717
6718,English,Female,2117121250,Name_6718,9000006718,Address 6718
6719,Hindi,Male,2117121250,Name_6719,9000006719,Address 6719
6720,Telugu,Female,2117121250,Name_6720,9000006720,Address 6720
6721,English,Male,2117121250,Name_6721,9000006721,Address 6721
6722,Hindi,Female,2117121250,Name_6722,9000006722,Address 6722
6723,Telugu,Male,2117121250,Name_6723,9000006723,Address 6723
6724,English,Female,2117121250,Name_6724,9000006724,Address 6724
6725,Hindi,Male,2117121250,Name_6725,9000006725,Address 6725
6726,Telugu,Female,2117121250,Name_6726,9000006726,Address 6726
6727,English,Male,2117121250,Name_6727,9000006727,Address 6727
6728,Hindi,Female,2117121250,Name_6728,9000006728,Address 6728
6729,Telugu,Male,2117121250,Name_6729,9000006729,Address 6729
6730,English,Female,2117121250,Name_6730,9000006730,Address 6730
6731,Hindi,Male,2117121250,Name_6731,9000006731,Address 6731
6732,Telugu,Female,2117121250,Name_6732,9000006732,Address 6732
6733,English,Male,2117121252,Name_6733,9000006733,Address 6733
6734,Hindi,Female,2117121252,Name_6734,9000006734,Address 6734
6735,Telugu,Male,2117121252,Name_6735,9000006735,Address 6735
6736,English,Female,2117121252,Name_6736,9000006736,Address 6736
6737,Hindi,Male,2117121252,Name_6737,9000006737,Address 6737
6738,Telugu,Female,2117121252,Name_6738,9000006738,Address 6738
6739,English,Male,2117121252,Name_6739,9000006739,Address 6739
6740,Hindi,Female,2117121252,Name_6740,9000006740,Address 6740
6741,Telugu,Male,2117121252,Name_6741,9000006741,Address 6741
6742,English,Female,2117121252,Name_6742,9000006742,Address 6742
6743,Hindi,Male,2117121252,Name_6743,9000006743,Address 6743
6744,Telugu,Female,2117121252,Name_6744,9000006744,Address 6744
6745,English,Male,2117121252,Name_6745,9000006745,Address 6745
6746,Hindi,Female,2117121252,Name_6746,9000006746,Address 6746
6747,Telugu,Male,2117121252,Name_6747,9000006747,Address 6747
6748,English,Female,2117121252,Name_6748,9000006748,Address 6748
6749,Hindi,Male,2117121252,Name_6749,9000006749,Address 6749
6750,Telugu,Female,2117121252,Name_6750,9000006750,Address 6750
6751,English,Male,2117121252,Name_6751,9000006751,Address 6751
6752,Hindi,Female,2117121252,Name_6752,9000006752,Address 6752
6753,Telugu,Male,2117121252,Name_6753,9000006753,Address 6753
6754,English,Female,2117121252,Name_6754,9000006754,Address 6754
6755,Hindi,Male,211810263,Name_6755,9000006755,Address 6755
6756,Telugu,Female,211810263,Name_6756,9000006756,Address 6756
6757,English,Male,211810263,Name_6757,9000006757,Address 6757
6758,Hindi,Female,211810263,Name_6758,9000006758,Address 6758
6759,Telugu,Male,211810263,Name_6759,9000006759,Address 6759
6760,English,Female,211810263,Name_6760,9000006760,Address 6760
6761,Hindi,Male,211810263,Name_6761,9000006761,Address 6761
6762,Telugu,Female,211810263,Name_6762,9000006762,Address 6762
6763,English,Male,211810263,Name_6763,9000006763,Address 6763
6764,Hindi,Female,211810263,Name_6764,9000006764,Address 6764
6765,Telugu,Male,211810263,Name_6765,9000006765,Address 6765
6766,English,Female,211810263,Name_6766,9000006766,Address 6766
6767,Hindi,Male,211810263,Name_6767,9000006767,Address 6767
6768,Telugu,Female,211810263,Name_6768,9000006768,Address 6768
6769,English,Male,211810263,Name_6769,9000006769,Address 6769
6770,Hindi,Female,211810263,Name_6770,9000006770,Address 6770
6771,Telugu,Male,211810263,Name_6771,9000006771,Address 6771
6772,English,Female,211810263,Name_6772,9000006772,Address 6772
6773,Hindi,Male,211810263,Name_6773,9000006773,Address 6773
6774,Telugu,Female,211810263,Name_6774,9000006774,Address 6774
6775,English,Male,211810263,Name_6775,9000006775,Address 6775
6776,Hindi,Female,211810263,Name_6776,9000006776,Address 6776
6777,Telugu,Male,211810266,Name_6777,9000006777,Address 6777
6778,English,Female,211810266,Name_6778,9000006778,Address 6778
6779,Hindi,Male,211810266,Name_6779,9000006779,Address 6779
6780,Telugu,Female,211810266,Name_6780,9000006780,Address 6780
6781,English,Male,211810266,Name_6781,9000006781,Address 6781
6782,Hindi,Female,211810266,Name_6782,9000006782,Address 6782
6783,Telugu,Male,211810266,Name_6783,9000006783,Address 6783
6784,English,Female,211810266,Name_6784,9000006784,Address 6784
6785,Hindi,Male,211810266,Name_6785,9000006785,Address 6785
6786,Telugu,Female,211810266,Name_6786,9000006786,Address 6786
6787,English,Male,211810266,Name_6787,9000006787,Address 6787
6788,Hindi,Female,211810266,Name_6788,9000006788,Address 6788
6789,Telugu,Male,211810266,Name_6789,9000006789,Address 6789
6790,English,Female,211810266,Name_6790,9000006790,Address 6790
6791,Hindi,Male,211810266,Name_6791,9000006791,Address 6791
6792,Telugu,Female,211810266,Name_6792,9000006792,Address 6792
6793,English,Male,211810266,Name_6793,9000006793,Address 6793
6794,Hindi,Female,211810266,Name_6794,9000006794,Address 6794
6795,Telugu,Male,211810266,Name_6795,9000006795,Address 6795
6796,English,Female,211810266,Name_6796,9000006796,Address 6796
6797,Hindi,Male,211810266,Name_6797,9000006797,Address 6797
6798,Telugu,Female,211810266,Name_6798,9000006798,Address 6798
6799,English,Male,211810281,Name_6799,9000006799,Address 6799
6800,Hindi,Female,211810281,Name_6800,9000006800,Address 6800
6801,Telugu,Male,211810281,Name_6801,9000006801,Address 6801
6802,English,Female,211810281,Name_6802,9000006802,Address 6802
6803,Hindi,Male,211810281,Name_6803,9000006803,Address 6803
6804,Telugu,Female,211810281,Name_6804,9000006804,Address 6804
6805,English,Male,211810281,Name_6805,9000006805,Address 6805
6806,Hindi,Female,211810281,Name_6806,9000006806,Address 6806
6807,Telugu,Male,211810281,Name_6807,9000006807,Address 6807
6808,English,Female,211810281,Name_6808,9000006808,Address 6808
6809,Hindi,Male,211810281,Name_6809,9000006809,Address 6809
6810,Telugu,Female,211810281,Name_6810,9000006810,Address 6810
6811,English,Male,211810281,Name_6811,9000006811,Address 6811
6812,Hindi,Female,211810281,Name_6812,9000006812,Address 6812
6813,Telugu,Male,211810281,Name_6813,9000006813,Address 6813
6814,English,Female,211810281,Name_6814,9000006814,Address 6814
6815,Hindi,Male,211810281,Name_6815,9000006815,Address 6815
6816,Telugu,Female,211810281,Name_6816,9000006816,Address 6816
6817,English,Male,211810281,Name_6817,9000006817,Address 6817
6818,Hindi,Female,211810281,Name_6818,9000006818,Address 6818
6819,Telugu,Male,211810281,Name_6819,9000006819,Address 6819
6820,English,Female,211810281,Name_6820,9000006820,Address 6820
6821,Hindi,Male,2118104141,Name_6821,9000006821,Address 6821
6822,Telugu,Female,2118104141,Name_6822,9000006822,Address 6822
6823,English,Male,2118104141,Name_6823,9000006823,Address 6823
6824,Hindi,Female,2118104141,Name_6824,9000006824,Address 6824
6825,Telugu,Male,2118104141,Name_6825,9000006825,Address 6825
6826,English,Female,2118104141,Name_6826,9000006826,Address 6826
6827,Hindi,Male,2118104141,Name_6827,9000006827,Address 6827
6828,Telugu,Female,2118104141,Name_6828,9000006828,Address 6828
6829,English,Male,2118104141,Name_6829,9000006829,Address 6829
6830,Hindi,Female,2118104141,Name_6830,9000006830,Address 6830
6831,Telugu,Male,2118104141,Name_6831,9000006831,Address 6831
6832,English,Female,2118104141,Name_6832,9000006832,Address 6832
6833,Hindi,Male,2118104141,Name_6833,9000006833,Address 6833
6834,Telugu,Female,2118104141,Name_6834,9000006834,Address 6834
6835,English,Male,2118104141,Name_6835,9000006835,Address 6835
6836,Hindi,Female,2118104141,Name_6836,9000006836,Address 6836
6837,Telugu,Male,2118104141,Name_6837,9000006837,Address 6837
6838,English,Female,2118104141,Name_6838,9000006838,Address 6838
6839,Hindi,Male,2118104141,Name_6839,9000006839,Address 6839
6840,Telugu,Female,2118104141,Name_6840,9000006840,Address 6840
6841,English,Male,2118104141,Name_6841,9000006841,Address 6841
6842,Hindi,Female,2118104141,Name_6842,9000006842,Address 6842
6843,Telugu,Male,2118104145,Name_6843,9000006843,Address 6843
6844,English,Female,2118104145,Name_6844,9000006844,Address 6844
6845,Hindi,Male,2118104145,Name_6845,9000006845,Address 6845
6846,Telugu,Female,2118104145,Name_6846,9000006846,Address 6846
6847,English,Male,2118104145,Name_6847,9000006847,Address 6847
6848,Hindi,Female,2118104145,Name_6848,9000006848,Address 6848
6849,Telugu,Male,2118104145,Name_6849,9000006849,Address 6849
6850,English,Female,2118104145,Name_6850,9000006850,Address 6850
6851,Hindi,Male,2118104145,Name_6851,9000006851,Address 6851
6852,Telugu,Female,2118104145,Name_6852,9000006852,Address 6852
6853,English,Male,2118104145,Name_6853,9000006853,Address 6853
6854,Hindi,Female,2118104145,Name_6854,9000006854,Address 6854
6855,Telugu,Male,2118104145,Name_6855,9000006855,Address 6855
6856,English,Female,2118104145,Name_6856,9000006856,Address 6856
6857,Hindi,Male,2118104145,Name_6857,9000006857,Address 6857
6858,Telugu,Female,2118104145,Name_6858,9000006858,Address 6858
6859,English,Male,2118104145,Name_6859,9000006859,Address 6859
6860,Hindi,Female,2118104145,Name_6860,9000006860,Address 6860
6861,Telugu,Male,2118104145,Name_6861,9000006861,Address 6861
6862,English,Female,2118104145,Name_6862,9000006862,Address 6862
6863,Hindi,Male,2118104145,Name_6863,9000006863,Address 6863
6864,Telugu,Female,2118104145,Name_6864,9000006864,Address 6864
6865,English,Male,2118104157,Name_6865,9000006865,Address 6865
6866,Hindi,Female,2118104157,Name_6866,9000006866,Address 6866
6867,Telugu,Male,2118104157,Name_6867,9000006867,Address 6867
6868,English,Female,2118104157,Name_6868,9000006868,Address 6868
6869,Hindi,Male,2118104157,Name_6869,9000006869,Address 6869
6870,Telugu,Female,2118104157,Name_6870,9000006870,Address 6870
6871,English,Male,2118104157,Name_6871,9000006871,Address 6871
6872,Hindi,Female,2118104157,Name_6872,9000006872,Address 6872
6873,Telugu,Male,2118104157,Name_6873,9000006873,Address 6873
6874,English,Female,2118104157,Name_6874,9000006874,Address 6874
6875,Hindi,Male,2118104157,Name_6875,9000006875,Address 6875
6876,Telugu,Female,2118104157,Name_6876,9000006876,Address 6876
6877,English,Male,2118104157,Name_6877,9000006877,Address 6877
6878,Hindi,Female,2118104157,Name_6878,9000006878,Address 6878
6879,Telugu,Male,2118104157,Name_6879,9000006879,Address 6879
6880,English,Female,2118104157,Name_6880,9000006880,Address 6880
6881,Hindi,Male,2118104157,Name_6881,9000006881,Address 6881
6882,Telugu,Female,2118104157,Name_6882,9000006882,Address 6882
6883,English,Male,2118104157,Name_6883,9000006883,Address 6883
6884,Hindi,Female,2118104157,Name_6884,9000006884,Address 6884
6885,Telugu,Male,2118104157,Name_6885,9000006885,Address 6885
6886,English,Female,2118104157,Name_6886,9000006886,Address 6886
6887,Hindi,Male,2118104160,Name_6887,9000006887,Address 6887
6888,Telugu,Female,2118104160,Name_6888,9000006888,Address 6888
6889,English,Male,2118104160,Name_6889,9000006889,Address 6889
6890,Hindi,Female,2118104160,Name_6890,9000006890,Address 6890
6891,Telugu,Male,2118104160,Name_6891,9000006891,Address 6891
6892,English,Female,2118104160,Name_6892,9000006892,Address 6892
6893,Hindi,Male,2118104160,Name_6893,9000006893,Address 6893
6894,Telugu,Female,2118104160,Name_6894,9000006894,Address 6894
6895,English,Male,2118104160,Name_6895,9000006895,Address 6895
6896,Hindi,Female,2118104160,Name_6896,9000006896,Address 6896
6897,Telugu,Male,2118104160,Name_6897,9000006897,Address 6897
6898,English,Female,2118104160,Name_6898,9000006898,Address 6898
6899,Hindi,Male,2118104160,Name_6899,9000006899,Address 6899
6900,Telugu,Female,2118104160,Name_6900,9000006900,Address 6900
6901,English,Male,2118104160,Name_6901,9000006901,Address 6901
6902,Hindi,Female,2118104160,Name_6902,9000006902,Address 6902
6903,Telugu,Male,2118104160,Name_6903,9000006903,Address 6903
6904,English,Female,2118104160,Name_6904,9000006904,Address 6904
6905,Hindi,Male,2118104160,Name_6905,9000006905,Address 6905
6906,Telugu,Female,2118104160,Name_6906,9000006906,Address 6906
6907,English,Male,2118104160,Name_6907,9000006907,Address 6907
6908,Hindi,Female,2118104160,Name_6908,9000006908,Address 6908
6909,Telugu,Male,2118104162,Name_6909,9000006909,Address 6909
6910,English,Female,2118104162,Name_6910,9000006910,Address 6910
6911,Hindi,Male,2118104162,Name_6911,9000006911,Address 6911
6912,Telugu,Female,2118104162,Name_6912,9000006912,Address 6912
6913,English,Male,2118104162,Name_6913,9000006913,Address 6913
6914,Hindi,Female,2118104162,Name_6914,9000006914,Address 6914
6915,Telugu,Male,2118104162,Name_6915,9000006915,Address 6915
6916,English,Female,2118104162,Name_6916,9000006916,Address 6916
6917,Hindi,Male,2118104162,Name_6917,9000006917,Address 6917
6918,Telugu,Female,2118104162,Name_6918,9000006918,Address 6918
6919,English,Male,2118104162,Name_6919,9000006919,Address 6919
6920,Hindi,Female,2118104162,Name_6920,9000006920,Address 6920
6921,Telugu,Male,2118104162,Name_6921,9000006921,Address 6921
6922,English,Female,2118104162,Name_6922,9000006922,Address 6922
6923,Hindi,Male,2118104162,Name_6923,9000006923,Address 6923
6924,Telugu,Female,2118104162,Name_6924,9000006924,Address 6924
6925,English,Male,2118104162,Name_6925,9000006925,Address 6925
6926,Hindi,Female,2118104162,Name_6926,9000006926,Address 6926
6927,Telugu,Male,2118104162,Name_6927,9000006927,Address 6927
6928,English,Female,2118104162,Name_6928,9000006928,Address 6928
6929,Hindi,Male,2118104162,Name_6929,9000006929,Address 6929
6930,Telugu,Female,2118104162,Name_6930,9000006930,Address 6930
6931,English,Male,2118104165,Name_6931,9000006931,Address 6931
6932,Hindi,Female,2118104165,Name_6932,9000006932,Address 6932
6933,Telugu,Male,2118104165,Name_6933,9000006933,Address 6933
6934,English,Female,2118104165,Name_6934,9000006934,Address 6934
6935,Hindi,Male,2118104165,Name_6935,9000006935,Address 6935
6936,Telugu,Female,2118104165,Name_6936,9000006936,Address 6936
6937,English,Male,2118104165,Name_6937,9000006937,Address 6937
6938,Hindi,Female,2118104165,Name_6938,9000006938,Address 6938
6939,Telugu,Male,2118104165,Name_6939,9000006939,Address 6939
6940,English,Female,2118104165,Name_6940,9000006940,Address 6940
6941,Hindi,Male,2118104165,Name_6941,9000006941,Address 6941
6942,Telugu,Female,2118104165,Name_6942,9000006942,Address 6942
6943,English,Male,2118104165,Name_6943,9000006943,Address 6943
6944,Hindi,Female,2118104165,Name_6944,9000006944,Address 6944
6945,Telugu,Male,2118104165,Name_6945,9000006945,Address 6945
6946,English,Female,2118104165,Name_6946,9000006946,Address 6946
6947,Hindi,Male,2118104165,Name_6947,9000006947,Address 6947
6948,Telugu,Female,2118104165,Name_6948,9000006948,Address 6948
6949,English,Male,2118104165,Name_6949,9000006949,Address 6949
6950,Hindi,Female,2118104165,Name_6950,9000006950,Address 6950
6951,Telugu,Male,2118104165,Name_6951,9000006951,Address 6951
6952,English,Female,2118104165,Name_6952,9000006952,Address 6952
6953,Hindi,Male,2118104166,Name_6953,9000006953,Address 6953
6954,Telugu,Female,2118104166,Name_6954,9000006954,Address 6954
6955,English,Male,2118104166,Name_6955,9000006955,Address 6955
6956,Hindi,Female,2118104166,Name_6956,9000006956,Address 6956
6957,Telugu,Male,2118104166,Name_6957,9000006957,Address 6957
6958,English,Female,2118104166,Name_6958,9000006958,Address 6958
6959,Hindi,Male,2118104166,Name_6959,9000006959,Address 6959
6960,Telugu,Female,2118104166,Name_6960,9000006960,Address 6960
6961,English,Male,2118104166,Name_6961,9000006961,Address 6961
6962,Hindi,Female,2118104166,Name_6962,9000006962,Address 6962
6963,Telugu,Male,2118104166,Name_6963,9000006963,Address 6963
6964,English,Female,2118104166,Name_6964,9000006964,Address 6964
6965,Hindi,Male,2118104166,Name_6965,9000006965,Address 6965
6966,Telugu,Female,2118104166,Name_6966,9000006966,Address 6966
6967,English,Male,2118104166,Name_6967,9000006967,Address 6967
6968,Hindi,Female,2118104166,Name_6968,9000006968,Address 6968
6969,Telugu,Male,2118104166,Name_6969,9000006969,Address 6969
6970,English,Female,2118104166,Name_6970,9000006970,Address 6970
6971,Hindi,Male,2118104166,Name_6971,9000006971,Address 6971
6972,Telugu,Female,2118104166,Name_6972,9000006972,Address 6972
6973,English,Male,2118104166,Name_6973,9000006973,Address 6973
6974,Hindi,Female,2118104166,Name_6974,9000006974,Address 6974
6975,Telugu,Male,2118104182,Name_6975,9000006975,Address 6975
6976,English,Female,2118104182,Name_6976,9000006976,Address 6976
6977,Hindi,Male,2118104182,Name_6977,9000006977,Address 6977
6978,Telugu,Female,2118104182,Name_6978,9000006978,Address 6978
6979,English,Male,2118104182,Name_6979,9000006979,Address 6979
6980,Hindi,Female,2118104182,Name_6980,9000006980,Address 6980
6981,Telugu,Male,2118104182,Name_6981,9000006981,Address 6981
6982,English,Female,2118104182,Name_6982,9000006982,Address 6982
6983,Hindi,Male,2118104182,Name_6983,9000006983,Address 6983
6984,Telugu,Female,2118104182,Name_6984,9000006984,Address 6984
6985,English,Male,2118104182,Name_6985,9000006985,Address 6985
6986,Hindi,Female,2118104182,Name_6986,9000006986,Address 6986
6987,Telugu,Male,2118104182,Name_6987,9000006987,Address 6987
6988,English,Female,2118104182,Name_6988,9000006988,Address 6988
6989,Hindi,Male,2118104182,Name_6989,9000006989,Address 6989
6990,Telugu,Female,2118104182,Name_6990,9000006990,Address 6990
6991,English,Male,2118104182,Name_6991,9000006991,Address 6991
6992,Hindi,Female,2118104182,Name_6992,9000006992,Address 6992
6993,Telugu,Male,2118104182,Name_6993,9000006993,Address 6993
6994,English,Female,2118104182,Name_6994,9000006994,Address 6994
6995,Hindi,Male,2118104182,Name_6995,9000006995,Address 6995
6996,Telugu,Female,2118104182,Name_6996,9000006996,Address 6996
6997,English,Male,2118104183,Name_6997,9000006997,Address 6997
6998,Hindi,Female,2118104183,Name_6998,9000006998,Address 6998
6999,Telugu,Male,2118104183,Name_6999,9000006999,Address 6999
7000,English,Female,2118104183,Name_7000,9000007000,Address 7000
7001,Hindi,Male,2118104183,Name_7001,9000007001,Address 7001
7002,Telugu,Female,2118104183,Name_7002,9000007002,Address 7002
7003,English,Male,2118104183,Name_7003,9000007003,Address 7003
7004,Hindi,Female,2118104183,Name_7004,9000007004,Address 7004
7005,Telugu,Male,2118104183,Name_7005,9000007005,Address 7005
7006,English,Female,2118104183,Name_7006,9000007006,Address 7006
7007,Hindi,Male,2118104183,Name_7007,9000007007,Address 7007
7008,Telugu,Female,2118104183,Name_7008,9000007008,Address 7008
7009,English,Male,2118104183,Name_7009,9000007009,Address 7009
7010,Hindi,Female,2118104183,Name_7010,9000007010,Address 7010
7011,Telugu,Male,2118104183,Name_7011,9000007011,Address 7011
7012,English,Female,2118104183,Name_7012,9000007012,Address 7012
7013,Hindi,Male,2118104183,Name_7013,9000007013,Address 7013
7014,Telugu,Female,2118104183,Name_7014,9000007014,Address 7014
7015,English,Male,2118104183,Name_7015,9000007015,Address 7015
7016,Hindi,Female,2118104183,Name_7016,9000007016,Address 7016
7017,Telugu,Male,2118104183,Name_7017,9000007017,Address 7017
7018,English,Female,2118104183,Name_7018,9000007018,Address 7018
7019,Hindi,Male,211810736,Name_7019,9000007019,Address 7019
7020,Telugu,Female,211810736,Name_7020,9000007020,Address 7020
7021,English,Male,211810736,Name_7021,9000007021,Address 7021
7022,Hindi,Female,211810736,Name_7022,9000007022,Address 7022
7023,Telugu,Male,211810736,Name_7023,9000007023,Address 7023
7024,English,Female,211810736,Name_7024,9000007024,Address 7024
7025,Hindi,Male,211810736,Name_7025,9000007025,Address 7025
7026,Telugu,Female,211810736,Name_7026,9000007026,Address 7026
7027,English,Male,211810736,Name_7027,9000007027,Address 7027
7028,Hindi,Female,211810736,Name_7028,9000007028,Address 7028
7029,Telugu,Male,211810736,Name_7029,9000007029,Address 7029
7030,English,Female,211810736,Name_7030,9000007030,Address 7030
7031,Hindi,Male,211810736,Name_7031,9000007031,Address 7031
7032,Telugu,Female,211810736,Name_7032,9000007032,Address 7032
7033,English,Male,211810736,Name_7033,9000007033,Address 7033
7034,Hindi,Female,211810736,Name_7034,9000007034,Address 7034
7035,Telugu,Male,211810736,Name_7035,9000007035,Address 7035
7036,English,Female,211810736,Name_7036,9000007036,Address 7036
7037,Hindi,Male,211810736,Name_7037,9000007037,Address 7037
7038,Telugu,Female,211810736,Name_7038,9000007038,Address 7038
7039,English,Male,211810736,Name_7039,9000007039,Address 7039
7040,Hindi,Female,211810736,Name_7040,9000007040,Address 7040
7041,Telugu,Male,211810737,Name_7041,9000007041,Address 7041
7042,English,Female,211810737,Name_7042,9000007042,Address 7042
7043,Hindi,Male,211810737,Name_7043,9000007043,Address 7043
7044,Telugu,Female,211810737,Name_7044,9000007044,Address 7044
7045,English,Male,211810737,Name_7045,9000007045,Address 7045
7046,Hindi,Female,211810737,Name_7046,9000007046,Address 7046
7047,Telugu,Male,211810737,Name_7047,9000007047,Address 7047
7048,English,Female,211810737,Name_7048,9000007048,Address 7048
7049,Hindi,Male,211810737,Name_7049,9000007049,Address 7049
7050,Telugu,Female,211810737,Name_7050,9000007050,Address 7050
7051,English,Male,211810737,Name_7051,9000007051,Address 7051
7052,Hindi,Female,211810737,Name_7052,9000007052,Address 7052
7053,Telugu,Male,211810737,Name_7053,9000007053,Address 7053
7054,English,Female,211810737,Name_7054,9000007054,Address 7054
7055,Hindi,Male,211810737,Name_7055,9000007055,Address 7055
7056,Telugu,Female,211810737,Name_7056,9000007056,Address 7056
7057,English,Male,211810737,Name_7057,9000007057,Address 7057
7058,Hindi,Female,211810737,Name_7058,9000007058,Address 7058
7059,Telugu,Male,211810737,Name_7059,9000007059,Address 7059
7060,English,Female,211810737,Name_7060,9000007060,Address 7060
7061,Hindi,Male,211810737,Name_7061,9000007061,Address 7061
7062,Telugu,Female,211810737,Name_7062,9000007062,Address 7062
7063,English,Male,211810738,Name_7063,9000007063,Address 7063
7064,Hindi,Female,211810738,Name_7064,9000007064,Address 7064
7065,Telugu,Male,211810738,Name_7065,9000007065,Address 7065
7066,English,Female,211810738,Name_7066,9000007066,Address 7066
7067,Hindi,Male,211810738,Name_7067,9000007067,Address 7067
7068,Telugu,Female,211810738,Name_7068,9000007068,Address 7068
7069,English,Male,211810738,Name_7069,9000007069,Address 7069
7070,Hindi,Female,211810738,Name_7070,9000007070,Address 7070
7071,Telugu,Male,211810738,Name_7071,9000007071,Address 7071
7072,English,Female,211810738,Name_7072,9000007072,Address 7072
7073,Hindi,Male,211810738,Name_7073,9000007073,Address 7073
7074,Telugu,Female,211810738,Name_7074,9000007074,Address 7074
7075,English,Male,211810738,Name_7075,9000007075,Address 7075
7076,Hindi,Female,211810738,Name_7076,9000007076,Address 7076
7077,Telugu,Male,211810738,Name_7077,9000007077,Address 7077
7078,English,Female,211810738,Name_7078,9000007078,Address 7078
7079,Hindi,Male,211810738,Name_7079,9000007079,Address 7079
7080,Telugu,Female,211810738,Name_7080,9000007080,Address 7080
7081,English,Male,211810738,Name_7081,9000007081,Address 7081
7082,Hindi,Female,211810738,Name_7082,9000007082,Address 7082
7083,Telugu,Male,211810738,Name_7083,9000007083,Address 7083
7084,English,Female,211810738,Name_7084,9000007084,Address 7084
7085,Hindi,Male,211810749,Name_7085,9000007085,Address 7085
7086,Telugu,Female,211810749,Name_7086,9000007086,Address 7086
7087,English,Male,211810749,Name_7087,9000007087,Address 7087
7088,Hindi,Female,211810749,Name_7088,9000007088,Address 7088
7089,Telugu,Male,211810749,Name_7089,9000007089,Address 7089
7090,English,Female,211810749,Name_7090,9000007090,Address 7090
7091,Hindi,Male,211810749,Name_7091,9000007091,Address 7091
7092,Telugu,Female,211810749,Name_7092,9000007092,Address 7092
7093,English,Male,211810749,Name_7093,9000007093,Address 7093
7094,Hindi,Female,211810749,Name_7094,9000007094,Address 7094
7095,Telugu,Male,211810749,Name_7095,9000007095,Address 7095
7096,English,Female,211810749,Name_7096,9000007096,Address 7096
7097,Hindi,Male,211810749,Name_7097,9000007097,Address 7097
7098,Telugu,Female,211810749,Name_7098,9000007098,Address 7098
7099,English,Male,211810749,Name_7099,9000007099,Address 7099
7100,Hindi,Female,211810749,Name_7100,9000007100,Address 7100
7101,Telugu,Male,211810749,Name_7101,9000007101,Address 7101
7102,English,Female,211810749,Name_7102,9000007102,Address 7102
7103,Hindi,Male,211810749,Name_7103,9000007103,Address 7103
7104,Telugu,Female,211810749,Name_7104,9000007104,Address 7104
7105,English,Male,211810749,Name_7105,9000007105,Address 7105
7106,Hindi,Female,211810749,Name_7106,9000007106,Address 7106
7107,Telugu,Male,211810751,Name_7107,9000007107,Address 7107
7108,English,Female,211810751,Name_7108,9000007108,Address 7108
7109,Hindi,Male,211810751,Name_7109,9000007109,Address 7109
7110,Telugu,Female,211810751,Name_7110,9000007110,Address 7110
7111,English,Male,211810751,Name_7111,9000007111,Address 7111
7112,Hindi,Female,211810751,Name_7112,9000007112,Address 7112
7113,Telugu,Male,211810751,Name_7113,9000007113,Address 7113
7114,English,Female,211810751,Name_7114,9000007114,Address 7114
7115,Hindi,Male,211810751,Name_7115,9000007115,Address 7115
7116,Telugu,Female,211810751,Name_7116,9000007116,Address 7116
7117,English,Male,211810751,Name_7117,9000007117,Address 7117
7118,Hindi,Female,211810751,Name_7118,9000007118,Address 7118
7119,Telugu,Male,211810751,Name_7119,9000007119,Address 7119
7120,English,Female,211810751,Name_7120,9000007120,Address 7120
7121,Hindi,Male,211810751,Name_7121,9000007121,Address 7121
7122,Telugu,Female,211810751,Name_7122,9000007122,Address 7122
7123,English,Male,211810751,Name_7123,9000007123,Address 7123
7124,Hindi,Female,211810751,Name_7124,9000007124,Address 7124
7125,Telugu,Male,211810751,Name_7125,9000007125,Address 7125
7126,English,Female,211810751,Name_7126,9000007126,Address 7126
7127,Hindi,Male,211810751,Name_7127,9000007127,Address 7127
7128,Telugu,Female,211810751,Name_7128,9000007128,Address 7128
7129,English,Male,2118110104,Name_7129,9000007129,Address 7129
7130,Hindi,Female,2118110104,Name_7130,9000007130,Address 7130
7131,Telugu,Male,2118110104,Name_7131,9000007131,Address 7131
7132,English,Female,2118110104,Name_7132,9000007132,Address 7132
7133,Hindi,Male,2118110104,Name_7133,9000007133,Address 7133
7134,Telugu,Female,2118110104,Name_7134,9000007134,Address 7134
7135,English,Male,2118110104,Name_7135,9000007135,Address 7135
7136,Hindi,Female,2118110104,Name_7136,9000007136,Address 7136
7137,Telugu,Male,2118110104,Name_7137,9000007137,Address 7137
7138,English,Female,2118110104,Name_7138,9000007138,Address 7138
7139,Hindi,Male,2118110104,Name_7139,9000007139,Address 7139
7140,Telugu,Female,2118110104,Name_7140,9000007140,Address 7140
7141,English,Male,2118110104,Name_7141,9000007141,Address 7141
7142,Hindi,Female,2118110104,Name_7142,9000007142,Address 7142
7143,Telugu,Male,2118110104,Name_7143,9000007143,Address 7143
7144,English,Female,2118110104,Name_7144,9000007144,Address 7144
7145,Hindi,Male,2118110104,Name_7145,9000007145,Address 7145
7146,Telugu,Female,2118110104,Name_7146,9000007146,Address 7146
7147,English,Male,2118110104,Name_7147,9000007147,Address 7147
7148,Hindi,Female,2118110104,Name_7148,9000007148,Address 7148
7149,Telugu,Male,2118110104,Name_7149,9000007149,Address 7149
7150,English,Female,2118110104,Name_7150,9000007150,Address 7150
7151,Hindi,Male,2118110109,Name_7151,9000007151,Address 7151
7152,Telugu,Female,2118110109,Name_7152,9000007152,Address 7152
7153,English,Male,2118110109,Name_7153,9000007153,Address 7153
7154,Hindi,Female,2118110109,Name_7154,9000007154,Address 7154
7155,Telugu,Male,2118110109,Name_7155,9000007155,Address 7155
7156,English,Female,2118110109,Name_7156,9000007156,Address 7156
7157,Hindi,Male,2118110109,Name_7157,9000007157,Address 7157
7158,Telugu,Female,2118110109,Name_7158,9000007158,Address 7158
7159,English,Male,2118110109,Name_7159,9000007159,Address 7159
7160,Hindi,Female,2118110109,Name_7160,9000007160,Address 7160
7161,Telugu,Male,2118110109,Name_7161,9000007161,Address 7161
7162,English,Female,2118110109,Name_7162,9000007162,Address 7162
7163,Hindi,Male,2118110109,Name_7163,9000007163,Address 7163
7164,Telugu,Female,2118110109,Name_7164,9000007164,Address 7164
7165,English,Male,2118110109,Name_7165,9000007165,Address 7165
7166,Hindi,Female,2118110109,Name_7166,9000007166,Address 7166
7167,Telugu,Male,2118110109,Name_7167,9000007167,Address 7167
7168,English,Female,2118110109,Name_7168,9000007168,Address 7168
7169,Hindi,Male,2118110109,Name_7169,9000007169,Address 7169
7170,Telugu,Female,2118110109,Name_7170,9000007170,Address 7170
7171,English,Male,2118110109,Name_7171,9000007171,Address 7171
7172,Hindi,Female,2118110109,Name_7172,9000007172,Address 7172
7173,Telugu,Male,2118110111,Name_7173,9000007173,Address 7173
7174,English,Female,2118110111,Name_7174,9000007174,Address 7174
7175,Hindi,Male,2118110111,Name_7175,9000007175,Address 7175
7176,Telugu,Female,2118110111,Name_7176,9000007176,Address 7176
7177,English,Male,2118110111,Name_7177,9000007177,Address 7177
7178,Hindi,Female,2118110111,Name_7178,9000007178,Address 7178
7179,Telugu,Male,2118110111,Name_7179,9000007179,Address 7179
7180,English,Female,2118110111,Name_7180,9000007180,Address 7180
7181,Hindi,Male,2118110111,Name_7181,9000007181,Address 7181
7182,Telugu,Female,2118110111,Name_7182,9000007182,Address 7182
7183,English,Male,2118110111,Name_7183,9000007183,Address 7183
7184,Hindi,Female,2118110111,Name_7184,9000007184,Address 7184
7185,Telugu,Male,2118110111,Name_7185,9000007185,Address 7185
7186,English,Female,2118110111,Name_7186,9000007186,Address 7186
7187,Hindi,Male,2118110111,Name_7187,9000007187,Address 7187
7188,Telugu,Female,2118110111,Name_7188,9000007188,Address 7188
7189,English,Male,2118110111,Name_7189,9000007189,Address 7189
7190,Hindi,Female,2118110111,Name_7190,9000007190,Address 7190
7191,Telugu,Male,2118110111,Name_7191,9000007191,Address 7191
7192,English,Female,2118110111,Name_7192,9000007192,Address 7192
7193,Hindi,Male,2118110111,Name_7193,9000007193,Address 7193
7194,Telugu,Female,2118110111,Name_7194,9000007194,Address 7194
7195,English,Male,2118110130,Name_7195,9000007195,Address 7195
7196,Hindi,Female,2118110130,Name_7196,9000007196,Address 7196
7197,Telugu,Male,2118110130,Name_7197,9000007197,Address 7197
7198,English,Female,2118110130,Name_7198,9000007198,Address 7198
7199,Hindi,Male,2118110130,Name_7199,9000007199,Address 7199
7200,Telugu,Female,2118110130,Name_7200,9000007200,Address 7200
7201,English,Male,2118110130,Name_7201,9000007201,Address 7201
7202,Hindi,Female,2118110130,Name_7202,9000007202,Address 7202
7203,Telugu,Male,2118110130,Name_7203,9000007203,Address 7203
7204,English,Female,2118110130,Name_7204,9000007204,Address 7204
7205,Hindi,Male,2118110130,Name_7205,9000007205,Address 7205
7206,Telugu,Female,2118110130,Name_7206,9000007206,Address 7206
7207,English,Male,2118110130,Name_7207,9000007207,Address 7207
7208,Hindi,Female,2118110130,Name_7208,9000007208,Address 7208
7209,Telugu,Male,2118110130,Name_7209,9000007209,Address 7209
7210,English,Female,2118110130,Name_7210,9000007210,Address 7210
7211,Hindi,Male,2118110130,Name_7211,9000007211,Address 7211
7212,Telugu,Female,2118110130,Name_7212,9000007212,Address 7212
7213,English,Male,2118110130,Name_7213,9000007213,Address 7213
7214,Hindi,Female,2118110130,Name_7214,9000007214,Address 7214
7215,Telugu,Male,2118110130,Name_7215,9000007215,Address 7215
7216,English,Female,2118110130,Name_7216,9000007216,Address 7216
7217,Hindi,Male,211811082,Name_7217,9000007217,Address 7217
7218,Telugu,Female,211811082,Name_7218,9000007218,Address 7218
7219,English,Male,211811082,Name_7219,9000007219,Address 7219
7220,Hindi,Female,211811082,Name_7220,9000007220,Address 7220
7221,Telugu,Male,211811082,Name_7221,9000007221,Address 7221
7222,English,Female,211811082,Name_7222,9000007222,Address 7222
7223,Hindi,Male,211811082,Name_7223,9000007223,Address 7223
7224,Telugu,Female,211811082,Name_7224,9000007224,Address 7224
7225,English,Male,211811082,Name_7225,9000007225,Address 7225
7226,Hindi,Female,211811082,Name_7226,9000007226,Address 7226
7227,Telugu,Male,211811082,Name_7227,9000007227,Address 7227
7228,English,Female,211811082,Name_7228,9000007228,Address 7228
7229,Hindi,Male,211811082,Name_7229,9000007229,Address 7229
7230,Telugu,Female,211811082,Name_7230,9000007230,Address 7230
7231,English,Male,211811082,Name_7231,9000007231,Address 7231
7232,Hindi,Female,211811082,Name_7232,9000007232,Address 7232
7233,Telugu,Male,211811082,Name_7233,9000007233,Address 7233
7234,English,Female,211811082,Name_7234,9000007234,Address 7234
7235,Hindi,Male,211811082,Name_7235,9000007235,Address 7235
7236,Telugu,Female,211811082,Name_7236,9000007236,Address 7236
7237,English,Male,211811082,Name_7237,9000007237,Address 7237
7238,Hindi,Female,211811082,Name_7238,9000007238,Address 7238
7239,Telugu,Male,211811086,Name_7239,9000007239,Address 7239
7240,English,Female,211811086,Name_7240,9000007240,Address 7240
7241,Hindi,Male,211811086,Name_7241,9000007241,Address 7241
7242,Telugu,Female,211811086,Name_7242,9000007242,Address 7242
7243,English,Male,211811086,Name_7243,9000007243,Address 7243
7244,Hindi,Female,211811086,Name_7244,9000007244,Address 7244
7245,Telugu,Male,211811086,Name_7245,9000007245,Address 7245
7246,English,Female,211811086,Name_7246,9000007246,Address 7246
7247,Hindi,Male,211811086,Name_7247,9000007247,Address 7247
7248,Telugu,Female,211811086,Name_7248,9000007248,Address 7248
7249,English,Male,211811086,Name_7249,9000007249,Address 7249
7250,Hindi,Female,211811086,Name_7250,9000007250,Address 7250
7251,Telugu,Male,211811086,Name_7251,9000007251,Address 7251
7252,English,Female,211811086,Name_7252,9000007252,Address 7252
7253,Hindi,Male,211811086,Name_7253,9000007253,Address 7253
7254,Telugu,Female,211811086,Name_7254,9000007254,Address 7254
7255,English,Male,211811086,Name_7255,9000007255,Address 7255
7256,Hindi,Female,211811086,Name_7256,9000007256,Address 7256
7257,Telugu,Male,211811086,Name_7257,9000007257,Address 7257
7258,English,Female,211811086,Name_7258,9000007258,Address 7258
7259,Hindi,Male,211811086,Name_7259,9000007259,Address 7259
7260,Telugu,Female,211811086,Name_7260,9000007260,Address 7260
7261,English,Male,211811089,Name_7261,9000007261,Address 7261
7262,Hindi,Female,211811089,Name_7262,9000007262,Address 7262
7263,Telugu,Male,211811089,Name_7263,9000007263,Address 7263
7264,English,Female,211811089,Name_7264,9000007264,Address 7264
7265,Hindi,Male,211811089,Name_7265,9000007265,Address 7265
7266,Telugu,Female,211811089,Name_7266,9000007266,Address 7266
7267,English,Male,211811089,Name_7267,9000007267,Address 7267
7268,Hindi,Female,211811089,Name_7268,9000007268,Address 7268
7269,Telugu,Male,211811089,Name_7269,9000007269,Address 7269
7270,English,Female,211811089,Name_7270,9000007270,Address 7270
7271,Hindi,Male,211811089,Name_7271,9000007271,Address 7271
7272,Telugu,Female,211811089,Name_7272,9000007272,Address 7272
7273,English,Male,211811089,Name_7273,9000007273,Address 7273
7274,Hindi,Female,211811089,Name_7274,9000007274,Address 7274
7275,Telugu,Male,211811089,Name_7275,9000007275,Address 7275
7276,English,Female,211811089,Name_7276,9000007276,Address 7276
7277,Hindi,Male,211811089,Name_7277,9000007277,Address 7277
7278,Telugu,Female,211811089,Name_7278,9000007278,Address 7278
7279,English,Male,211811089,Name_7279,9000007279,Address 7279
7280,Hindi,Female,211811089,Name_7280,9000007280,Address 7280
7281,Telugu,Male,211811089,Name_7281,9000007281,Address 7281
7282,English,Female,211811089,Name_7282,9000007282,Address 7282
7283,Hindi,Male,211811095,Name_7283,9000007283,Address 7283
7284,Telugu,Female,211811095,Name_7284,9000007284,Address 7284
7285,English,Male,211811095,Name_7285,9000007285,Address 7285
7286,Hindi,Female,211811095,Name_7286,9000007286,Address 7286
7287,Telugu,Male,211811095,Name_7287,9000007287,Address 7287
7288,English,Female,211811095,Name_7288,9000007288,Address 7288
7289,Hindi,Male,211811095,Name_7289,9000007289,Address 7289
7290,Telugu,Female,211811095,Name_7290,9000007290,Address 7290
7291,English,Male,211811095,Name_7291,9000007291,Address 7291
7292,Hindi,Female,211811095,Name_7292,9000007292,Address 7292
7293,Telugu,Male,211811095,Name_7293,9000007293,Address 7293
7294,English,Female,211811095,Name_7294,9000007294,Address 7294
7295,Hindi,Male,211811095,Name_7295,9000007295,Address 7295
7296,Telugu,Female,211811095,Name_7296,9000007296,Address 7296
7297,English,Male,211811095,Name_7297,9000007297,Address 7297
7298,Hindi,Female,211811095,Name_7298,9000007298,Address 7298
7299,Telugu,Male,211811095,Name_7299,9000007299,Address 7299
7300,English,Female,211811095,Name_7300,9000007300,Address 7300
7301,Hindi,Male,211811095,Name_7301,9000007301,Address 7301
7302,Telugu,Female,211811095,Name_7302,9000007302,Address 7302
7303,English,Male,211811095,Name_7303,9000007303,Address 7303
7304,Hindi,Female,211811095,Name_7304,9000007304,Address 7304
7305,Telugu,Male,211811097,Name_7305,9000007305,Address 7305
7306,English,Female,211811097,Name_7306,9000007306,Address 7306
7307,Hindi,Male,211811097,Name_7307,9000007307,Address 7307
7308,Telugu,Female,211811097,Name_7308,9000007308,Address 7308
7309,English,Male,211811097,Name_7309,9000007309,Address 7309
7310,Hindi,Female,211811097,Name_7310,9000007310,Address 7310
7311,Telugu,Male,211811097,Name_7311,9000007311,Address 7311
7312,English,Female,211811097,Name_7312,9000007312,Address 7312
7313,Hindi,Male,211811097,Name_7313,9000007313,Address 7313
7314,Telugu,Female,211811097,Name_7314,9000007314,Address 7314
7315,English,Male,211811097,Name_7315,9000007315,Address 7315
7316,Hindi,Female,211811097,Name_7316,9000007316,Address 7316
7317,Telugu,Male,211811097,Name_7317,9000007317,Address 7317
7318,English,Female,211811097,Name_7318,9000007318,Address 7318
7319,Hindi,Male,211811097,Name_7319,9000007319,Address 7319
7320,Telugu,Female,211811097,Name_7320,9000007320,Address 7320
7321,English,Male,211811097,Name_7321,9000007321,Address 7321
7322,Hindi,Female,211811097,Name_7322,9000007322,Address 7322
7323,Telugu,Male,211811097,Name_7323,9000007323,Address 7323
7324,English,Female,211811097,Name_7324,9000007324,Address 7324
7325,Hindi,Male,211811097,Name_7325,9000007325,Address 7325
7326,Telugu,Female,211811097,Name_7326,9000007326,Address 7326
7327,English,Male,211811811,Name_7327,9000007327,Address 7327
7328,Hindi,Female,211811811,Name_7328,9000007328,Address 7328
7329,Telugu,Male,211811811,Name_7329,9000007329,Address 7329
7330,English,Female,211811811,Name_7330,9000007330,Address 7330
7331,Hindi,Male,211811811,Name_7331,9000007331,Address 7331
7332,Telugu,Female,211811811,Name_7332,9000007332,Address 7332
7333,English,Male,211811811,Name_7333,9000007333,Address 7333
7334,Hindi,Female,211811811,Name_7334,9000007334,Address 7334
7335,Telugu,Male,211811811,Name_7335,9000007335,Address 7335
7336,English,Female,211811811,Name_7336,9000007336,Address 7336
7337,Hindi,Male,211811811,Name_7337,9000007337,Address 7337
7338,Telugu,Female,211811811,Name_7338,9000007338,Address 7338
7339,English,Male,211811811,Name_7339,9000007339,Address 7339
7340,Hindi,Female,211811811,Name_7340,9000007340,Address 7340
7341,Telugu,Male,211811811,Name_7341,9000007341,Address 7341
7342,English,Female,211811811,Name_7342,9000007342,Address 7342
7343,Hindi,Male,211811811,Name_7343,9000007343,Address 7343
7344,Telugu,Female,211811811,Name_7344,9000007344,Address 7344
7345,English,Male,211811811,Name_7345,9000007345,Address 7345
7346,Hindi,Female,211811811,Name_7346,9000007346,Address 7346
7347,Telugu,Male,211811811,Name_7347,9000007347,Address 7347
7348,English,Female,211811811,Name_7348,9000007348,Address 7348
7349,Hindi,Male,211811814,Name_7349,9000007349,Address 7349
7350,Telugu,Female,211811814,Name_7350,9000007350,Address 7350
7351,English,Male,211811814,Name_7351,9000007351,Address 7351
7352,Hindi,Female,211811814,Name_7352,9000007352,Address 7352
7353,Telugu,Male,211811814,Name_7353,9000007353,Address 7353
7354,English,Female,211811814,Name_7354,9000007354,Address 7354
7355,Hindi,Male,211811814,Name_7355,9000007355,Address 7355
7356,Telugu,Female,211811814,Name_7356,9000007356,Address 7356
7357,English,Male,211811814,Name_7357,9000007357,Address 7357
7358,Hindi,Female,211811814,Name_7358,9000007358,Address 7358
7359,Telugu,Male,211811814,Name_7359,9000007359,Address 7359
7360,English,Female,211811814,Name_7360,9000007360,Address 7360
7361,Hindi,Male,211811814,Name_7361,9000007361,Address 7361
7362,Telugu,Female,211811814,Name_7362,9000007362,Address 7362
7363,English,Male,211811814,Name_7363,9000007363,Address 7363
7364,Hindi,Female,211811814,Name_7364,9000007364,Address 7364
7365,Telugu,Male,211811814,Name_7365,9000007365,Address 7365
7366,English,Female,211811814,Name_7366,9000007366,Address 7366
7367,Hindi,Male,211811814,Name_7367,9000007367,Address 7367
7368,Telugu,Female,211811814,Name_7368,9000007368,Address 7368
7369,English,Male,211811814,Name_7369,9000007369,Address 7369
7370,Hindi,Female,211811814,Name_7370,9000007370,Address 7370
7371,Telugu,Male,211811822,Name_7371,9000007371,Address 7371
7372,English,Female,211811822,Name_7372,9000007372,Address 7372
7373,Hindi,Male,211811822,Name_7373,9000007373,Address 7373
7374,Telugu,Female,211811822,Name_7374,9000007374,Address 7374
7375,English,Male,211811822,Name_7375,9000007375,Address 7375
7376,Hindi,Female,211811822,Name_7376,9000007376,Address 7376
7377,Telugu,Male,211811822,Name_7377,9000007377,Address 7377
7378,English,Female,211811822,Name_7378,9000007378,Address 7378
7379,Hindi,Male,211811822,Name_7379,9000007379,Address 7379
7380,Telugu,Female,211811822,Name_7380,9000007380,Address 7380
7381,English,Male,211811822,Name_7381,9000007381,Address 7381
7382,Hindi,Female,211811822,Name_7382,9000007382,Address 7382
7383,Telugu,Male,211811822,Name_7383,9000007383,Address 7383
7384,English,Female,211811822,Name_7384,9000007384,Address 7384
7385,Hindi,Male,211811822,Name_7385,9000007385,Address 7385
7386,Telugu,Female,211811822,Name_7386,9000007386,Address 7386
7387,English,Male,211811822,Name_7387,9000007387,Address 7387
7388,Hindi,Female,211811822,Name_7388,9000007388,Address 7388
7389,Telugu,Male,211811822,Name_7389,9000007389,Address 7389
7390,English,Female,211811822,Name_7390,9000007390,Address 7390
7391,Hindi,Male,211811822,Name_7391,9000007391,Address 7391
7392,Telugu,Female,211811822,Name_7392,9000007392,Address 7392
7393,English,Male,211811823,Name_7393,9000007393,Address 7393
7394,Hindi,Female,211811823,Name_7394,9000007394,Address 7394
7395,Telugu,Male,211811823,Name_7395,9000007395,Address 7395
7396,English,Female,211811823,Name_7396,9000007396,Address 7396
7397,Hindi,Male,211811823,Name_7397,9000007397,Address 7397
7398,Telugu,Female,211811823,Name_7398,9000007398,Address 7398
7399,English,Male,211811823,Name_7399,9000007399,Address 7399
7400,Hindi,Female,211811823,Name_7400,9000007400,Address 7400
7401,Telugu,Male,211811823,Name_7401,9000007401,Address 7401
7402,English,Female,211811823,Name_7402,9000007402,Address 7402
7403,Hindi,Male,211811823,Name_7403,9000007403,Address 7403
7404,Telugu,Female,211811823,Name_7404,9000007404,Address 7404
7405,English,Male,211811823,Name_7405,9000007405,Address 7405
7406,Hindi,Female,211811823,Name_7406,9000007406,Address 7406
7407,Telugu,Male,211811823,Name_7407,9000007407,Address 7407
7408,English,Female,211811823,Name_7408,9000007408,Address 7408
7409,Hindi,Male,211811823,Name_7409,9000007409,Address 7409
7410,Telugu,Female,211811823,Name_7410,9000007410,Address 7410
7411,English,Male,211811823,Name_7411,9000007411,Address 7411
7412,Hindi,Female,211811823,Name_7412,9000007412,Address 7412
7413,Telugu,Male,211811823,Name_7413,9000007413,Address 7413
7414,English,Female,211811823,Name_7414,9000007414,Address 7414
7415,Hindi,Male,211811829,Name_7415,9000007415,Address 7415
7416,Telugu,Female,211811829,Name_7416,9000007416,Address 7416
7417,English,Male,211811829,Name_7417,9000007417,Address 7417
7418,Hindi,Female,211811829,Name_7418,9000007418,Address 7418
7419,Telugu,Male,211811829,Name_7419,9000007419,Address 7419
7420,English,Female,211811829,Name_7420,9000007420,Address 7420
7421,Hindi,Male,211811829,Name_7421,9000007421,Address 7421
7422,Telugu,Female,211811829,Name_7422,9000007422,Address 7422
7423,English,Male,211811829,Name_7423,9000007423,Address 7423
7424,Hindi,Female,211811829,Name_7424,9000007424,Address 7424
7425,Telugu,Male,211811829,Name_7425,9000007425,Address 7425
7426,English,Female,211811829,Name_7426,9000007426,Address 7426
7427,Hindi,Male,211811829,Name_7427,9000007427,Address 7427
7428,Telugu,Female,211811829,Name_7428,9000007428,Address 7428
7429,English,Male,211811829,Name_7429,9000007429,Address 7429
7430,Hindi,Female,211811829,Name_7430,9000007430,Address 7430
7431,Telugu,Male,211811829,Name_7431,9000007431,Address 7431
7432,English,Female,211811829,Name_7432,9000007432,Address 7432
7433,Hindi,Male,211811829,Name_7433,9000007433,Address 7433
7434,Telugu,Female,211811829,Name_7434,9000007434,Address 7434
7435,English,Male,211811829,Name_7435,9000007435,Address 7435
7436,Hindi,Female,211811829,Name_7436,9000007436,Address 7436
7437,Telugu,Male,21181186,Name_7437,9000007437,Address 7437
7438,English,Female,21181186,Name_7438,9000007438,Address 7438
7439,Hindi,Male,21181186,Name_7439,9000007439,Address 7439
7440,Telugu,Female,21181186,Name_7440,9000007440,Address 7440
7441,English,Male,21181186,Name_7441,9000007441,Address 7441
7442,Hindi,Female,21181186,Name_7442,9000007442,Address 7442
7443,Telugu,Male,21181186,Name_7443,9000007443,Address 7443
7444,English,Female,21181186,Name_7444,9000007444,Address 7444
7445,Hindi,Male,21181186,Name_7445,9000007445,Address 7445
7446,Telugu,Female,21181186,Name_7446,9000007446,Address 7446
7447,English,Male,21181186,Name_7447,9000007447,Address 7447
7448,Hindi,Female,21181186,Name_7448,9000007448,Address 7448
7449,Telugu,Male,21181186,Name_7449,9000007449,Address 7449
7450,English,Female,21181186,Name_7450,9000007450,Address 7450
7451,Hindi,Male,21181186,Name_7451,9000007451,Address 7451
7452,Telugu,Female,21181186,Name_7452,9000007452,Address 7452
7453,English,Male,21181186,Name_7453,9000007453,Address 7453
7454,Hindi,Female,21181186,Name_7454,9000007454,Address 7454
7455,Telugu,Male,21181186,Name_7455,9000007455,Address 7455
7456,English,Female,21181186,Name_7456,9000007456,Address 7456
7457,Hindi,Male,21181186,Name_7457,9000007457,Address 7457
7458,Telugu,Female,21181186,Name_7458,9000007458,Address 7458
7459,English,Male,211910867,Name_7459,9000007459,Address 7459
7460,Hindi,Female,211910867,Name_7460,9000007460,Address 7460
7461,Telugu,Male,211910867,Name_7461,9000007461,Address 7461
7462,English,Female,211910867,Name_7462,9000007462,Address 7462
7463,Hindi,Male,211910867,Name_7463,9000007463,Address 7463
7464,Telugu,Female,211910867,Name_7464,9000007464,Address 7464
7465,English,Male,211910867,Name_7465,9000007465,Address 7465
7466,Hindi,Female,211910867,Name_7466,9000007466,Address 7466
7467,Telugu,Male,211910867,Name_7467,9000007467,Address 7467
7468,English,Female,211910867,Name_7468,9000007468,Address 7468
7469,Hindi,Male,211910867,Name_7469,9000007469,Address 7469
7470,Telugu,Female,211910867,Name_7470,9000007470,Address 7470
7471,English,Male,211910867,Name_7471,9000007471,Address 7471
7472,Hindi,Female,211910867,Name_7472,9000007472,Address 7472
7473,Telugu,Male,211910867,Name_7473,9000007473,Address 7473
7474,English,Female,211910867,Name_7474,9000007474,Address 7474
7475,Hindi,Male,211910867,Name_7475,9000007475,Address 7475
7476,Telugu,Female,211910867,Name_7476,9000007476,Address 7476
7477,English,Male,211910867,Name_7477,9000007477,Address 7477
7478,Hindi,Female,211910867,Name_7478,9000007478,Address 7478
7479,Telugu,Male,211910867,Name_7479,9000007479,Address 7479
7480,English,Female,211910867,Name_7480,9000007480,Address 7480
7481,Hindi,Male,211910868,Name_7481,9000007481,Address 7481
7482,Telugu,Female,211910868,Name_7482,9000007482,Address 7482
7483,English,Male,211910868,Name_7483,9000007483,Address 7483
7484,Hindi,Female,211910868,Name_7484,9000007484,Address 7484
7485,Telugu,Male,211910868,Name_7485,9000007485,Address 7485
7486,English,Female,211910868,Name_7486,9000007486,Address 7486
7487,Hindi,Male,211910868,Name_7487,9000007487,Address 7487
7488,Telugu,Female,211910868,Name_7488,9000007488,Address 7488
7489,English,Male,211910868,Name_7489,9000007489,Address 7489
7490,Hindi,Female,211910868,Name_7490,9000007490,Address 7490
7491,Telugu,Male,211910868,Name_7491,9000007491,Address 7491
7492,English,Female,211910868,Name_7492,9000007492,Address 7492
7493,Hindi,Male,211910868,Name_7493,9000007493,Address 7493
7494,Telugu,Female,211910868,Name_7494,9000007494,Address 7494
7495,English,Male,211910868,Name_7495,9000007495,Address 7495
7496,Hindi,Female,211910868,Name_7496,9000007496,Address 7496
7497,Telugu,Male,211910868,Name_7497,9000007497,Address 7497
7498,English,Female,211910868,Name_7498,9000007498,Address 7498
7499,Hindi,Male,211910868,Name_7499,9000007499,Address 7499
7500,Telugu,Female,211910868,Name_7500,9000007500,Address 7500
7501,English,Male,211910868,Name_7501,9000007501,Address 7501
7502,Hindi,Female,211910868,Name_7502,9000007502,Address 7502
7503,Telugu,Male,211910871,Name_7503,9000007503,Address 7503
7504,English,Female,211910871,Name_7504,9000007504,Address 7504
7505,Hindi,Male,211910871,Name_7505,9000007505,Address 7505
7506,Telugu,Female,211910871,Name_7506,9000007506,Address 7506
7507,English,Male,211910871,Name_7507,9000007507,Address 7507
7508,Hindi,Female,211910871,Name_7508,9000007508,Address 7508
7509,Telugu,Male,211910871,Name_7509,9000007509,Address 7509
7510,English,Female,211910871,Name_7510,9000007510,Address 7510
7511,Hindi,Male,211910871,Name_7511,9000007511,Address 7511
7512,Telugu,Female,211910871,Name_7512,9000007512,Address 7512
7513,English,Male,211910871,Name_7513,9000007513,Address 7513
7514,Hindi,Female,211910871,Name_7514,9000007514,Address 7514
7515,Telugu,Male,211910871,Name_7515,9000007515,Address 7515
7516,English,Female,211910871,Name_7516,9000007516,Address 7516
7517,Hindi,Male,211910871,Name_7517,9000007517,Address 7517
7518,Telugu,Female,211910871,Name_7518,9000007518,Address 7518
7519,English,Male,211910871,Name_7519,9000007519,Address 7519
7520,Hindi,Female,211910871,Name_7520,9000007520,Address 7520
7521,Telugu,Male,211910871,Name_7521,9000007521,Address 7521
7522,English,Female,211910871,Name_7522,9000007522,Address 7522
7523,Hindi,Male,211910871,Name_7523,9000007523,Address 7523
7524,Telugu,Female,211910871,Name_7524,9000007524,Address 7524
7525,English,Male,211910872,Name_7525,9000007525,Address 7525
7526,Hindi,Female,211910872,Name_7526,9000007526,Address 7526
7527,Telugu,Male,211910872,Name_7527,9000007527,Address 7527
7528,English,Female,211910872,Name_7528,9000007528,Address 7528
7529,Hindi,Male,211910872,Name_7529,9000007529,Address 7529
7530,Telugu,Female,211910872,Name_7530,9000007530,Address 7530
7531,English,Male,211910872,Name_7531,9000007531,Address 7531
7532,Hindi,Female,211910872,Name_7532,9000007532,Address 7532
7533,Telugu,Male,211910872,Name_7533,9000007533,Address 7533
7534,English,Female,211910872,Name_7534,9000007534,Address 7534
7535,Hindi,Male,211910872,Name_7535,9000007535,Address 7535
7536,Telugu,Female,211910872,Name_7536,9000007536,Address 7536
7537,English,Male,211910872,Name_7537,9000007537,Address 7537
7538,Hindi,Female,211910872,Name_7538,9000007538,Address 7538
7539,Telugu,Male,211910872,Name_7539,9000007539,Address 7539
7540,English,Female,211910872,Name_7540,9000007540,Address 7540
7541,Hindi,Male,211910872,Name_7541,9000007541,Address 7541
7542,Telugu,Female,211910872,Name_7542,9000007542,Address 7542
7543,English,Male,211910872,Name_7543,9000007543,Address 7543
7544,Hindi,Female,211910872,Name_7544,9000007544,Address 7544
7545,Telugu,Male,211910872,Name_7545,9000007545,Address 7545
7546,English,Female,211910872,Name_7546,9000007546,Address 7546
7547,Hindi,Male,211910873,Name_7547,9000007547,Address 7547
7548,Telugu,Female,211910873,Name_7548,9000007548,Address 7548
7549,English,Male,211910873,Name_7549,9000007549,Address 7549
7550,Hindi,Female,211910873,Name_7550,9000007550,Address 7550
7551,Telugu,Male,211910873,Name_7551,9000007551,Address 7551
7552,English,Female,211910873,Name_7552,9000007552,Address 7552
7553,Hindi,Male,211910873,Name_7553,9000007553,Address 7553
7554,Telugu,Female,211910873,Name_7554,9000007554,Address 7554
7555,English,Male,211910873,Name_7555,9000007555,Address 7555
7556,Hindi,Female,211910873,Name_7556,9000007556,Address 7556
7557,Telugu,Male,211910873,Name_7557,9000007557,Address 7557
7558,English,Female,211910873,Name_7558,9000007558,Address 7558
7559,Hindi,Male,211910873,Name_7559,9000007559,Address 7559
7560,Telugu,Female,211910873,Name_7560,9000007560,Address 7560
7561,English,Male,211910873,Name_7561,9000007561,Address 7561
7562,Hindi,Female,211910873,Name_7562,9000007562,Address 7562
7563,Telugu,Male,211910873,Name_7563,9000007563,Address 7563
7564,English,Female,211910873,Name_7564,9000007564,Address 7564
7565,Hindi,Male,211910873,Name_7565,9000007565,Address 7565
7566,Telugu,Female,211910873,Name_7566,9000007566,Address 7566
7567,English,Male,211910873,Name_7567,9000007567,Address 7567
7568,Hindi,Female,211910873,Name_7568,9000007568,Address 7568
7569,Telugu,Male,211910890,Name_7569,9000007569,Address 7569
7570,English,Female,211910890,Name_7570,9000007570,Address 7570
7571,Hindi,Male,211910890,Name_7571,9000007571,Address 7571
7572,Telugu,Female,211910890,Name_7572,9000007572,Address 7572
7573,English,Male,211910890,Name_7573,9000007573,Address 7573
7574,Hindi,Female,211910890,Name_7574,9000007574,Address 7574
7575,Telugu,Male,211910890,Name_7575,9000007575,Address 7575
7576,English,Female,211910890,Name_7576,9000007576,Address 7576
7577,Hindi,Male,211910890,Name_7577,9000007577,Address 7577
7578,Telugu,Female,211910890,Name_7578,9000007578,Address 7578
7579,English,Male,211910890,Name_7579,9000007579,Address 7579
7580,Hindi,Female,211910890,Name_7580,9000007580,Address 7580
7581,Telugu,Male,211910890,Name_7581,9000007581,Address 7581
7582,English,Female,211910890,Name_7582,9000007582,Address 7582
7583,Hindi,Male,211910890,Name_7583,9000007583,Address 7583
7584,Telugu,Female,211910890,Name_7584,9000007584,Address 7584
7585,English,Male,211910890,Name_7585,9000007585,Address 7585
7586,Hindi,Female,211910890,Name_7586,9000007586,Address 7586
7587,Telugu,Male,211910890,Name_7587,9000007587,Address 7587
7588,English,Female,211910890,Name_7588,9000007588,Address 7588
7589,Hindi,Male,211910890,Name_7589,9000007589,Address 7589
7590,Telugu,Female,211910890,Name_7590,9000007590,Address 7590
7591,English,Male,2119111100,Name_7591,9000007591,Address 7591
7592,Hindi,Female,2119111100,Name_7592,9000007592,Address 7592
7593,Telugu,Male,2119111100,Name_7593,9000007593,Address 7593
7594,English,Female,2119111100,Name_7594,9000007594,Address 7594
7595,Hindi,Male,2119111100,Name_7595,9000007595,Address 7595
7596,Telugu,Female,2119111100,Name_7596,9000007596,Address 7596
7597,English,Male,2119111100,Name_7597,9000007597,Address 7597
7598,Hindi,Female,2119111100,Name_7598,9000007598,Address 7598
7599,Telugu,Male,2119111100,Name_7599,9000007599,Address 7599
7600,English,Female,2119111100,Name_7600,9000007600,Address 7600
7601,Hindi,Male,2119111100,Name_7601,9000007601,Address 7601
7602,Telugu,Female,2119111100,Name_7602,9000007602,Address 7602
7603,English,Male,2119111100,Name_7603,9000007603,Address 7603
7604,Hindi,Female,2119111100,Name_7604,9000007604,Address 7604
7605,Telugu,Male,2119111100,Name_7605,9000007605,Address 7605
7606,English,Female,2119111100,Name_7606,9000007606,Address 7606
7607,Hindi,Male,2119111100,Name_7607,9000007607,Address 7607
7608,Telugu,Female,2119111100,Name_7608,9000007608,Address 7608
7609,English,Male,2119111100,Name_7609,9000007609,Address 7609
7610,Hindi,Female,2119111100,Name_7610,9000007610,Address 7610
7611,Telugu,Male,2119111100,Name_7611,9000007611,Address 7611
7612,English,Female,2119111100,Name_7612,9000007612,Address 7612
7613,Hindi,Male,2119111101,Name_7613,9000007613,Address 7613
7614,Telugu,Female,2119111101,Name_7614,9000007614,Address 7614
7615,English,Male,2119111101,Name_7615,9000007615,Address 7615
7616,Hindi,Female,2119111101,Name_7616,9000007616,Address 7616
7617,Telugu,Male,2119111101,Name_7617,9000007617,Address 7617
7618,English,Female,2119111101,Name_7618,9000007618,Address 7618
7619,Hindi,Male,2119111101,Name_7619,9000007619,Address 7619
7620,Telugu,Female,2119111101,Name_7620,9000007620,Address 7620
7621,English,Male,2119111101,Name_7621,9000007621,Address 7621
7622,Hindi,Female,2119111101,Name_7622,9000007622,Address 7622
7623,Telugu,Male,2119111101,Name_7623,9000007623,Address 7623
7624,English,Female,2119111101,Name_7624,9000007624,Address 7624
7625,Hindi,Male,2119111101,Name_7625,9000007625,Address 7625
7626,Telugu,Female,2119111101,Name_7626,9000007626,Address 7626
7627,English,Male,2119111101,Name_7627,9000007627,Address 7627
7628,Hindi,Female,2119111101,Name_7628,9000007628,Address 7628
7629,Telugu,Male,2119111101,Name_7629,9000007629,Address 7629
7630,English,Female,2119111101,Name_7630,9000007630,Address 7630
7631,Hindi,Male,2119111101,Name_7631,9000007631,Address 7631
7632,Telugu,Female,2119111101,Name_7632,9000007632,Address 7632
7633,English,Male,2119111101,Name_7633,9000007633,Address 7633
7634,Hindi,Female,2119111101,Name_7634,9000007634,Address 7634
7635,Telugu,Male,2119111102,Name_7635,9000007635,Address 7635
7636,English,Female,2119111102,Name_7636,9000007636,Address 7636
7637,Hindi,Male,2119111102,Name_7637,9000007637,Address 7637
7638,Telugu,Female,2119111102,Name_7638,9000007638,Address 7638
7639,English,Male,2119111102,Name_7639,9000007639,Address 7639
7640,Hindi,Female,2119111102,Name_7640,9000007640,Address 7640
7641,Telugu,Male,2119111102,Name_7641,9000007641,Address 7641
7642,English,Female,2119111102,Name_7642,9000007642,Address 7642
7643,Hindi,Male,2119111102,Name_7643,9000007643,Address 7643
7644,Telugu,Female,2119111102,Name_7644,9000007644,Address 7644
7645,English,Male,2119111102,Name_7645,9000007645,Address 7645
7646,Hindi,Female,2119111102,Name_7646,9000007646,Address 7646
7647,Telugu,Male,2119111102,Name_7647,9000007647,Address 7647
7648,English,Female,2119111102,Name_7648,9000007648,Address 7648
7649,Hindi,Male,2119111102,Name_7649,9000007649,Address 7649
7650,Telugu,Female,2119111102,Name_7650,9000007650,Address 7650
7651,English,Male,2119111102,Name_7651,9000007651,Address 7651
7652,Hindi,Female,2119111102,Name_7652,9000007652,Address 7652
7653,Telugu,Male,2119111102,Name_7653,9000007653,Address 7653
7654,English,Female,2119111102,Name_7654,9000007654,Address 7654
7655,Hindi,Male,2119111102,Name_7655,9000007655,Address 7655
7656,Telugu,Female,2119111102,Name_7656,9000007656,Address 7656
7657,English,Male,2119111103,Name_7657,9000007657,Address 7657
7658,Hindi,Female,2119111103,Name_7658,9000007658,Address 7658
7659,Telugu,Male,2119111103,Name_7659,9000007659,Address 7659
7660,English,Female,2119111103,Name_7660,9000007660,Address 7660
7661,Hindi,Male,2119111103,Name_7661,9000007661,Address 7661
7662,Telugu,Female,2119111103,Name_7662,9000007662,Address 7662
7663,English,Male,2119111103,Name_7663,9000007663,Address 7663
7664,Hindi,Female,2119111103,Name_7664,9000007664,Address 7664
7665,Telugu,Male,2119111103,Name_7665,9000007665,Address 7665
7666,English,Female,2119111103,Name_7666,9000007666,Address 7666
7667,Hindi,Male,2119111103,Name_7667,9000007667,Address 7667
7668,Telugu,Female,2119111103,Name_7668,9000007668,Address 7668
7669,English,Male,2119111103,Name_7669,9000007669,Address 7669
7670,Hindi,Female,2119111103,Name_7670,9000007670,Address 7670
7671,Telugu,Male,2119111103,Name_7671,9000007671,Address 7671
7672,English,Female,2119111103,Name_7672,9000007672,Address 7672
7673,Hindi,Male,2119111103,Name_7673,9000007673,Address 7673
7674,Telugu,Female,2119111103,Name_7674,9000007674,Address 7674
7675,English,Male,2119111103,Name_7675,9000007675,Address 7675
7676,Hindi,Female,2119111103,Name_7676,9000007676,Address 7676
7677,Telugu,Male,2119111103,Name_7677,9000007677,Address 7677
7678,English,Female,2119111103,Name_7678,9000007678,Address 7678
7679,Hindi,Male,2119111104,Name_7679,9000007679,Address 7679
7680,Telugu,Female,2119111104,Name_7680,9000007680,Address 7680
7681,English,Male,2119111104,Name_7681,9000007681,Address 7681
7682,Hindi,Female,2119111104,Name_7682,9000007682,Address 7682
7683,Telugu,Male,2119111104,Name_7683,9000007683,Address 7683
7684,English,Female,2119111104,Name_7684,9000007684,Address 7684
7685,Hindi,Male,2119111104,Name_7685,9000007685,Address 7685
7686,Telugu,Female,2119111104,Name_7686,9000007686,Address 7686
7687,English,Male,2119111104,Name_7687,9000007687,Address 7687
7688,Hindi,Female,2119111104,Name_7688,9000007688,Address 7688
7689,Telugu,Male,2119111104,Name_7689,9000007689,Address 7689
7690,English,Female,2119111104,Name_7690,9000007690,Address 7690
7691,Hindi,Male,2119111104,Name_7691,9000007691,Address 7691
7692,Telugu,Female,2119111104,Name_7692,9000007692,Address 7692
7693,English,Male,2119111104,Name_7693,9000007693,Address 7693
7694,Hindi,Female,2119111104,Name_7694,9000007694,Address 7694
7695,Telugu,Male,2119111104,Name_7695,9000007695,Address 7695
7696,English,Female,2119111104,Name_7696,9000007696,Address 7696
7697,Hindi,Male,2119111104,Name_7697,9000007697,Address 7697
7698,Telugu,Female,2119111104,Name_7698,9000007698,Address 7698
7699,English,Male,2119111104,Name_7699,9000007699,Address 7699
7700,Hindi,Female,2119111104,Name_7700,9000007700,Address 7700
7701,Telugu,Male,2119111105,Name_7701,9000007701,Address 7701
7702,English,Female,2119111105,Name_7702,9000007702,Address 7702
7703,Hindi,Male,2119111105,Name_7703,9000007703,Address 7703
7704,Telugu,Female,2119111105,Name_7704,9000007704,Address 7704
7705,English,Male,2119111105,Name_7705,9000007705,Address 7705
7706,Hindi,Female,2119111105,Name_7706,9000007706,Address 7706
7707,Telugu,Male,2119111105,Name_7707,9000007707,Address 7707
7708,English,Female,2119111105,Name_7708,9000007708,Address 7708
7709,Hindi,Male,2119111105,Name_7709,9000007709,Address 7709
7710,Telugu,Female,2119111105,Name_7710,9000007710,Address 7710
7711,English,Male,2119111105,Name_7711,9000007711,Address 7711
7712,Hindi,Female,2119111105,Name_7712,9000007712,Address 7712
7713,Telugu,Male,2119111105,Name_7713,9000007713,Address 7713
7714,English,Female,2119111105,Name_7714,9000007714,Address 7714
7715,Hindi,Male,2119111105,Name_7715,9000007715,Address 7715
7716,Telugu,Female,2119111105,Name_7716,9000007716,Address 7716
7717,English,Male,2119111105,Name_7717,9000007717,Address 7717
7718,Hindi,Female,2119111105,Name_7718,9000007718,Address 7718
7719,Telugu,Male,2119111105,Name_7719,9000007719,Address 7719
7720,English,Female,2119111105,Name_7720,9000007720,Address 7720
7721,Hindi,Male,2119111105,Name_7721,9000007721,Address 7721
7722,Telugu,Female,2119111105,Name_7722,9000007722,Address 7722
7723,English,Male,2119111106,Name_7723,9000007723,Address 7723
7724,Hindi,Female,2119111106,Name_7724,9000007724,Address 7724
7725,Telugu,Male,2119111106,Name_7725,9000007725,Address 7725
7726,English,Female,2119111106,Name_7726,9000007726,Address 7726
7727,Hindi,Male,2119111106,Name_7727,9000007727,Address 7727
7728,Telugu,Female,2119111106,Name_7728,9000007728,Address 7728
7729,English,Male,2119111106,Name_7729,9000007729,Address 7729
7730,Hindi,Female,2119111106,Name_7730,9000007730,Address 7730
7731,Telugu,Male,2119111106,Name_7731,9000007731,Address 7731
7732,English,Female,2119111106,Name_7732,9000007732,Address 7732
7733,Hindi,Male,2119111106,Name_7733,9000007733,Address 7733
7734,Telugu,Female,2119111106,Name_7734,9000007734,Address 7734
7735,English,Male,2119111106,Name_7735,9000007735,Address 7735
7736,Hindi,Female,2119111106,Name_7736,9000007736,Address 7736
7737,Telugu,Male,2119111106,Name_7737,9000007737,Address 7737
7738,English,Female,2119111106,Name_7738,9000007738,Address 7738
7739,Hindi,Male,2119111106,Name_7739,9000007739,Address 7739
7740,Telugu,Female,2119111106,Name_7740,9000007740,Address 7740
7741,English,Male,2119111106,Name_7741,9000007741,Address 7741
7742,Hindi,Female,2119111106,Name_7742,9000007742,Address 7742
7743,Telugu,Male,2119111106,Name_7743,9000007743,Address 7743
7744,English,Female,2119111106,Name_7744,9000007744,Address 7744
7745,Hindi,Male,2119111107,Name_7745,9000007745,Address 7745
7746,Telugu,Female,2119111107,Name_7746,9000007746,Address 7746
7747,English,Male,2119111107,Name_7747,9000007747,Address 7747
7748,Hindi,Female,2119111107,Name_7748,9000007748,Address 7748
7749,Telugu,Male,2119111107,Name_7749,9000007749,Address 7749
7750,English,Female,2119111107,Name_7750,9000007750,Address 7750
7751,Hindi,Male,2119111107,Name_7751,9000007751,Address 7751
7752,Telugu,Female,2119111107,Name_7752,9000007752,Address 7752
7753,English,Male,2119111107,Name_7753,9000007753,Address 7753
7754,Hindi,Female,2119111107,Name_7754,9000007754,Address 7754
7755,Telugu,Male,2119111107,Name_7755,9000007755,Address 7755
7756,English,Female,2119111107,Name_7756,9000007756,Address 7756
7757,Hindi,Male,2119111107,Name_7757,9000007757,Address 7757
7758,Telugu,Female,2119111107,Name_7758,9000007758,Address 7758
7759,English,Male,2119111107,Name_7759,9000007759,Address 7759
7760,Hindi,Female,2119111107,Name_7760,9000007760,Address 7760
7761,Telugu,Male,2119111107,Name_7761,9000007761,Address 7761
7762,English,Female,2119111107,Name_7762,9000007762,Address 7762
7763,Hindi,Male,2119111107,Name_7763,9000007763,Address 7763
7764,Telugu,Female,2119111107,Name_7764,9000007764,Address 7764
7765,English,Male,2119111107,Name_7765,9000007765,Address 7765
7766,Hindi,Female,2119111107,Name_7766,9000007766,Address 7766
7767,Telugu,Male,2119111108,Name_7767,9000007767,Address 7767
7768,English,Female,2119111108,Name_7768,9000007768,Address 7768
7769,Hindi,Male,2119111108,Name_7769,9000007769,Address 7769
7770,Telugu,Female,2119111108,Name_7770,9000007770,Address 7770
7771,English,Male,2119111108,Name_7771,9000007771,Address 7771
7772,Hindi,Female,2119111108,Name_7772,9000007772,Address 7772
7773,Telugu,Male,2119111108,Name_7773,9000007773,Address 7773
7774,English,Female,2119111108,Name_7774,9000007774,Address 7774
7775,Hindi,Male,2119111108,Name_7775,9000007775,Address 7775
7776,Telugu,Female,2119111108,Name_7776,9000007776,Address 7776
7777,English,Male,2119111108,Name_7777,9000007777,Address 7777
7778,Hindi,Female,2119111108,Name_7778,9000007778,Address 7778
7779,Telugu,Male,2119111108,Name_7779,9000007779,Address 7779
7780,English,Female,2119111108,Name_7780,9000007780,Address 7780
7781,Hindi,Male,2119111108,Name_7781,9000007781,Address 7781
7782,Telugu,Female,2119111108,Name_7782,9000007782,Address 7782
7783,English,Male,2119111108,Name_7783,9000007783,Address 7783
7784,Hindi,Female,2119111108,Name_7784,9000007784,Address 7784
7785,Telugu,Male,2119111108,Name_7785,9000007785,Address 7785
7786,English,Female,2119111108,Name_7786,9000007786,Address 7786
7787,Hindi,Male,2119111108,Name_7787,9000007787,Address 7787
7788,Telugu,Female,2119111108,Name_7788,9000007788,Address 7788
7789,English,Male,2119111109,Name_7789,9000007789,Address 7789
7790,Hindi,Female,2119111109,Name_7790,9000007790,Address 7790
7791,Telugu,Male,2119111109,Name_7791,9000007791,Address 7791
7792,English,Female,2119111109,Name_7792,9000007792,Address 7792
7793,Hindi,Male,2119111109,Name_7793,9000007793,Address 7793
7794,Telugu,Female,2119111109,Name_7794,9000007794,Address 7794
7795,English,Male,2119111109,Name_7795,9000007795,Address 7795
7796,Hindi,Female,2119111109,Name_7796,9000007796,Address 7796
7797,Telugu,Male,2119111109,Name_7797,9000007797,Address 7797
7798,English,Female,2119111109,Name_7798,9000007798,Address 7798
7799,Hindi,Male,2119111109,Name_7799,9000007799,Address 7799
7800,Telugu,Female,2119111109,Name_7800,9000007800,Address 7800
7801,English,Male,2119111109,Name_7801,9000007801,Address 7801
7802,Hindi,Female,2119111109,Name_7802,9000007802,Address 7802
7803,Telugu,Male,2119111109,Name_7803,9000007803,Address 7803
7804,English,Female,2119111109,Name_7804,9000007804,Address 7804
7805,Hindi,Male,2119111109,Name_7805,9000007805,Address 7805
7806,Telugu,Female,2119111109,Name_7806,9000007806,Address 7806
7807,English,Male,2119111109,Name_7807,9000007807,Address 7807
7808,Hindi,Female,2119111109,Name_7808,9000007808,Address 7808
7809,Telugu,Male,2119111109,Name_7809,9000007809,Address 7809
7810,English,Female,2119111109,Name_7810,9000007810,Address 7810
7811,Hindi,Male,2119111110,Name_7811,9000007811,Address 7811
7812,Telugu,Female,2119111110,Name_7812,9000007812,Address 7812
7813,English,Male,2119111110,Name_7813,9000007813,Address 7813
7814,Hindi,Female,2119111110,Name_7814,9000007814,Address 7814
7815,Telugu,Male,2119111110,Name_7815,9000007815,Address 7815
7816,English,Female,2119111110,Name_7816,9000007816,Address 7816
7817,Hindi,Male,2119111110,Name_7817,9000007817,Address 7817
7818,Telugu,Female,2119111110,Name_7818,9000007818,Address 7818
7819,English,Male,2119111110,Name_7819,9000007819,Address 7819
7820,Hindi,Female,2119111110,Name_7820,9000007820,Address 7820
7821,Telugu,Male,2119111110,Name_7821,9000007821,Address 7821
7822,English,Female,2119111110,Name_7822,9000007822,Address 7822
7823,Hindi,Male,2119111110,Name_7823,9000007823,Address 7823
7824,Telugu,Female,2119111110,Name_7824,9000007824,Address 7824
7825,English,Male,2119111110,Name_7825,9000007825,Address 7825
7826,Hindi,Female,2119111110,Name_7826,9000007826,Address 7826
7827,Telugu,Male,2119111110,Name_7827,9000007827,Address 7827
7828,English,Female,2119111110,Name_7828,9000007828,Address 7828
7829,Hindi,Male,2119111110,Name_7829,9000007829,Address 7829
7830,Telugu,Female,2119111110,Name_7830,9000007830,Address 7830
7831,English,Male,2119111110,Name_7831,9000007831,Address 7831
7832,Hindi,Female,2119111110,Name_7832,9000007832,Address 7832
7833,Telugu,Male,2119111111,Name_7833,9000007833,Address 7833
7834,English,Female,2119111111,Name_7834,9000007834,Address 7834
7835,Hindi,Male,2119111111,Name_7835,9000007835,Address 7835
7836,Telugu,Female,2119111111,Name_7836,9000007836,Address 7836
7837,English,Male,2119111111,Name_7837,9000007837,Address 7837
7838,Hindi,Female,2119111111,Name_7838,9000007838,Address 7838
7839,Telugu,Male,2119111111,Name_7839,9000007839,Address 7839
7840,English,Female,2119111111,Name_7840,9000007840,Address 7840
7841,Hindi,Male,2119111111,Name_7841,9000007841,Address 7841
7842,Telugu,Female,2119111111,Name_7842,9000007842,Address 7842
7843,English,Male,2119111111,Name_7843,9000007843,Address 7843
7844,Hindi,Female,2119111111,Name_7844,9000007844,Address 7844
7845,Telugu,Male,2119111111,Name_7845,9000007845,Address 7845
7846,English,Female,2119111111,Name_7846,9000007846,Address 7846
7847,Hindi,Male,2119111111,Name_7847,9000007847,Address 7847
7848,Telugu,Female,2119111111,Name_7848,9000007848,Address 7848
7849,English,Male,2119111111,Name_7849,9000007849,Address 7849
7850,Hindi,Female,2119111111,Name_7850,9000007850,Address 7850
7851,Telugu,Male,2119111111,Name_7851,9000007851,Address 7851
7852,English,Female,2119111111,Name_7852,9000007852,Address 7852
7853,Hindi,Male,2119111111,Name_7853,9000007853,Address 7853
7854,Telugu,Female,2119111111,Name_7854,9000007854,Address 7854
7855,English,Male,2119111112,Name_7855,9000007855,Address 7855
7856,Hindi,Female,2119111112,Name_7856,9000007856,Address 7856
7857,Telugu,Male,2119111112,Name_7857,9000007857,Address 7857
7858,English,Female,2119111112,Name_7858,9000007858,Address 7858
7859,Hindi,Male,2119111112,Name_7859,9000007859,Address 7859
7860,Telugu,Female,2119111112,Name_7860,9000007860,Address 7860
7861,English,Male,2119111112,Name_7861,9000007861,Address 7861
7862,Hindi,Female,2119111112,Name_7862,9000007862,Address 7862
7863,Telugu,Male,2119111112,Name_7863,9000007863,Address 7863
7864,English,Female,2119111112,Name_7864,9000007864,Address 7864
7865,Hindi,Male,2119111112,Name_7865,9000007865,Address 7865
7866,Telugu,Female,2119111112,Name_7866,9000007866,Address 7866
7867,English,Male,2119111112,Name_7867,9000007867,Address 7867
7868,Hindi,Female,2119111112,Name_7868,9000007868,Address 7868
7869,Telugu,Male,2119111112,Name_7869,9000007869,Address 7869
7870,English,Female,2119111112,Name_7870,9000007870,Address 7870
7871,Hindi,Male,2119111112,Name_7871,9000007871,Address 7871
7872,Telugu,Female,2119111112,Name_7872,9000007872,Address 7872
7873,English,Male,2119111112,Name_7873,9000007873,Address 7873
7874,Hindi,Female,2119111112,Name_7874,9000007874,Address 7874
7875,Telugu,Male,2119111112,Name_7875,9000007875,Address 7875
7876,English,Female,2119111112,Name_7876,9000007876,Address 7876
7877,Hindi,Male,2119111113,Name_7877,9000007877,Address 7877
7878,Telugu,Female,2119111113,Name_7878,9000007878,Address 7878
7879,English,Male,2119111113,Name_7879,9000007879,Address 7879
7880,Hindi,Female,2119111113,Name_7880,9000007880,Address 7880
7881,Telugu,Male,2119111113,Name_7881,9000007881,Address 7881
7882,English,Female,2119111113,Name_7882,9000007882,Address 7882
7883,Hindi,Male,2119111113,Name_7883,9000007883,Address 7883
7884,Telugu,Female,2119111113,Name_7884,9000007884,Address 7884
7885,English,Male,2119111113,Name_7885,9000007885,Address 7885
7886,Hindi,Female,2119111113,Name_7886,9000007886,Address 7886
7887,Telugu,Male,2119111113,Name_7887,9000007887,Address 7887
7888,English,Female,2119111113,Name_7888,9000007888,Address 7888
7889,Hindi,Male,2119111113,Name_7889,9000007889,Address 7889
7890,Telugu,Female,2119111113,Name_7890,9000007890,Address 7890
7891,English,Male,2119111113,Name_7891,9000007891,Address 7891
7892,Hindi,Female,2119111113,Name_7892,9000007892,Address 7892
7893,Telugu,Male,2119111113,Name_7893,9000007893,Address 7893
7894,English,Female,2119111113,Name_7894,9000007894,Address 7894
7895,Hindi,Male,2119111113,Name_7895,9000007895,Address 7895
7896,Telugu,Female,2119111113,Name_7896,9000007896,Address 7896
7897,English,Male,2119111113,Name_7897,9000007897,Address 7897
7898,Hindi,Female,2119111113,Name_7898,9000007898,Address 7898
7899,Telugu,Male,2119111114,Name_7899,9000007899,Address 7899
7900,English,Female,2119111114,Name_7900,9000007900,Address 7900
7901,Hindi,Male,2119111114,Name_7901,9000007901,Address 7901
7902,Telugu,Female,2119111114,Name_7902,9000007902,Address 7902
7903,English,Male,2119111114,Name_7903,9000007903,Address 7903
7904,Hindi,Female,2119111114,Name_7904,9000007904,Address 7904
7905,Telugu,Male,2119111114,Name_7905,9000007905,Address 7905
7906,English,Female,2119111114,Name_7906,9000007906,Address 7906
7907,Hindi,Male,2119111114,Name_7907,9000007907,Address 7907
7908,Telugu,Female,2119111114,Name_7908,9000007908,Address 7908
7909,English,Male,2119111114,Name_7909,9000007909,Address 7909
7910,Hindi,Female,2119111114,Name_7910,9000007910,Address 7910
7911,Telugu,Male,2119111114,Name_7911,9000007911,Address 7911
7912,English,Female,2119111114,Name_7912,9000007912,Address 7912
7913,Hindi,Male,2119111114,Name_7913,9000007913,Address 7913
7914,Telugu,Female,2119111114,Name_7914,9000007914,Address 7914
7915,English,Male,2119111114,Name_7915,9000007915,Address 7915
7916,Hindi,Female,2119111114,Name_7916,9000007916,Address 7916
7917,Telugu,Male,2119111114,Name_7917,9000007917,Address 7917
7918,English,Female,2119111114,Name_7918,9000007918,Address 7918
7919,Hindi,Male,2119111114,Name_7919,9000007919,Address 7919
7920,Telugu,Female,2119111114,Name_7920,9000007920,Address 7920
7921,English,Male,2119111115,Name_7921,9000007921,Address 7921
7922,Hindi,Female,2119111115,Name_7922,9000007922,Address 7922
7923,Telugu,Male,2119111115,Name_7923,9000007923,Address 7923
7924,English,Female,2119111115,Name_7924,9000007924,Address 7924
7925,Hindi,Male,2119111115,Name_7925,9000007925,Address 7925
7926,Telugu,Female,2119111115,Name_7926,9000007926,Address 7926
7927,English,Male,2119111115,Name_7927,9000007927,Address 7927
7928,Hindi,Female,2119111115,Name_7928,9000007928,Address 7928
7929,Telugu,Male,2119111115,Name_7929,9000007929,Address 7929
7930,English,Female,2119111115,Name_7930,9000007930,Address 7930
7931,Hindi,Male,2119111115,Name_7931,9000007931,Address 7931
7932,Telugu,Female,2119111115,Name_7932,9000007932,Address 7932
7933,English,Male,2119111115,Name_7933,9000007933,Address 7933
7934,Hindi,Female,2119111115,Name_7934,9000007934,Address 7934
7935,Telugu,Male,2119111115,Name_7935,9000007935,Address 7935
7936,English,Female,2119111115,Name_7936,9000007936,Address 7936
7937,Hindi,Male,2119111115,Name_7937,9000007937,Address 7937
7938,Telugu,Female,2119111115,Name_7938,9000007938,Address 7938
7939,English,Male,2119111115,Name_7939,9000007939,Address 7939
7940,Hindi,Female,2119111115,Name_7940,9000007940,Address 7940
7941,Telugu,Male,2119111115,Name_7941,9000007941,Address 7941
7942,English,Female,2119111115,Name_7942,9000007942,Address 7942
7943,Hindi,Male,2119111116,Name_7943,9000007943,Address 7943
7944,Telugu,Female,2119111116,Name_7944,9000007944,Address 7944
7945,English,Male,2119111116,Name_7945,9000007945,Address 7945
7946,Hindi,Female,2119111116,Name_7946,9000007946,Address 7946
7947,Telugu,Male,2119111116,Name_7947,9000007947,Address 7947
7948,English,Female,2119111116,Name_7948,9000007948,Address 7948
7949,Hindi,Male,2119111116,Name_7949,9000007949,Address 7949
7950,Telugu,Female,2119111116,Name_7950,9000007950,Address 7950
7951,English,Male,2119111116,Name_7951,9000007951,Address 7951
7952,Hindi,Female,2119111116,Name_7952,9000007952,Address 7952
7953,Telugu,Male,2119111116,Name_7953,9000007953,Address 7953
7954,English,Female,2119111116,Name_7954,9000007954,Address 7954
7955,Hindi,Male,2119111116,Name_7955,9000007955,Address 7955
7956,Telugu,Female,2119111116,Name_7956,9000007956,Address 7956
7957,English,Male,2119111116,Name_7957,9000007957,Address 7957
7958,Hindi,Female,2119111116,Name_7958,9000007958,Address 7958
7959,Telugu,Male,2119111116,Name_7959,9000007959,Address 7959
7960,English,Female,2119111116,Name_7960,9000007960,Address 7960
7961,Hindi,Male,2119111116,Name_7961,9000007961,Address 7961
7962,Telugu,Female,2119111116,Name_7962,9000007962,Address 7962
7963,English,Male,2119111116,Name_7963,9000007963,Address 7963
7964,Hindi,Female,2119111116,Name_7964,9000007964,Address 7964
7965,Telugu,Male,2119111117,Name_7965,9000007965,Address 7965
7966,English,Female,2119111117,Name_7966,9000007966,Address 7966
7967,Hindi,Male,2119111117,Name_7967,9000007967,Address 7967
7968,Telugu,Female,2119111117,Name_7968,9000007968,Address 7968
7969,English,Male,2119111117,Name_7969,9000007969,Address 7969
7970,Hindi,Female,2119111117,Name_7970,9000007970,Address 7970
7971,Telugu,Male,2119111117,Name_7971,9000007971,Address 7971
7972,English,Female,2119111117,Name_7972,9000007972,Address 7972
7973,Hindi,Male,2119111117,Name_7973,9000007973,Address 7973
7974,Telugu,Female,2119111117,Name_7974,9000007974,Address 7974
7975,English,Male,2119111117,Name_7975,9000007975,Address 7975
7976,Hindi,Female,2119111117,Name_7976,9000007976,Address 7976
7977,Telugu,Male,2119111117,Name_7977,9000007977,Address 7977
7978,English,Female,2119111117,Name_7978,9000007978,Address 7978
7979,Hindi,Male,2119111117,Name_7979,9000007979,Address 7979
7980,Telugu,Female,2119111117,Name_7980,9000007980,Address 7980
7981,English,Male,2119111117,Name_7981,9000007981,Address 7981
7982,Hindi,Female,2119111117,Name_7982,9000007982,Address 7982
7983,Telugu,Male,2119111117,Name_7983,9000007983,Address 7983
7984,English,Female,2119111117,Name_7984,9000007984,Address 7984
7985,Hindi,Male,2119111117,Name_7985,9000007985,Address 7985
7986,Telugu,Female,2119111117,Name_7986,9000007986,Address 7986
7987,English,Male,2119111118,Name_7987,9000007987,Address 7987
7988,Hindi,Female,2119111118,Name_7988,9000007988,Address 7988
7989,Telugu,Male,2119111118,Name_7989,9000007989,Address 7989
7990,English,Female,2119111118,Name_7990,9000007990,Address 7990
7991,Hindi,Male,2119111118,Name_7991,9000007991,Address 7991
7992,Telugu,Female,2119111118,Name_7992,9000007992,Address 7992
7993,English,Male,2119111118,Name_7993,9000007993,Address 7993
7994,Hindi,Female,2119111118,Name_7994,9000007994,Address 7994
7995,Telugu,Male,2119111118,Name_7995,9000007995,Address 7995
7996,English,Female,2119111118,Name_7996,9000007996,Address 7996
7997,Hindi,Male,2119111118,Name_7997,9000007997,Address 7997
7998,Telugu,Female,2119111118,Name_7998,9000007998,Address 7998
7999,English,Male,2119111118,Name_7999,9000007999,Address 7999
8000,Hindi,Female,2119111118,Name_8000,9000008000,Address 8000
8001,Telugu,Male,2119111118,Name_8001,9000008001,Address 8001
8002,English,Female,2119111118,Name_8002,9000008002,Address 8002
8003,Hindi,Male,2119111118,Name_8003,9000008003,Address 8003
8004,Telugu,Female,2119111118,Name_8004,9000008004,Address 8004
8005,English,Male,2119111118,Name_8005,9000008005,Address 8005
8006,Hindi,Female,2119111118,Name_8006,9000008006,Address 8006
8007,Telugu,Male,2119111118,Name_8007,9000008007,Address 8007
8008,English,Female,2119111118,Name_8008,9000008008,Address 8008
8009,Hindi,Male,2119111119,Name_8009,9000008009,Address 8009
8010,Telugu,Female,2119111119,Name_8010,9000008010,Address 8010
8011,English,Male,2119111119,Name_8011,9000008011,Address 8011
8012,Hindi,Female,2119111119,Name_8012,9000008012,Address 8012
8013,Telugu,Male,2119111119,Name_8013,9000008013,Address 8013
8014,English,Female,2119111119,Name_8014,9000008014,Address 8014
8015,Hindi,Male,2119111119,Name_8015,9000008015,Address 8015
8016,Telugu,Female,2119111119,Name_8016,9000008016,Address 8016
8017,English,Male,2119111119,Name_8017,9000008017,Address 8017
8018,Hindi,Female,2119111119,Name_8018,9000008018,Address 8018
8019,Telugu,Male,2119111119,Name_8019,9000008019,Address 8019
8020,English,Female,2119111119,Name_8020,9000008020,Address 8020
8021,Hindi,Male,2119111119,Name_8021,9000008021,Address 8021
8022,Telugu,Female,2119111119,Name_8022,9000008022,Address 8022
8023,English,Male,2119111119,Name_8023,9000008023,Address 8023
8024,Hindi,Female,2119111119,Name_8024,9000008024,Address 8024
8025,Telugu,Male,2119111119,Name_8025,9000008025,Address 8025
8026,English,Female,2119111119,Name_8026,9000008026,Address 8026
8027,Hindi,Male,2119111119,Name_8027,9000008027,Address 8027
8028,Telugu,Female,2119111119,Name_8028,9000008028,Address 8028
8029,English,Male,2119111119,Name_8029,9000008029,Address 8029
8030,Hindi,Female,2119111119,Name_8030,9000008030,Address 8030
8031,Telugu,Male,2119111120,Name_8031,9000008031,Address 8031
8032,English,Female,2119111120,Name_8032,9000008032,Address 8032
8033,Hindi,Male,2119111120,Name_8033,9000008033,Address 8033
8034,Telugu,Female,2119111120,Name_8034,9000008034,Address 8034
8035,English,Male,2119111120,Name_8035,9000008035,Address 8035
8036,Hindi,Female,2119111120,Name_8036,9000008036,Address 8036
8037,Telugu,Male,2119111120,Name_8037,9000008037,Address 8037
8038,English,Female,2119111120,Name_8038,9000008038,Address 8038
8039,Hindi,Male,2119111120,Name_8039,9000008039,Address 8039
8040,Telugu,Female,2119111120,Name_8040,9000008040,Address 8040
8041,English,Male,2119111120,Name_8041,9000008041,Address 8041
8042,Hindi,Female,2119111120,Name_8042,9000008042,Address 8042
8043,Telugu,Male,2119111120,Name_8043,9000008043,Address 8043
8044,English,Female,2119111120,Name_8044,9000008044,Address 8044
8045,Hindi,Male,2119111120,Name_8045,9000008045,Address 8045
8046,Telugu,Female,2119111120,Name_8046,9000008046,Address 8046
8047,English,Male,2119111120,Name_8047,9000008047,Address 8047
8048,Hindi,Female,2119111120,Name_8048,9000008048,Address 8048
8049,Telugu,Male,2119111120,Name_8049,9000008049,Address 8049
8050,English,Female,2119111120,Name_8050,9000008050,Address 8050
8051,Hindi,Male,2119111120,Name_8051,9000008051,Address 8051
8052,Telugu,Female,2119111120,Name_8052,9000008052,Address 8052
8053,English,Male,2119111121,Name_8053,9000008053,Address 8053
8054,Hindi,Female,2119111121,Name_8054,9000008054,Address 8054
8055,Telugu,Male,2119111121,Name_8055,9000008055,Address 8055
8056,English,Female,2119111121,Name_8056,9000008056,Address 8056
8057,Hindi,Male,2119111121,Name_8057,9000008057,Address 8057
8058,Telugu,Female,2119111121,Name_8058,9000008058,Address 8058
8059,English,Male,2119111121,Name_8059,9000008059,Address 8059
8060,Hindi,Female,2119111121,Name_8060,9000008060,Address 8060
8061,Telugu,Male,2119111121,Name_8061,9000008061,Address 8061
8062,English,Female,2119111121,Name_8062,9000008062,Address 8062
8063,Hindi,Male,2119111121,Name_8063,9000008063,Address 8063
8064,Telugu,Female,2119111121,Name_8064,9000008064,Address 8064
8065,English,Male,2119111121,Name_8065,9000008065,Address 8065
8066,Hindi,Female,2119111121,Name_8066,9000008066,Address 8066
8067,Telugu,Male,2119111121,Name_8067,9000008067,Address 8067
8068,English,Female,2119111121,Name_8068,9000008068,Address 8068
8069,Hindi,Male,2119111121,Name_8069,9000008069,Address 8069
8070,Telugu,Female,2119111121,Name_8070,9000008070,Address 8070
8071,English,Male,2119111121,Name_8071,9000008071,Address 8071
8072,Hindi,Female,2119111121,Name_8072,9000008072,Address 8072
8073,Telugu,Male,2119111121,Name_8073,9000008073,Address 8073
8074,English,Female,2119111121,Name_8074,9000008074,Address 8074
8075,Hindi,Male,2119111122,Name_8075,9000008075,Address 8075
8076,Telugu,Female,2119111122,Name_8076,9000008076,Address 8076
8077,English,Male,2119111122,Name_8077,9000008077,Address 8077
8078,Hindi,Female,2119111122,Name_8078,9000008078,Address 8078
8079,Telugu,Male,2119111122,Name_8079,9000008079,Address 8079
8080,English,Female,2119111122,Name_8080,9000008080,Address 8080
8081,Hindi,Male,2119111122,Name_8081,9000008081,Address 8081
8082,Telugu,Female,2119111122,Name_8082,9000008082,Address 8082
8083,English,Male,2119111122,Name_8083,9000008083,Address 8083
8084,Hindi,Female,2119111122,Name_8084,9000008084,Address 8084
8085,Telugu,Male,2119111122,Name_8085,9000008085,Address 8085
8086,English,Female,2119111122,Name_8086,9000008086,Address 8086
8087,Hindi,Male,2119111122,Name_8087,9000008087,Address 8087
8088,Telugu,Female,2119111122,Name_8088,9000008088,Address 8088
8089,English,Male,2119111122,Name_8089,9000008089,Address 8089
8090,Hindi,Female,2119111122,Name_8090,9000008090,Address 8090
8091,Telugu,Male,2119111122,Name_8091,9000008091,Address 8091
8092,English,Female,2119111122,Name_8092,9000008092,Address 8092
8093,Hindi,Male,2119111122,Name_8093,9000008093,Address 8093
8094,Telugu,Female,2119111122,Name_8094,9000008094,Address 8094
8095,English,Male,2119111122,Name_8095,9000008095,Address 8095
8096,Hindi,Female,2119111122,Name_8096,9000008096,Address 8096
8097,Telugu,Male,2119111123,Name_8097,9000008097,Address 8097
8098,English,Female,2119111123,Name_8098,9000008098,Address 8098
8099,Hindi,Male,2119111123,Name_8099,9000008099,Address 8099
8100,Telugu,Female,2119111123,Name_8100,9000008100,Address 8100
8101,English,Male,2119111123,Name_8101,9000008101,Address 8101
8102,Hindi,Female,2119111123,Name_8102,9000008102,Address 8102
8103,Telugu,Male,2119111123,Name_8103,9000008103,Address 8103
8104,English,Female,2119111123,Name_8104,9000008104,Address 8104
8105,Hindi,Male,2119111123,Name_8105,9000008105,Address 8105
8106,Telugu,Female,2119111123,Name_8106,9000008106,Address 8106
8107,English,Male,2119111123,Name_8107,9000008107,Address 8107
8108,Hindi,Female,2119111123,Name_8108,9000008108,Address 8108
8109,Telugu,Male,2119111123,Name_8109,9000008109,Address 8109
8110,English,Female,2119111123,Name_8110,9000008110,Address 8110
8111,Hindi,Male,2119111123,Name_8111,9000008111,Address 8111
8112,Telugu,Female,2119111123,Name_8112,9000008112,Address 8112
8113,English,Male,2119111123,Name_8113,9000008113,Address 8113
8114,Hindi,Female,2119111123,Name_8114,9000008114,Address 8114
8115,Telugu,Male,2119111123,Name_8115,9000008115,Address 8115
8116,English,Female,2119111123,Name_8116,9000008116,Address 8116
8117,Hindi,Male,2119111123,Name_8117,9000008117,Address 8117
8118,Telugu,Female,2119111123,Name_8118,9000008118,Address 8118
8119,English,Male,2119111124,Name_8119,9000008119,Address 8119
8120,Hindi,Female,2119111124,Name_8120,9000008120,Address 8120
8121,Telugu,Male,2119111124,Name_8121,9000008121,Address 8121
8122,English,Female,2119111124,Name_8122,9000008122,Address 8122
8123,Hindi,Male,2119111124,Name_8123,9000008123,Address 8123
8124,Telugu,Female,2119111124,Name_8124,9000008124,Address 8124
8125,English,Male,2119111124,Name_8125,9000008125,Address 8125
8126,Hindi,Female,2119111124,Name_8126,9000008126,Address 8126
8127,Telugu,Male,2119111124,Name_8127,9000008127,Address 8127
8128,English,Female,2119111124,Name_8128,9000008128,Address 8128
8129,Hindi,Male,2119111124,Name_8129,9000008129,Address 8129
8130,Telugu,Female,2119111124,Name_8130,9000008130,Address 8130
8131,English,Male,2119111124,Name_8131,9000008131,Address 8131
8132,Hindi,Female,2119111124,Name_8132,9000008132,Address 8132
8133,Telugu,Male,2119111124,Name_8133,9000008133,Address 8133
8134,English,Female,2119111124,Name_8134,9000008134,Address 8134
8135,Hindi,Male,2119111124,Name_8135,9000008135,Address 8135
8136,Telugu,Female,2119111124,Name_8136,9000008136,Address 8136
8137,English,Male,2119111124,Name_8137,9000008137,Address 8137
8138,Hindi,Female,2119111124,Name_8138,9000008138,Address 8138
8139,Telugu,Male,2119111124,Name_8139,9000008139,Address 8139
8140,English,Female,2119111124,Name_8140,9000008140,Address 8140
8141,Hindi,Male,2119111125,Name_8141,9000008141,Address 8141
8142,Telugu,Female,2119111125,Name_8142,9000008142,Address 8142
8143,English,Male,2119111125,Name_8143,9000008143,Address 8143
8144,Hindi,Female,2119111125,Name_8144,9000008144,Address 8144
8145,Telugu,Male,2119111125,Name_8145,9000008145,Address 8145
8146,English,Female,2119111125,Name_8146,9000008146,Address 8146
8147,Hindi,Male,2119111125,Name_8147,9000008147,Address 8147
8148,Telugu,Female,2119111125,Name_8148,9000008148,Address 8148
8149,English,Male,2119111125,Name_8149,9000008149,Address 8149
8150,Hindi,Female,2119111125,Name_8150,9000008150,Address 8150
8151,Telugu,Male,2119111125,Name_8151,9000008151,Address 8151
8152,English,Female,2119111125,Name_8152,9000008152,Address 8152
8153,Hindi,Male,2119111125,Name_8153,9000008153,Address 8153
8154,Telugu,Female,2119111125,Name_8154,9000008154,Address 8154
8155,English,Male,2119111125,Name_8155,9000008155,Address 8155
8156,Hindi,Female,2119111125,Name_8156,9000008156,Address 8156
8157,Telugu,Male,2119111125,Name_8157,9000008157,Address 8157
8158,English,Female,2119111125,Name_8158,9000008158,Address 8158
8159,Hindi,Male,2119111125,Name_8159,9000008159,Address 8159
8160,Telugu,Female,2119111125,Name_8160,9000008160,Address 8160
8161,English,Male,2119111125,Name_8161,9000008161,Address 8161
8162,Hindi,Female,2119111125,Name_8162,9000008162,Address 8162
8163,Telugu,Male,2119111126,Name_8163,9000008163,Address 8163
8164,English,Female,2119111126,Name_8164,9000008164,Address 8164
8165,Hindi,Male,2119111126,Name_8165,9000008165,Address 8165
8166,Telugu,Female,2119111126,Name_8166,9000008166,Address 8166
8167,English,Male,2119111126,Name_8167,9000008167,Address 8167
8168,Hindi,Female,2119111126,Name_8168,9000008168,Address 8168
8169,Telugu,Male,2119111126,Name_8169,9000008169,Address 8169
8170,English,Female,2119111126,Name_8170,9000008170,Address 8170
8171,Hindi,Male,2119111126,Name_8171,9000008171,Address 8171
8172,Telugu,Female,2119111126,Name_8172,9000008172,Address 8172
8173,English,Male,2119111126,Name_8173,9000008173,Address 8173
8174,Hindi,Female,2119111126,Name_8174,9000008174,Address 8174
8175,Telugu,Male,2119111126,Name_8175,9000008175,Address 8175
8176,English,Female,2119111126,Name_8176,9000008176,Address 8176
8177,Hindi,Male,2119111126,Name_8177,9000008177,Address 8177
8178,Telugu,Female,2119111126,Name_8178,9000008178,Address 8178
8179,English,Male,2119111126,Name_8179,9000008179,Address 8179
8180,Hindi,Female,2119111126,Name_8180,9000008180,Address 8180
8181,Telugu,Male,2119111126,Name_8181,9000008181,Address 8181
8182,English,Female,2119111126,Name_8182,9000008182,Address 8182
8183,Hindi,Male,2119111126,Name_8183,9000008183,Address 8183
8184,Telugu,Female,2119111126,Name_8184,9000008184,Address 8184
8185,English,Male,2119111127,Name_8185,9000008185,Address 8185
8186,Hindi,Female,2119111127,Name_8186,9000008186,Address 8186
8187,Telugu,Male,2119111127,Name_8187,9000008187,Address 8187
8188,English,Female,2119111127,Name_8188,9000008188,Address 8188
8189,Hindi,Male,2119111127,Name_8189,9000008189,Address 8189
8190,Telugu,Female,2119111127,Name_8190,9000008190,Address 8190
8191,English,Male,2119111127,Name_8191,9000008191,Address 8191
8192,Hindi,Female,2119111127,Name_8192,9000008192,Address 8192
8193,Telugu,Male,2119111127,Name_8193,9000008193,Address 8193
8194,English,Female,2119111127,Name_8194,9000008194,Address 8194
8195,Hindi,Male,2119111127,Name_8195,9000008195,Address 8195
8196,Telugu,Female,2119111127,Name_8196,9000008196,Address 8196
8197,English,Male,2119111127,Name_8197,9000008197,Address 8197
8198,Hindi,Female,2119111127,Name_8198,9000008198,Address 8198
8199,Telugu,Male,2119111127,Name_8199,9000008199,Address 8199
8200,English,Female,2119111127,Name_8200,9000008200,Address 8200
8201,Hindi,Male,2119111127,Name_8201,9000008201,Address 8201
8202,Telugu,Female,2119111127,Name_8202,9000008202,Address 8202
8203,English,Male,2119111127,Name_8203,9000008203,Address 8203
8204,Hindi,Female,2119111127,Name_8204,9000008204,Address 8204
8205,Telugu,Male,2119111127,Name_8205,9000008205,Address 8205
8206,English,Female,2119111127,Name_8206,9000008206,Address 8206
8207,Hindi,Male,2119111128,Name_8207,9000008207,Address 8207
8208,Telugu,Female,2119111128,Name_8208,9000008208,Address 8208
8209,English,Male,2119111128,Name_8209,9000008209,Address 8209
8210,Hindi,Female,2119111128,Name_8210,9000008210,Address 8210
8211,Telugu,Male,2119111128,Name_8211,9000008211,Address 8211
8212,English,Female,2119111128,Name_8212,9000008212,Address 8212
8213,Hindi,Male,2119111128,Name_8213,9000008213,Address 8213
8214,Telugu,Female,2119111128,Name_8214,9000008214,Address 8214
8215,English,Male,2119111128,Name_8215,9000008215,Address 8215
8216,Hindi,Female,2119111128,Name_8216,9000008216,Address 8216
8217,Telugu,Male,2119111128,Name_8217,9000008217,Address 8217
8218,English,Female,2119111128,Name_8218,9000008218,Address 8218
8219,Hindi,Male,2119111128,Name_8219,9000008219,Address 8219
8220,Telugu,Female,2119111128,Name_8220,9000008220,Address 8220
8221,English,Male,2119111128,Name_8221,9000008221,Address 8221
8222,Hindi,Female,2119111128,Name_8222,9000008222,Address 8222
8223,Telugu,Male,2119111128,Name_8223,9000008223,Address 8223
8224,English,Female,2119111128,Name_8224,9000008224,Address 8224
8225,Hindi,Male,2119111128,Name_8225,9000008225,Address 8225
8226,Telugu,Female,2119111128,Name_8226,9000008226,Address 8226
8227,English,Male,2119111128,Name_8227,9000008227,Address 8227
8228,Hindi,Female,2119111128,Name_8228,9000008228,Address 8228
8229,Telugu,Male,2119111129,Name_8229,9000008229,Address 8229
8230,English,Female,2119111129,Name_8230,9000008230,Address 8230
8231,Hindi,Male,2119111129,Name_8231,9000008231,Address 8231
8232,Telugu,Female,2119111129,Name_8232,9000008232,Address 8232
8233,English,Male,2119111129,Name_8233,9000008233,Address 8233
8234,Hindi,Female,2119111129,Name_8234,9000008234,Address 8234
8235,Telugu,Male,2119111129,Name_8235,9000008235,Address 8235
8236,English,Female,2119111129,Name_8236,9000008236,Address 8236
8237,Hindi,Male,2119111129,Name_8237,9000008237,Address 8237
8238,Telugu,Female,2119111129,Name_8238,9000008238,Address 8238
8239,English,Male,2119111129,Name_8239,9000008239,Address 8239
8240,Hindi,Female,2119111129,Name_8240,9000008240,Address 8240
8241,Telugu,Male,2119111129,Name_8241,9000008241,Address 8241
8242,English,Female,2119111129,Name_8242,9000008242,Address 8242
8243,Hindi,Male,2119111129,Name_8243,9000008243,Address 8243
8244,Telugu,Female,2119111129,Name_8244,9000008244,Address 8244
8245,English,Male,2119111129,Name_8245,9000008245,Address 8245
8246,Hindi,Female,2119111129,Name_8246,9000008246,Address 8246
8247,Telugu,Male,2119111129,Name_8247,9000008247,Address 8247
8248,English,Female,2119111129,Name_8248,9000008248,Address 8248
8249,Hindi,Male,2119111129,Name_8249,9000008249,Address 8249
8250,Telugu,Female,2119111129,Name_8250,9000008250,Address 8250
8251,English,Male,2119111130,Name_8251,9000008251,Address 8251
8252,Hindi,Female,2119111130,Name_8252,9000008252,Address 8252
8253,Telugu,Male,2119111130,Name_8253,9000008253,Address 8253
8254,English,Female,2119111130,Name_8254,9000008254,Address 8254
8255,Hindi,Male,2119111130,Name_8255,9000008255,Address 8255
8256,Telugu,Female,2119111130,Name_8256,9000008256,Address 8256
8257,English,Male,2119111130,Name_8257,9000008257,Address 8257
8258,Hindi,Female,2119111130,Name_8258,9000008258,Address 8258
8259,Telugu,Male,2119111130,Name_8259,9000008259,Address 8259
8260,English,Female,2119111130,Name_8260,9000008260,Address 8260
8261,Hindi,Male,2119111130,Name_8261,9000008261,Address 8261
8262,Telugu,Female,2119111130,Name_8262,9000008262,Address 8262
8263,English,Male,2119111130,Name_8263,9000008263,Address 8263
8264,Hindi,Female,2119111130,Name_8264,9000008264,Address 8264
8265,Telugu,Male,2119111130,Name_8265,9000008265,Address 8265
8266,English,Female,2119111130,Name_8266,9000008266,Address 8266
8267,Hindi,Male,2119111130,Name_8267,9000008267,Address 8267
8268,Telugu,Female,2119111130,Name_8268,9000008268,Address 8268
8269,English,Male,2119111130,Name_8269,9000008269,Address 8269
8270,Hindi,Female,2119111130,Name_8270,9000008270,Address 8270
8271,Telugu,Male,2119111130,Name_8271,9000008271,Address 8271
8272,English,Female,2119111130,Name_8272,9000008272,Address 8272
8273,Hindi,Male,2119111131,Name_8273,9000008273,Address 8273
8274,Telugu,Female,2119111131,Name_8274,9000008274,Address 8274
8275,English,Male,2119111131,Name_8275,9000008275,Address 8275
8276,Hindi,Female,2119111131,Name_8276,9000008276,Address 8276
8277,Telugu,Male,2119111131,Name_8277,9000008277,Address 8277
8278,English,Female,2119111131,Name_8278,9000008278,Address 8278
8279,Hindi,Male,2119111131,Name_8279,9000008279,Address 8279
8280,Telugu,Female,2119111131,Name_8280,9000008280,Address 8280
8281,English,Male,2119111131,Name_8281,9000008281,Address 8281
8282,Hindi,Female,2119111131,Name_8282,9000008282,Address 8282
8283,Telugu,Male,2119111131,Name_8283,9000008283,Address 8283
8284,English,Female,2119111131,Name_8284,9000008284,Address 8284
8285,Hindi,Male,2119111131,Name_8285,9000008285,Address 8285
8286,Telugu,Female,2119111131,Name_8286,9000008286,Address 8286
8287,English,Male,2119111131,Name_8287,9000008287,Address 8287
8288,Hindi,Female,2119111131,Name_8288,9000008288,Address 8288
8289,Telugu,Male,2119111131,Name_8289,9000008289,Address 8289
8290,English,Female,2119111131,Name_8290,9000008290,Address 8290
8291,Hindi,Male,2119111131,Name_8291,9000008291,Address 8291
8292,Telugu,Female,2119111131,Name_8292,9000008292,Address 8292
8293,English,Male,2119111131,Name_8293,9000008293,Address 8293
8294,Hindi,Female,2119111131,Name_8294,9000008294,Address 8294
8295,Telugu,Male,2119111132,Name_8295,9000008295,Address 8295
8296,English,Female,2119111132,Name_8296,9000008296,Address 8296
8297,Hindi,Male,2119111132,Name_8297,9000008297,Address 8297
8298,Telugu,Female,2119111132,Name_8298,9000008298,Address 8298
8299,English,Male,2119111132,Name_8299,9000008299,Address 8299
8300,Hindi,Female,2119111132,Name_8300,9000008300,Address 8300
8301,Telugu,Male,2119111132,Name_8301,9000008301,Address 8301
8302,English,Female,2119111132,Name_8302,9000008302,Address 8302
8303,Hindi,Male,2119111132,Name_8303,9000008303,Address 8303
8304,Telugu,Female,2119111132,Name_8304,9000008304,Address 8304
8305,English,Male,2119111132,Name_8305,9000008305,Address 8305
8306,Hindi,Female,2119111132,Name_8306,9000008306,Address 8306
8307,Telugu,Male,2119111132,Name_8307,9000008307,Address 8307
8308,English,Female,2119111132,Name_8308,9000008308,Address 8308
8309,Hindi,Male,2119111132,Name_8309,9000008309,Address 8309
8310,Telugu,Female,2119111132,Name_8310,9000008310,Address 8310
8311,English,Male,2119111132,Name_8311,9000008311,Address 8311
8312,Hindi,Female,2119111132,Name_8312,9000008312,Address 8312
8313,Telugu,Male,2119111132,Name_8313,9000008313,Address 8313
8314,English,Female,2119111132,Name_8314,9000008314,Address 8314
8315,Hindi,Male,2119111132,Name_8315,9000008315,Address 8315
8316,Telugu,Female,2119111132,Name_8316,9000008316,Address 8316
8317,English,Male,2119111133,Name_8317,9000008317,Address 8317
8318,Hindi,Female,2119111133,Name_8318,9000008318,Address 8318
8319,Telugu,Male,2119111133,Name_8319,9000008319,Address 8319
8320,English,Female,2119111133,Name_8320,9000008320,Address 8320
8321,Hindi,Male,2119111133,Name_8321,9000008321,Address 8321
8322,Telugu,Female,2119111133,Name_8322,9000008322,Address 8322
8323,English,Male,2119111133,Name_8323,9000008323,Address 8323
8324,Hindi,Female,2119111133,Name_8324,9000008324,Address 8324
8325,Telugu,Male,2119111133,Name_8325,9000008325,Address 8325
8326,English,Female,2119111133,Name_8326,9000008326,Address 8326
8327,Hindi,Male,2119111133,Name_8327,9000008327,Address 8327
8328,Telugu,Female,2119111133,Name_8328,9000008328,Address 8328
8329,English,Male,2119111133,Name_8329,9000008329,Address 8329
8330,Hindi,Female,2119111133,Name_8330,9000008330,Address 8330
8331,Telugu,Male,2119111133,Name_8331,9000008331,Address 8331
8332,English,Female,2119111133,Name_8332,9000008332,Address 8332
8333,Hindi,Male,2119111133,Name_8333,9000008333,Address 8333
8334,Telugu,Female,2119111133,Name_8334,9000008334,Address 8334
8335,English,Male,2119111133,Name_8335,9000008335,Address 8335
8336,Hindi,Female,2119111133,Name_8336,9000008336,Address 8336
8337,Telugu,Male,2119111133,Name_8337,9000008337,Address 8337
8338,English,Female,2119111133,Name_8338,9000008338,Address 8338
8339,Hindi,Male,2119111134,Name_8339,9000008339,Address 8339
8340,Telugu,Female,2119111134,Name_8340,9000008340,Address 8340
8341,English,Male,2119111134,Name_8341,9000008341,Address 8341
8342,Hindi,Female,2119111134,Name_8342,9000008342,Address 8342
8343,Telugu,Male,2119111134,Name_8343,9000008343,Address 8343
8344,English,Female,2119111134,Name_8344,9000008344,Address 8344
8345,Hindi,Male,2119111134,Name_8345,9000008345,Address 8345
8346,Telugu,Female,2119111134,Name_8346,9000008346,Address 8346
8347,English,Male,2119111134,Name_8347,9000008347,Address 8347
8348,Hindi,Female,2119111134,Name_8348,9000008348,Address 8348
8349,Telugu,Male,2119111134,Name_8349,9000008349,Address 8349
8350,English,Female,2119111134,Name_8350,9000008350,Address 8350
8351,Hindi,Male,2119111134,Name_8351,9000008351,Address 8351
8352,Telugu,Female,2119111134,Name_8352,9000008352,Address 8352
8353,English,Male,2119111134,Name_8353,9000008353,Address 8353
8354,Hindi,Female,2119111134,Name_8354,9000008354,Address 8354
8355,Telugu,Male,2119111134,Name_8355,9000008355,Address 8355
8356,English,Female,2119111134,Name_8356,9000008356,Address 8356
8357,Hindi,Male,2119111134,Name_8357,9000008357,Address 8357
8358,Telugu,Female,2119111134,Name_8358,9000008358,Address 8358
8359,English,Male,2119111134,Name_8359,9000008359,Address 8359
8360,Hindi,Female,2119111134,Name_8360,9000008360,Address 8360
8361,Telugu,Male,2119111135,Name_8361,9000008361,Address 8361
8362,English,Female,2119111135,Name_8362,9000008362,Address 8362
8363,Hindi,Male,2119111135,Name_8363,9000008363,Address 8363
8364,Telugu,Female,2119111135,Name_8364,9000008364,Address 8364
8365,English,Male,2119111135,Name_8365,9000008365,Address 8365
8366,Hindi,Female,2119111135,Name_8366,9000008366,Address 8366
8367,Telugu,Male,2119111135,Name_8367,9000008367,Address 8367
8368,English,Female,2119111135,Name_8368,9000008368,Address 8368
8369,Hindi,Male,2119111135,Name_8369,9000008369,Address 8369
8370,Telugu,Female,2119111135,Name_8370,9000008370,Address 8370
8371,English,Male,2119111135,Name_8371,9000008371,Address 8371
8372,Hindi,Female,2119111135,Name_8372,9000008372,Address 8372
8373,Telugu,Male,2119111135,Name_8373,9000008373,Address 8373
8374,English,Female,2119111135,Name_8374,9000008374,Address 8374
8375,Hindi,Male,2119111135,Name_8375,9000008375,Address 8375
8376,Telugu,Female,2119111135,Name_8376,9000008376,Address 8376
8377,English,Male,2119111135,Name_8377,9000008377,Address 8377
8378,Hindi,Female,2119111135,Name_8378,9000008378,Address 8378
8379,Telugu,Male,2119111135,Name_8379,9000008379,Address 8379
8380,English,Female,2119111135,Name_8380,9000008380,Address 8380
8381,Hindi,Male,2119111135,Name_8381,9000008381,Address 8381
8382,Telugu,Female,2119111135,Name_8382,9000008382,Address 8382
8383,English,Male,211911196,Name_8383,9000008383,Address 8383
8384,Hindi,Female,211911196,Name_8384,9000008384,Address 8384
8385,Telugu,Male,211911196,Name_8385,9000008385,Address 8385
8386,English,Female,211911196,Name_8386,9000008386,Address 8386
8387,Hindi,Male,211911196,Name_8387,9000008387,Address 8387
8388,Telugu,Female,211911196,Name_8388,9000008388,Address 8388
8389,English,Male,211911196,Name_8389,9000008389,Address 8389
8390,Hindi,Female,211911196,Name_8390,9000008390,Address 8390
8391,Telugu,Male,211911196,Name_8391,9000008391,Address 8391
8392,English,Female,211911196,Name_8392,9000008392,Address 8392
8393,Hindi,Male,211911196,Name_8393,9000008393,Address 8393
8394,Telugu,Female,211911196,Name_8394,9000008394,Address 8394
8395,English,Male,211911196,Name_8395,9000008395,Address 8395
8396,Hindi,Female,211911196,Name_8396,9000008396,Address 8396
8397,Telugu,Male,211911196,Name_8397,9000008397,Address 8397
8398,English,Female,211911196,Name_8398,9000008398,Address 8398
8399,Hindi,Male,211911196,Name_8399,9000008399,Address 8399
8400,Telugu,Female,211911196,Name_8400,9000008400,Address 8400
8401,English,Male,211911196,Name_8401,9000008401,Address 8401
8402,Hindi,Female,211911196,Name_8402,9000008402,Address 8402
8403,Telugu,Male,211911196,Name_8403,9000008403,Address 8403
8404,English,Female,211911196,Name_8404,9000008404,Address 8404
8405,Hindi,Male,211911197,Name_8405,9000008405,Address 8405
8406,Telugu,Female,211911197,Name_8406,9000008406,Address 8406
8407,English,Male,211911197,Name_8407,9000008407,Address 8407
8408,Hindi,Female,211911197,Name_8408,9000008408,Address 8408
8409,Telugu,Male,211911197,Name_8409,9000008409,Address 8409
8410,English,Female,211911197,Name_8410,9000008410,Address 8410
8411,Hindi,Male,211911197,Name_8411,9000008411,Address 8411
8412,Telugu,Female,211911197,Name_8412,9000008412,Address 8412
8413,English,Male,211911197,Name_8413,9000008413,Address 8413
8414,Hindi,Female,211911197,Name_8414,9000008414,Address 8414
8415,Telugu,Male,211911197,Name_8415,9000008415,Address 8415
8416,English,Female,211911197,Name_8416,9000008416,Address 8416
8417,Hindi,Male,211911197,Name_8417,9000008417,Address 8417
8418,Telugu,Female,211911197,Name_8418,9000008418,Address 8418
8419,English,Male,211911197,Name_8419,9000008419,Address 8419
8420,Hindi,Female,211911197,Name_8420,9000008420,Address 8420
8421,Telugu,Male,211911197,Name_8421,9000008421,Address 8421
8422,English,Female,211911197,Name_8422,9000008422,Address 8422
8423,Hindi,Male,211911197,Name_8423,9000008423,Address 8423
8424,Telugu,Female,211911197,Name_8424,9000008424,Address 8424
8425,English,Male,211911197,Name_8425,9000008425,Address 8425
8426,Hindi,Female,211911197,Name_8426,9000008426,Address 8426
8427,Telugu,Male,211911198,Name_8427,9000008427,Address 8427
8428,English,Female,211911198,Name_8428,9000008428,Address 8428
8429,Hindi,Male,211911198,Name_8429,9000008429,Address 8429
8430,Telugu,Female,211911198,Name_8430,9000008430,Address 8430
8431,English,Male,211911198,Name_8431,9000008431,Address 8431
8432,Hindi,Female,211911198,Name_8432,9000008432,Address 8432
8433,Telugu,Male,211911198,Name_8433,9000008433,Address 8433
8434,English,Female,211911198,Name_8434,9000008434,Address 8434
8435,Hindi,Male,211911198,Name_8435,9000008435,Address 8435
8436,Telugu,Female,211911198,Name_8436,9000008436,Address 8436
8437,English,Male,211911198,Name_8437,9000008437,Address 8437
8438,Hindi,Female,211911198,Name_8438,9000008438,Address 8438
8439,Telugu,Male,211911198,Name_8439,9000008439,Address 8439
8440,English,Female,211911198,Name_8440,9000008440,Address 8440
8441,Hindi,Male,211911198,Name_8441,9000008441,Address 8441
8442,Telugu,Female,211911198,Name_8442,9000008442,Address 8442
8443,English,Male,211911198,Name_8443,9000008443,Address 8443
8444,Hindi,Female,211911198,Name_8444,9000008444,Address 8444
8445,Telugu,Male,211911198,Name_8445,9000008445,Address 8445
8446,English,Female,211911198,Name_8446,9000008446,Address 8446
8447,Hindi,Male,211911198,Name_8447,9000008447,Address 8447
8448,Telugu,Female,211911198,Name_8448,9000008448,Address 8448
8449,English,Male,211911199,Name_8449,9000008449,Address 8449
8450,Hindi,Female,211911199,Name_8450,9000008450,Address 8450
8451,Telugu,Male,211911199,Name_8451,9000008451,Address 8451
8452,English,Female,211911199,Name_8452,9000008452,Address 8452
8453,Hindi,Male,211911199,Name_8453,9000008453,Address 8453
8454,Telugu,Female,211911199,Name_8454,9000008454,Address 8454
8455,English,Male,211911199,Name_8455,9000008455,Address 8455
8456,Hindi,Female,211911199,Name_8456,9000008456,Address 8456
8457,Telugu,Male,211911199,Name_8457,9000008457,Address 8457
8458,English,Female,211911199,Name_8458,9000008458,Address 8458
8459,Hindi,Male,211911199,Name_8459,9000008459,Address 8459
8460,Telugu,Female,211911199,Name_8460,9000008460,Address 8460
8461,English,Male,211911199,Name_8461,9000008461,Address 8461
8462,Hindi,Female,211911199,Name_8462,9000008462,Address 8462
8463,Telugu,Male,211911199,Name_8463,9000008463,Address 8463
8464,English,Female,211911199,Name_8464,9000008464,Address 8464
8465,Hindi,Male,211911199,Name_8465,9000008465,Address 8465
8466,Telugu,Female,211911199,Name_8466,9000008466,Address 8466
8467,English,Male,211911199,Name_8467,9000008467,Address 8467
8468,Hindi,Female,211911199,Name_8468,9000008468,Address 8468
8469,Telugu,Male,211911199,Name_8469,9000008469,Address 8469
8470,English,Female,211911199,Name_8470,9000008470,Address 8470
8471,Hindi,Male,3104101103,Name_8471,9000008471,Address 8471
8472,Telugu,Female,3104101103,Name_8472,9000008472,Address 8472
8473,English,Male,3104101103,Name_8473,9000008473,Address 8473
8474,Hindi,Female,3104101103,Name_8474,9000008474,Address 8474
8475,Telugu,Male,3104101103,Name_8475,9000008475,Address 8475
8476,English,Female,3104101103,Name_8476,9000008476,Address 8476
8477,Hindi,Male,3104101103,Name_8477,9000008477,Address 8477
8478,Telugu,Female,3104101103,Name_8478,9000008478,Address 8478
8479,English,Male,3104101103,Name_8479,9000008479,Address 8479
8480,Hindi,Female,3104101103,Name_8480,9000008480,Address 8480
8481,Telugu,Male,3104101103,Name_8481,9000008481,Address 8481
8482,English,Female,3104101103,Name_8482,9000008482,Address 8482
8483,Hindi,Male,3104101103,Name_8483,9000008483,Address 8483
8484,Telugu,Female,3104101103,Name_8484,9000008484,Address 8484
8485,English,Male,3104101103,Name_8485,9000008485,Address 8485
8486,Hindi,Female,3104101103,Name_8486,9000008486,Address 8486
8487,Telugu,Male,3104101103,Name_8487,9000008487,Address 8487
8488,English,Female,3104101103,Name_8488,9000008488,Address 8488
8489,Hindi,Male,3104101103,Name_8489,9000008489,Address 8489
8490,Telugu,Female,3104101103,Name_8490,9000008490,Address 8490
8491,English,Male,3104101103,Name_8491,9000008491,Address 8491
8492,Hindi,Female,3104101103,Name_8492,9000008492,Address 8492
8493,Telugu,Male,310410190,Name_8493,9000008493,Address 8493
8494,English,Female,310410190,Name_8494,9000008494,Address 8494
8495,Hindi,Male,310410190,Name_8495,9000008495,Address 8495
8496,Telugu,Female,310410190,Name_8496,9000008496,Address 8496
8497,English,Male,310410190,Name_8497,9000008497,Address 8497
8498,Hindi,Female,310410190,Name_8498,9000008498,Address 8498
8499,Telugu,Male,310410190,Name_8499,9000008499,Address 8499
8500,English,Female,310410190,Name_8500,9000008500,Address 8500
8501,Hindi,Male,310410190,Name_8501,9000008501,Address 8501
8502,Telugu,Female,310410190,Name_8502,9000008502,Address 8502
8503,English,Male,310410190,Name_8503,9000008503,Address 8503
8504,Hindi,Female,310410190,Name_8504,9000008504,Address 8504
8505,Telugu,Male,310410190,Name_8505,9000008505,Address 8505
8506,English,Female,310410190,Name_8506,9000008506,Address 8506
8507,Hindi,Male,310410190,Name_8507,9000008507,Address 8507
8508,Telugu,Female,310410190,Name_8508,9000008508,Address 8508
8509,English,Male,310410190,Name_8509,9000008509,Address 8509
8510,Hindi,Female,310410190,Name_8510,9000008510,Address 8510
8511,Telugu,Male,310410190,Name_8511,9000008511,Address 8511
8512,English,Female,310410190,Name_8512,9000008512,Address 8512
8513,Hindi,Male,310410190,Name_8513,9000008513,Address 8513
8514,Telugu,Female,310410190,Name_8514,9000008514,Address 8514
8515,English,Male,310410194,Name_8515,9000008515,Address 8515
8516,Hindi,Female,310410194,Name_8516,9000008516,Address 8516
8517,Telugu,Male,310410194,Name_8517,9000008517,Address 8517
8518,English,Female,310410194,Name_8518,9000008518,Address 8518
8519,Hindi,Male,310410194,Name_8519,9000008519,Address 8519
8520,Telugu,Female,310410194,Name_8520,9000008520,Address 8520
8521,English,Male,310410194,Name_8521,9000008521,Address 8521
8522,Hindi,Female,310410194,Name_8522,9000008522,Address 8522
8523,Telugu,Male,310410194,Name_8523,9000008523,Address 8523
8524,English,Female,310410194,Name_8524,9000008524,Address 8524
8525,Hindi,Male,310410194,Name_8525,9000008525,Address 8525
8526,Telugu,Female,310410194,Name_8526,9000008526,Address 8526
8527,English,Male,310410194,Name_8527,9000008527,Address 8527
8528,Hindi,Female,310410194,Name_8528,9000008528,Address 8528
8529,Telugu,Male,310410194,Name_8529,9000008529,Address 8529
8530,English,Female,310410194,Name_8530,9000008530,Address 8530
8531,Hindi,Male,310410194,Name_8531,9000008531,Address 8531
8532,Telugu,Female,310410194,Name_8532,9000008532,Address 8532
8533,English,Male,310410194,Name_8533,9000008533,Address 8533
8534,Hindi,Female,310410194,Name_8534,9000008534,Address 8534
8535,Telugu,Male,310410194,Name_8535,9000008535,Address 8535
8536,English,Female,310410194,Name_8536,9000008536,Address 8536
8537,Hindi,Male,310410197,Name_8537,9000008537,Address 8537
8538,Telugu,Female,310410197,Name_8538,9000008538,Address 8538
8539,English,Male,310410197,Name_8539,9000008539,Address 8539
8540,Hindi,Female,310410197,Name_8540,9000008540,Address 8540
8541,Telugu,Male,310410197,Name_8541,9000008541,Address 8541
8542,English,Female,310410197,Name_8542,9000008542,Address 8542
8543,Hindi,Male,310410197,Name_8543,9000008543,Address 8543
8544,Telugu,Female,310410197,Name_8544,9000008544,Address 8544
8545,English,Male,310410197,Name_8545,9000008545,Address 8545
8546,Hindi,Female,310410197,Name_8546,9000008546,Address 8546
8547,Telugu,Male,310410197,Name_8547,9000008547,Address 8547
8548,English,Female,310410197,Name_8548,9000008548,Address 8548
8549,Hindi,Male,310410197,Name_8549,9000008549,Address 8549
8550,Telugu,Female,310410197,Name_8550,9000008550,Address 8550
8551,English,Male,310410197,Name_8551,9000008551,Address 8551
8552,Hindi,Female,310410197,Name_8552,9000008552,Address 8552
8553,Telugu,Male,310410197,Name_8553,9000008553,Address 8553
8554,English,Female,310410197,Name_8554,9000008554,Address 8554
8555,Hindi,Male,310410197,Name_8555,9000008555,Address 8555
8556,Telugu,Female,310410197,Name_8556,9000008556,Address 8556
8557,English,Male,310410197,Name_8557,9000008557,Address 8557
8558,Hindi,Female,310410197,Name_8558,9000008558,Address 8558
8559,Telugu,Male,3104103109,Name_8559,9000008559,Address 8559
8560,English,Female,3104103109,Name_8560,9000008560,Address 8560
8561,Hindi,Male,3104103109,Name_8561,9000008561,Address 8561
8562,Telugu,Female,3104103109,Name_8562,9000008562,Address 8562
8563,English,Male,3104103109,Name_8563,9000008563,Address 8563
8564,Hindi,Female,3104103109,Name_8564,9000008564,Address 8564
8565,Telugu,Male,3104103109,Name_8565,9000008565,Address 8565
8566,English,Female,3104103109,Name_8566,9000008566,Address 8566
8567,Hindi,Male,3104103109,Name_8567,9000008567,Address 8567
8568,Telugu,Female,3104103109,Name_8568,9000008568,Address 8568
8569,English,Male,3104103109,Name_8569,9000008569,Address 8569
8570,Hindi,Female,3104103109,Name_8570,9000008570,Address 8570
8571,Telugu,Male,3104103109,Name_8571,9000008571,Address 8571
8572,English,Female,3104103109,Name_8572,9000008572,Address 8572
8573,Hindi,Male,3104103109,Name_8573,9000008573,Address 8573
8574,Telugu,Female,3104103109,Name_8574,9000008574,Address 8574
8575,English,Male,3104103109,Name_8575,9000008575,Address 8575
8576,Hindi,Female,3104103109,Name_8576,9000008576,Address 8576
8577,Telugu,Male,3104103109,Name_8577,9000008577,Address 8577
8578,English,Female,3104103109,Name_8578,9000008578,Address 8578
8579,Hindi,Male,3104103109,Name_8579,9000008579,Address 8579
8580,Telugu,Female,3104103109,Name_8580,9000008580,Address 8580
8581,English,Male,3104103110,Name_8581,9000008581,Address 8581
8582,Hindi,Female,3104103110,Name_8582,9000008582,Address 8582
8583,Telugu,Male,3104103110,Name_8583,9000008583,Address 8583
8584,English,Female,3104103110,Name_8584,9000008584,Address 8584
8585,Hindi,Male,3104103110,Name_8585,9000008585,Address 8585
8586,Telugu,Female,3104103110,Name_8586,9000008586,Address 8586
8587,English,Male,3104103110,Name_8587,9000008587,Address 8587
8588,Hindi,Female,3104103110,Name_8588,9000008588,Address 8588
8589,Telugu,Male,3104103110,Name_8589,9000008589,Address 8589
8590,English,Female,3104103110,Name_8590,9000008590,Address 8590
8591,Hindi,Male,3104103110,Name_8591,9000008591,Address 8591
8592,Telugu,Female,3104103110,Name_8592,9000008592,Address 8592
8593,English,Male,3104103110,Name_8593,9000008593,Address 8593
8594,Hindi,Female,3104103110,Name_8594,9000008594,Address 8594
8595,Telugu,Male,3104103110,Name_8595,9000008595,Address 8595
8596,English,Female,3104103110,Name_8596,9000008596,Address 8596
8597,Hindi,Male,3104103110,Name_8597,9000008597,Address 8597
8598,Telugu,Female,3104103110,Name_8598,9000008598,Address 8598
8599,English,Male,3104103110,Name_8599,9000008599,Address 8599
8600,Hindi,Female,3104103110,Name_8600,9000008600,Address 8600
8601,Telugu,Male,3104103110,Name_8601,9000008601,Address 8601
8602,English,Female,3104103110,Name_8602,9000008602,Address 8602
8603,Hindi,Male,3104103111,Name_8603,9000008603,Address 8603
8604,Telugu,Female,3104103111,Name_8604,9000008604,Address 8604
8605,English,Male,3104103111,Name_8605,9000008605,Address 8605
8606,Hindi,Female,3104103111,Name_8606,9000008606,Address 8606
8607,Telugu,Male,3104103111,Name_8607,9000008607,Address 8607
8608,English,Female,3104103111,Name_8608,9000008608,Address 8608
8609,Hindi,Male,3104103111,Name_8609,9000008609,Address 8609
8610,Telugu,Female,3104103111,Name_8610,9000008610,Address 8610
8611,English,Male,3104103111,Name_8611,9000008611,Address 8611
8612,Hindi,Female,3104103111,Name_8612,9000008612,Address 8612
8613,Telugu,Male,3104103111,Name_8613,9000008613,Address 8613
8614,English,Female,3104103111,Name_8614,9000008614,Address 8614
8615,Hindi,Male,3104103111,Name_8615,9000008615,Address 8615
8616,Telugu,Female,3104103111,Name_8616,9000008616,Address 8616
8617,English,Male,3104103111,Name_8617,9000008617,Address 8617
8618,Hindi,Female,3104103111,Name_8618,9000008618,Address 8618
8619,Telugu,Male,3104103111,Name_8619,9000008619,Address 8619
8620,English,Female,3104103111,Name_8620,9000008620,Address 8620
8621,Hindi,Male,3104103111,Name_8621,9000008621,Address 8621
8622,Telugu,Female,3104103111,Name_8622,9000008622,Address 8622
8623,English,Male,3104103111,Name_8623,9000008623,Address 8623
8624,Hindi,Female,3104103111,Name_8624,9000008624,Address 8624
8625,Telugu,Male,3104103112,Name_8625,9000008625,Address 8625
8626,English,Female,3104103112,Name_8626,9000008626,Address 8626
8627,Hindi,Male,3104103112,Name_8627,9000008627,Address 8627
8628,Telugu,Female,3104103112,Name_8628,9000008628,Address 8628
8629,English,Male,3104103112,Name_8629,9000008629,Address 8629
8630,Hindi,Female,3104103112,Name_8630,9000008630,Address 8630
8631,Telugu,Male,3104103112,Name_8631,9000008631,Address 8631
8632,English,Female,3104103112,Name_8632,9000008632,Address 8632
8633,Hindi,Male,3104103112,Name_8633,9000008633,Address 8633
8634,Telugu,Female,3104103112,Name_8634,9000008634,Address 8634
8635,English,Male,3104103112,Name_8635,9000008635,Address 8635
8636,Hindi,Female,3104103112,Name_8636,9000008636,Address 8636
8637,Telugu,Male,3104103112,Name_8637,9000008637,Address 8637
8638,English,Female,3104103112,Name_8638,9000008638,Address 8638
8639,Hindi,Male,3104103112,Name_8639,9000008639,Address 8639
8640,Telugu,Female,3104103112,Name_8640,9000008640,Address 8640
8641,English,Male,3104103112,Name_8641,9000008641,Address 8641
8642,Hindi,Female,3104103112,Name_8642,9000008642,Address 8642
8643,Telugu,Male,3104103112,Name_8643,9000008643,Address 8643
8644,English,Female,3104103112,Name_8644,9000008644,Address 8644
8645,Hindi,Male,3104103112,Name_8645,9000008645,Address 8645
8646,Telugu,Female,3104103112,Name_8646,9000008646,Address 8646
8647,English,Male,3104103113,Name_8647,9000008647,Address 8647
8648,Hindi,Female,3104103113,Name_8648,9000008648,Address 8648
8649,Telugu,Male,3104103113,Name_8649,9000008649,Address 8649
8650,English,Female,3104103113,Name_8650,9000008650,Address 8650
8651,Hindi,Male,3104103113,Name_8651,9000008651,Address 8651
8652,Telugu,Female,3104103113,Name_8652,9000008652,Address 8652
8653,English,Male,3104103113,Name_8653,9000008653,Address 8653
8654,Hindi,Female,3104103113,Name_8654,9000008654,Address 8654
8655,Telugu,Male,3104103113,Name_8655,9000008655,Address 8655
8656,English,Female,3104103113,Name_8656,9000008656,Address 8656
8657,Hindi,Male,3104103113,Name_8657,9000008657,Address 8657
8658,Telugu,Female,3104103113,Name_8658,9000008658,Address 8658
8659,English,Male,3104103113,Name_8659,9000008659,Address 8659
8660,Hindi,Female,3104103113,Name_8660,9000008660,Address 8660
8661,Telugu,Male,3104103113,Name_8661,9000008661,Address 8661
8662,English,Female,3104103113,Name_8662,9000008662,Address 8662
8663,Hindi,Male,3104103113,Name_8663,9000008663,Address 8663
8664,Telugu,Female,3104103113,Name_8664,9000008664,Address 8664
8665,English,Male,3104103113,Name_8665,9000008665,Address 8665
8666,Hindi,Female,3104103113,Name_8666,9000008666,Address 8666
8667,Telugu,Male,3104103113,Name_8667,9000008667,Address 8667
8668,English,Female,3104103113,Name_8668,9000008668,Address 8668
8669,Hindi,Male,3104103114,Name_8669,9000008669,Address 8669
8670,Telugu,Female,3104103114,Name_8670,9000008670,Address 8670
8671,English,Male,3104103114,Name_8671,9000008671,Address 8671
8672,Hindi,Female,3104103114,Name_8672,9000008672,Address 8672
8673,Telugu,Male,3104103114,Name_8673,9000008673,Address 8673
8674,English,Female,3104103114,Name_8674,9000008674,Address 8674
8675,Hindi,Male,3104103114,Name_8675,9000008675,Address 8675
8676,Telugu,Female,3104103114,Name_8676,9000008676,Address 8676
8677,English,Male,3104103114,Name_8677,9000008677,Address 8677
8678,Hindi,Female,3104103114,Name_8678,9000008678,Address 8678
8679,Telugu,Male,3104103114,Name_8679,9000008679,Address 8679
8680,English,Female,3104103114,Name_8680,9000008680,Address 8680
8681,Hindi,Male,3104103114,Name_8681,9000008681,Address 8681
8682,Telugu,Female,3104103114,Name_8682,9000008682,Address 8682
8683,English,Male,3104103114,Name_8683,9000008683,Address 8683
8684,Hindi,Female,3104103114,Name_8684,9000008684,Address 8684
8685,Telugu,Male,3104103114,Name_8685,9000008685,Address 8685
8686,English,Female,3104103114,Name_8686,9000008686,Address 8686
8687,Hindi,Male,3104103114,Name_8687,9000008687,Address 8687
8688,Telugu,Female,3104103114,Name_8688,9000008688,Address 8688
8689,English,Male,3104103114,Name_8689,9000008689,Address 8689
8690,Hindi,Female,3104103114,Name_8690,9000008690,Address 8690
8691,Telugu,Male,3104103115,Name_8691,9000008691,Address 8691
8692,English,Female,3104103115,Name_8692,9000008692,Address 8692
8693,Hindi,Male,3104103115,Name_8693,9000008693,Address 8693
8694,Telugu,Female,3104103115,Name_8694,9000008694,Address 8694
8695,English,Male,3104103115,Name_8695,9000008695,Address 8695
8696,Hindi,Female,3104103115,Name_8696,9000008696,Address 8696
8697,Telugu,Male,3104103115,Name_8697,9000008697,Address 8697
8698,English,Female,3104103115,Name_8698,9000008698,Address 8698
8699,Hindi,Male,3104103115,Name_8699,9000008699,Address 8699
8700,Telugu,Female,3104103115,Name_8700,9000008700,Address 8700
8701,English,Male,3104103115,Name_8701,9000008701,Address 8701
8702,Hindi,Female,3104103115,Name_8702,9000008702,Address 8702
8703,Telugu,Male,3104103115,Name_8703,9000008703,Address 8703
8704,English,Female,3104103115,Name_8704,9000008704,Address 8704
8705,Hindi,Male,3104103115,Name_8705,9000008705,Address 8705
8706,Telugu,Female,3104103115,Name_8706,9000008706,Address 8706
8707,English,Male,3104103115,Name_8707,9000008707,Address 8707
8708,Hindi,Female,3104103115,Name_8708,9000008708,Address 8708
8709,Telugu,Male,3104103115,Name_8709,9000008709,Address 8709
8710,English,Female,3104103115,Name_8710,9000008710,Address 8710
8711,Hindi,Male,3104103115,Name_8711,9000008711,Address 8711
8712,Telugu,Female,3104103115,Name_8712,9000008712,Address 8712
8713,English,Male,3104103116,Name_8713,9000008713,Address 8713
8714,Hindi,Female,3104103116,Name_8714,9000008714,Address 8714
8715,Telugu,Male,3104103116,Name_8715,9000008715,Address 8715
8716,English,Female,3104103116,Name_8716,9000008716,Address 8716
8717,Hindi,Male,3104103116,Name_8717,9000008717,Address 8717
8718,Telugu,Female,3104103116,Name_8718,9000008718,Address 8718
8719,English,Male,3104103116,Name_8719,9000008719,Address 8719
8720,Hindi,Female,3104103116,Name_8720,9000008720,Address 8720
8721,Telugu,Male,3104103116,Name_8721,9000008721,Address 8721
8722,English,Female,3104103116,Name_8722,9000008722,Address 8722
8723,Hindi,Male,3104103116,Name_8723,9000008723,Address 8723
8724,Telugu,Female,3104103116,Name_8724,9000008724,Address 8724
8725,English,Male,3104103116,Name_8725,9000008725,Address 8725
8726,Hindi,Female,3104103116,Name_8726,9000008726,Address 8726
8727,Telugu,Male,3104103116,Name_8727,9000008727,Address 8727
8728,English,Female,3104103116,Name_8728,9000008728,Address 8728
8729,Hindi,Male,3104103116,Name_8729,9000008729,Address 8729
8730,Telugu,Female,3104103116,Name_8730,9000008730,Address 8730
8731,English,Male,3104103116,Name_8731,9000008731,Address 8731
8732,Hindi,Female,3104103116,Name_8732,9000008732,Address 8732
8733,Telugu,Male,3104103116,Name_8733,9000008733,Address 8733
8734,English,Female,3104103116,Name_8734,9000008734,Address 8734
8735,Hindi,Male,3104103117,Name_8735,9000008735,Address 8735
8736,Telugu,Female,3104103117,Name_8736,9000008736,Address 8736
8737,English,Male,3104103117,Name_8737,9000008737,Address 8737
8738,Hindi,Female,3104103117,Name_8738,9000008738,Address 8738
8739,Telugu,Male,3104103117,Name_8739,9000008739,Address 8739
8740,English,Female,3104103117,Name_8740,9000008740,Address 8740
8741,Hindi,Male,3104103117,Name_8741,9000008741,Address 8741
8742,Telugu,Female,3104103117,Name_8742,9000008742,Address 8742
8743,English,Male,3104103117,Name_8743,9000008743,Address 8743
8744,Hindi,Female,3104103117,Name_8744,9000008744,Address 8744
8745,Telugu,Male,3104103117,Name_8745,9000008745,Address 8745
8746,English,Female,3104103117,Name_8746,9000008746,Address 8746
8747,Hindi,Male,3104103117,Name_8747,9000008747,Address 8747
8748,Telugu,Female,3104103117,Name_8748,9000008748,Address 8748
8749,English,Male,3104103117,Name_8749,9000008749,Address 8749
8750,Hindi,Female,3104103117,Name_8750,9000008750,Address 8750
8751,Telugu,Male,3104103117,Name_8751,9000008751,Address 8751
8752,English,Female,3104103117,Name_8752,9000008752,Address 8752
8753,Hindi,Male,3104103117,Name_8753,9000008753,Address 8753
8754,Telugu,Female,3104103117,Name_8754,9000008754,Address 8754
8755,English,Male,3104103117,Name_8755,9000008755,Address 8755
8756,Hindi,Female,3104103117,Name_8756,9000008756,Address 8756
8757,Telugu,Male,3104103118,Name_8757,9000008757,Address 8757
8758,English,Female,3104103118,Name_8758,9000008758,Address 8758
8759,Hindi,Male,3104103118,Name_8759,9000008759,Address 8759
8760,Telugu,Female,3104103118,Name_8760,9000008760,Address 8760
8761,English,Male,3104103118,Name_8761,9000008761,Address 8761
8762,Hindi,Female,3104103118,Name_8762,9000008762,Address 8762
8763,Telugu,Male,3104103118,Name_8763,9000008763,Address 8763
8764,English,Female,3104103118,Name_8764,9000008764,Address 8764
8765,Hindi,Male,3104103118,Name_8765,9000008765,Address 8765
8766,Telugu,Female,3104103118,Name_8766,9000008766,Address 8766
8767,English,Male,3104103118,Name_8767,9000008767,Address 8767
8768,Hindi,Female,3104103118,Name_8768,9000008768,Address 8768
8769,Telugu,Male,3104103118,Name_8769,9000008769,Address 8769
8770,English,Female,3104103118,Name_8770,9000008770,Address 8770
8771,Hindi,Male,3104103118,Name_8771,9000008771,Address 8771
8772,Telugu,Female,3104103118,Name_8772,9000008772,Address 8772
8773,English,Male,3104103118,Name_8773,9000008773,Address 8773
8774,Hindi,Female,3104103118,Name_8774,9000008774,Address 8774
8775,Telugu,Male,3104103118,Name_8775,9000008775,Address 8775
8776,English,Female,3104103118,Name_8776,9000008776,Address 8776
8777,Hindi,Male,3104103118,Name_8777,9000008777,Address 8777
8778,Telugu,Female,3104103118,Name_8778,9000008778,Address 8778
8779,English,Male,3104103119,Name_8779,9000008779,Address 8779
8780,Hindi,Female,3104103119,Name_8780,9000008780,Address 8780
8781,Telugu,Male,3104103119,Name_8781,9000008781,Address 8781
8782,English,Female,3104103119,Name_8782,9000008782,Address 8782
8783,Hindi,Male,3104103119,Name_8783,9000008783,Address 8783
8784,Telugu,Female,3104103119,Name_8784,9000008784,Address 8784
8785,English,Male,3104103119,Name_8785,9000008785,Address 8785
8786,Hindi,Female,3104103119,Name_8786,9000008786,Address 8786
8787,Telugu,Male,3104103119,Name_8787,9000008787,Address 8787
8788,English,Female,3104103119,Name_8788,9000008788,Address 8788
8789,Hindi,Male,3104103119,Name_8789,9000008789,Address 8789
8790,Telugu,Female,3104103119,Name_8790,9000008790,Address 8790
8791,English,Male,3104103119,Name_8791,9000008791,Address 8791
8792,Hindi,Female,3104103119,Name_8792,9000008792,Address 8792
8793,Telugu,Male,3104103119,Name_8793,9000008793,Address 8793
8794,English,Female,3104103119,Name_8794,9000008794,Address 8794
8795,Hindi,Male,3104103119,Name_8795,9000008795,Address 8795
8796,Telugu,Female,3104103119,Name_8796,9000008796,Address 8796
8797,English,Male,3104103119,Name_8797,9000008797,Address 8797
8798,Hindi,Female,3104103119,Name_8798,9000008798,Address 8798
8799,Telugu,Male,3104103119,Name_8799,9000008799,Address 8799
8800,English,Female,3104103119,Name_8800,9000008800,Address 8800
8801,Hindi,Male,3104103120,Name_8801,9000008801,Address 8801
8802,Telugu,Female,3104103120,Name_8802,9000008802,Address 8802
8803,English,Male,3104103120,Name_8803,9000008803,Address 8803
8804,Hindi,Female,3104103120,Name_8804,9000008804,Address 8804
8805,Telugu,Male,3104103120,Name_8805,9000008805,Address 8805
8806,English,Female,3104103120,Name_8806,9000008806,Address 8806
8807,Hindi,Male,3104103120,Name_8807,9000008807,Address 8807
8808,Telugu,Female,3104103120,Name_8808,9000008808,Address 8808
8809,English,Male,3104103120,Name_8809,9000008809,Address 8809
8810,Hindi,Female,3104103120,Name_8810,9000008810,Address 8810
8811,Telugu,Male,3104103120,Name_8811,9000008811,Address 8811
8812,English,Female,3104103120,Name_8812,9000008812,Address 8812
8813,Hindi,Male,3104103120,Name_8813,9000008813,Address 8813
8814,Telugu,Female,3104103120,Name_8814,9000008814,Address 8814
8815,English,Male,3104103120,Name_8815,9000008815,Address 8815
8816,Hindi,Female,3104103120,Name_8816,9000008816,Address 8816
8817,Telugu,Male,3104103120,Name_8817,9000008817,Address 8817
8818,English,Female,3104103120,Name_8818,9000008818,Address 8818
8819,Hindi,Male,3104103120,Name_8819,9000008819,Address 8819
8820,Telugu,Female,3104103120,Name_8820,9000008820,Address 8820
8821,English,Male,3104103120,Name_8821,9000008821,Address 8821
8822,Hindi,Female,3104103120,Name_8822,9000008822,Address 8822
8823,Telugu,Male,3104103121,Name_8823,9000008823,Address 8823
8824,English,Female,3104103121,Name_8824,9000008824,Address 8824
8825,Hindi,Male,3104103121,Name_8825,9000008825,Address 8825
8826,Telugu,Female,3104103121,Name_8826,9000008826,Address 8826
8827,English,Male,3104103121,Name_8827,9000008827,Address 8827
8828,Hindi,Female,3104103121,Name_8828,9000008828,Address 8828
8829,Telugu,Male,3104103121,Name_8829,9000008829,Address 8829
8830,English,Female,3104103121,Name_8830,9000008830,Address 8830
8831,Hindi,Male,3104103121,Name_8831,9000008831,Address 8831
8832,Telugu,Female,3104103121,Name_8832,9000008832,Address 8832
8833,English,Male,3104103121,Name_8833,9000008833,Address 8833
8834,Hindi,Female,3104103121,Name_8834,9000008834,Address 8834
8835,Telugu,Male,3104103121,Name_8835,9000008835,Address 8835
8836,English,Female,3104103121,Name_8836,9000008836,Address 8836
8837,Hindi,Male,3104103121,Name_8837,9000008837,Address 8837
8838,Telugu,Female,3104103121,Name_8838,9000008838,Address 8838
8839,English,Male,3104103121,Name_8839,9000008839,Address 8839
8840,Hindi,Female,3104103121,Name_8840,9000008840,Address 8840
8841,Telugu,Male,3104103121,Name_8841,9000008841,Address 8841
8842,English,Female,3104103121,Name_8842,9000008842,Address 8842
8843,Hindi,Male,3104103121,Name_8843,9000008843,Address 8843
8844,Telugu,Female,3104103121,Name_8844,9000008844,Address 8844
8845,English,Male,310410377,Name_8845,9000008845,Address 8845
8846,Hindi,Female,310410377,Name_8846,9000008846,Address 8846
8847,Telugu,Male,310410377,Name_8847,9000008847,Address 8847
8848,English,Female,310410377,Name_8848,9000008848,Address 8848
8849,Hindi,Male,310410377,Name_8849,9000008849,Address 8849
8850,Telugu,Female,310410377,Name_8850,9000008850,Address 8850
8851,English,Male,310410377,Name_8851,9000008851,Address 8851
8852,Hindi,Female,310410377,Name_8852,9000008852,Address 8852
8853,Telugu,Male,310410377,Name_8853,9000008853,Address 8853
8854,English,Female,310410377,Name_8854,9000008854,Address 8854
8855,Hindi,Male,310410377,Name_8855,9000008855,Address 8855
8856,Telugu,Female,310410377,Name_8856,9000008856,Address 8856
8857,English,Male,310410377,Name_8857,9000008857,Address 8857
8858,Hindi,Female,310410377,Name_8858,9000008858,Address 8858
8859,Telugu,Male,310410377,Name_8859,9000008859,Address 8859
8860,English,Female,310410377,Name_8860,9000008860,Address 8860
8861,Hindi,Male,310410377,Name_8861,9000008861,Address 8861
8862,Telugu,Female,310410377,Name_8862,9000008862,Address 8862
8863,English,Male,310410377,Name_8863,9000008863,Address 8863
8864,Hindi,Female,310410377,Name_8864,9000008864,Address 8864
8865,Telugu,Male,310410377,Name_8865,9000008865,Address 8865
8866,English,Female,310410377,Name_8866,9000008866,Address 8866
8867,Hindi,Male,310410378,Name_8867,9000008867,Address 8867
8868,Telugu,Female,310410378,Name_8868,9000008868,Address 8868
8869,English,Male,310410378,Name_8869,9000008869,Address 8869
8870,Hindi,Female,310410378,Name_8870,9000008870,Address 8870
8871,Telugu,Male,310410378,Name_8871,9000008871,Address 8871
8872,English,Female,310410378,Name_8872,9000008872,Address 8872
8873,Hindi,Male,310410378,Name_8873,9000008873,Address 8873
8874,Telugu,Female,310410378,Name_8874,9000008874,Address 8874
8875,English,Male,310410378,Name_8875,9000008875,Address 8875
8876,Hindi,Female,310410378,Name_8876,9000008876,Address 8876
8877,Telugu,Male,310410378,Name_8877,9000008877,Address 8877
8878,English,Female,310410378,Name_8878,9000008878,Address 8878
8879,Hindi,Male,310410378,Name_8879,9000008879,Address 8879
8880,Telugu,Female,310410378,Name_8880,9000008880,Address 8880
8881,English,Male,310410378,Name_8881,9000008881,Address 8881
8882,Hindi,Female,310410378,Name_8882,9000008882,Address 8882
8883,Telugu,Male,310410378,Name_8883,9000008883,Address 8883
8884,English,Female,310410378,Name_8884,9000008884,Address 8884
8885,Hindi,Male,310410378,Name_8885,9000008885,Address 8885
8886,Telugu,Female,310410378,Name_8886,9000008886,Address 8886
8887,English,Male,310410378,Name_8887,9000008887,Address 8887
8888,Hindi,Female,310410378,Name_8888,9000008888,Address 8888
8889,Telugu,Male,310410379,Name_8889,9000008889,Address 8889
8890,English,Female,310410379,Name_8890,9000008890,Address 8890
8891,Hindi,Male,310410379,Name_8891,9000008891,Address 8891
8892,Telugu,Female,310410379,Name_8892,9000008892,Address 8892
8893,English,Male,310410379,Name_8893,9000008893,Address 8893
8894,Hindi,Female,310410379,Name_8894,9000008894,Address 8894
8895,Telugu,Male,310410379,Name_8895,9000008895,Address 8895
8896,English,Female,310410379,Name_8896,9000008896,Address 8896
8897,Hindi,Male,310410379,Name_8897,9000008897,Address 8897
8898,Telugu,Female,310410379,Name_8898,9000008898,Address 8898
8899,English,Male,310410379,Name_8899,9000008899,Address 8899
8900,Hindi,Female,310410379,Name_8900,9000008900,Address 8900
8901,Telugu,Male,310410379,Name_8901,9000008901,Address 8901
8902,English,Female,310410379,Name_8902,9000008902,Address 8902
8903,Hindi,Male,310410379,Name_8903,9000008903,Address 8903
8904,Telugu,Female,310410379,Name_8904,9000008904,Address 8904
8905,English,Male,310410379,Name_8905,9000008905,Address 8905
8906,Hindi,Female,310410379,Name_8906,9000008906,Address 8906
8907,Telugu,Male,310410379,Name_8907,9000008907,Address 8907
8908,English,Female,310410379,Name_8908,9000008908,Address 8908
8909,Hindi,Male,310410379,Name_8909,9000008909,Address 8909
8910,Telugu,Female,310410379,Name_8910,9000008910,Address 8910
8911,English,Male,310410380,Name_8911,9000008911,Address 8911
8912,Hindi,Female,310410380,Name_8912,9000008912,Address 8912
8913,Telugu,Male,310410380,Name_8913,9000008913,Address 8913
8914,English,Female,310410380,Name_8914,9000008914,Address 8914
8915,Hindi,Male,310410380,Name_8915,9000008915,Address 8915
8916,Telugu,Female,310410380,Name_8916,9000008916,Address 8916
8917,English,Male,310410380,Name_8917,9000008917,Address 8917
8918,Hindi,Female,310410380,Name_8918,9000008918,Address 8918
8919,Telugu,Male,310410380,Name_8919,9000008919,Address 8919
8920,English,Female,310410380,Name_8920,9000008920,Address 8920
8921,Hindi,Male,310410380,Name_8921,9000008921,Address 8921
8922,Telugu,Female,310410380,Name_8922,9000008922,Address 8922
8923,English,Male,310410380,Name_8923,9000008923,Address 8923
8924,Hindi,Female,310410380,Name_8924,9000008924,Address 8924
8925,Telugu,Male,310410380,Name_8925,9000008925,Address 8925
8926,English,Female,310410380,Name_8926,9000008926,Address 8926
8927,Hindi,Male,310410380,Name_8927,9000008927,Address 8927
8928,Telugu,Female,310410380,Name_8928,9000008928,Address 8928
8929,English,Male,310410380,Name_8929,9000008929,Address 8929
8930,Hindi,Female,310410380,Name_8930,9000008930,Address 8930
8931,Telugu,Male,310410380,Name_8931,9000008931,Address 8931
8932,English,Female,310410380,Name_8932,9000008932,Address 8932
8933,Hindi,Male,310410381,Name_8933,9000008933,Address 8933
8934,Telugu,Female,310410381,Name_8934,9000008934,Address 8934
8935,English,Male,310410381,Name_8935,9000008935,Address 8935
8936,Hindi,Female,310410381,Name_8936,9000008936,Address 8936
8937,Telugu,Male,310410381,Name_8937,9000008937,Address 8937
8938,English,Female,310410381,Name_8938,9000008938,Address 8938
8939,Hindi,Male,310410381,Name_8939,9000008939,Address 8939
8940,Telugu,Female,310410381,Name_8940,9000008940,Address 8940
8941,English,Male,310410381,Name_8941,9000008941,Address 8941
8942,Hindi,Female,310410381,Name_8942,9000008942,Address 8942
8943,Telugu,Male,310410381,Name_8943,9000008943,Address 8943
8944,English,Female,310410381,Name_8944,9000008944,Address 8944
8945,Hindi,Male,310410381,Name_8945,9000008945,Address 8945
8946,Telugu,Female,310410381,Name_8946,9000008946,Address 8946
8947,English,Male,310410381,Name_8947,9000008947,Address 8947
8948,Hindi,Female,310410381,Name_8948,9000008948,Address 8948
8949,Telugu,Male,310410381,Name_8949,9000008949,Address 8949
8950,English,Female,310410381,Name_8950,9000008950,Address 8950
8951,Hindi,Male,310410381,Name_8951,9000008951,Address 8951
8952,Telugu,Female,310410381,Name_8952,9000008952,Address 8952
8953,English,Male,310410381,Name_8953,9000008953,Address 8953
8954,Hindi,Female,310410381,Name_8954,9000008954,Address 8954
8955,Telugu,Male,310410382,Name_8955,9000008955,Address 8955
8956,English,Female,310410382,Name_8956,9000008956,Address 8956
8957,Hindi,Male,310410382,Name_8957,9000008957,Address 8957
8958,Telugu,Female,310410382,Name_8958,9000008958,Address 8958
8959,English,Male,310410382,Name_8959,9000008959,Address 8959
8960,Hindi,Female,310410382,Name_8960,9000008960,Address 8960
8961,Telugu,Male,310410382,Name_8961,9000008961,Address 8961
8962,English,Female,310410382,Name_8962,9000008962,Address 8962
8963,Hindi,Male,310410382,Name_8963,9000008963,Address 8963
8964,Telugu,Female,310410382,Name_8964,9000008964,Address 8964
8965,English,Male,310410382,Name_8965,9000008965,Address 8965
8966,Hindi,Female,310410382,Name_8966,9000008966,Address 8966
8967,Telugu,Male,310410382,Name_8967,9000008967,Address 8967
8968,English,Female,310410382,Name_8968,9000008968,Address 8968
8969,Hindi,Male,310410382,Name_8969,9000008969,Address 8969
8970,Telugu,Female,310410382,Name_8970,9000008970,Address 8970
8971,English,Male,310410382,Name_8971,9000008971,Address 8971
8972,Hindi,Female,310410382,Name_8972,9000008972,Address 8972
8973,Telugu,Male,310410382,Name_8973,9000008973,Address 8973
8974,English,Female,310410382,Name_8974,9000008974,Address 8974
8975,Hindi,Male,310410382,Name_8975,9000008975,Address 8975
8976,Telugu,Female,310410382,Name_8976,9000008976,Address 8976
8977,English,Male,310410383,Name_8977,9000008977,Address 8977
8978,Hindi,Female,310410383,Name_8978,9000008978,Address 8978
8979,Telugu,Male,310410383,Name_8979,9000008979,Address 8979
8980,English,Female,310410383,Name_8980,9000008980,Address 8980
8981,Hindi,Male,310410383,Name_8981,9000008981,Address 8981
8982,Telugu,Female,310410383,Name_8982,9000008982,Address 8982
8983,English,Male,310410383,Name_8983,9000008983,Address 8983
8984,Hindi,Female,310410383,Name_8984,9000008984,Address 8984
8985,Telugu,Male,310410383,Name_8985,9000008985,Address 8985
8986,English,Female,310410383,Name_8986,9000008986,Address 8986
8987,Hindi,Male,310410383,Name_8987,9000008987,Address 8987
8988,Telugu,Female,310410383,Name_8988,9000008988,Address 8988
8989,English,Male,310410383,Name_8989,9000008989,Address 8989
8990,Hindi,Female,310410383,Name_8990,9000008990,Address 8990
8991,Telugu,Male,310410383,Name_8991,9000008991,Address 8991
8992,English,Female,310410383,Name_8992,9000008992,Address 8992
8993,Hindi,Male,310410383,Name_8993,9000008993,Address 8993
8994,Telugu,Female,310410383,Name_8994,9000008994,Address 8994
8995,English,Male,310410383,Name_8995,9000008995,Address 8995
8996,Hindi,Female,310410383,Name_8996,9000008996,Address 8996
8997,Telugu,Male,310410383,Name_8997,9000008997,Address 8997
8998,English,Female,310410383,Name_8998,9000008998,Address 8998
8999,Hindi,Male,310410384,Name_8999,9000008999,Address 8999
9000,Telugu,Female,310410384,Name_9000,9000009000,Address 9000
9001,English,Male,310410384,Name_9001,9000009001,Address 9001
9002,Hindi,Female,310410384,Name_9002,9000009002,Address 9002
9003,Telugu,Male,310410384,Name_9003,9000009003,Address 9003
9004,English,Female,310410384,Name_9004,9000009004,Address 9004
9005,Hindi,Male,310410384,Name_9005,9000009005,Address 9005
9006,Telugu,Female,310410384,Name_9006,9000009006,Address 9006
9007,English,Male,310410384,Name_9007,9000009007,Address 9007
9008,Hindi,Female,310410384,Name_9008,9000009008,Address 9008
9009,Telugu,Male,310410384,Name_9009,9000009009,Address 9009
9010,English,Female,310410384,Name_9010,9000009010,Address 9010
9011,Hindi,Male,310410384,Name_9011,9000009011,Address 9011
9012,Telugu,Female,310410384,Name_9012,9000009012,Address 9012
9013,English,Male,310410384,Name_9013,9000009013,Address 9013
9014,Hindi,Female,310410384,Name_9014,9000009014,Address 9014
9015,Telugu,Male,310410384,Name_9015,9000009015,Address 9015
9016,English,Female,310410384,Name_9016,9000009016,Address 9016
9017,Hindi,Male,310410384,Name_9017,9000009017,Address 9017
9018,Telugu,Female,310410384,Name_9018,9000009018,Address 9018
9019,English,Male,310410384,Name_9019,9000009019,Address 9019
9020,Hindi,Female,310410384,Name_9020,9000009020,Address 9020
9021,Telugu,Male,310410385,Name_9021,9000009021,Address 9021
9022,English,Female,310410385,Name_9022,9000009022,Address 9022
9023,Hindi,Male,310410385,Name_9023,9000009023,Address 9023
9024,Telugu,Female,310410385,Name_9024,9000009024,Address 9024
9025,English,Male,310410385,Name_9025,9000009025,Address 9025
9026,Hindi,Female,310410385,Name_9026,9000009026,Address 9026
9027,Telugu,Male,310410385,Name_9027,9000009027,Address 9027
9028,English,Female,310410385,Name_9028,9000009028,Address 9028
9029,Hindi,Male,310410385,Name_9029,9000009029,Address 9029
9030,Telugu,Female,310410385,Name_9030,9000009030,Address 9030
9031,English,Male,310410385,Name_9031,9000009031,Address 9031
9032,Hindi,Female,310410385,Name_9032,9000009032,Address 9032
9033,Telugu,Male,310410385,Name_9033,9000009033,Address 9033
9034,English,Female,310410385,Name_9034,9000009034,Address 9034
9035,Hindi,Male,310410385,Name_9035,9000009035,Address 9035
9036,Telugu,Female,310410385,Name_9036,9000009036,Address 9036
9037,English,Male,310410385,Name_9037,9000009037,Address 9037
9038,Hindi,Female,310410385,Name_9038,9000009038,Address 9038
9039,Telugu,Male,310410385,Name_9039,9000009039,Address 9039
9040,English,Female,310410385,Name_9040,9000009040,Address 9040
9041,Hindi,Male,310410385,Name_9041,9000009041,Address 9041
9042,Telugu,Female,310410385,Name_9042,9000009042,Address 9042
9043,English,Male,310410386,Name_9043,9000009043,Address 9043
9044,Hindi,Female,310410386,Name_9044,9000009044,Address 9044
9045,Telugu,Male,310410386,Name_9045,9000009045,Address 9045
9046,English,Female,310410386,Name_9046,9000009046,Address 9046
9047,Hindi,Male,310410386,Name_9047,9000009047,Address 9047
9048,Telugu,Female,310410386,Name_9048,9000009048,Address 9048
9049,English,Male,310410386,Name_9049,9000009049,Address 9049
9050,Hindi,Female,310410386,Name_9050,9000009050,Address 9050
9051,Telugu,Male,310410386,Name_9051,9000009051,Address 9051
9052,English,Female,310410386,Name_9052,9000009052,Address 9052
9053,Hindi,Male,310410386,Name_9053,9000009053,Address 9053
9054,Telugu,Female,310410386,Name_9054,9000009054,Address 9054
9055,English,Male,310410386,Name_9055,9000009055,Address 9055
9056,Hindi,Female,310410386,Name_9056,9000009056,Address 9056
9057,Telugu,Male,310410386,Name_9057,9000009057,Address 9057
9058,English,Female,310410386,Name_9058,9000009058,Address 9058
9059,Hindi,Male,310410386,Name_9059,9000009059,Address 9059
9060,Telugu,Female,310410386,Name_9060,9000009060,Address 9060
9061,English,Male,310410386,Name_9061,9000009061,Address 9061
9062,Hindi,Female,310410386,Name_9062,9000009062,Address 9062
9063,Telugu,Male,310410386,Name_9063,9000009063,Address 9063
9064,English,Female,310410386,Name_9064,9000009064,Address 9064
9065,Hindi,Male,310410387,Name_9065,9000009065,Address 9065
9066,Telugu,Female,310410387,Name_9066,9000009066,Address 9066
9067,English,Male,310410387,Name_9067,9000009067,Address 9067
9068,Hindi,Female,310410387,Name_9068,9000009068,Address 9068
9069,Telugu,Male,310410387,Name_9069,9000009069,Address 9069
9070,English,Female,310410387,Name_9070,9000009070,Address 9070
9071,Hindi,Male,310410387,Name_9071,9000009071,Address 9071
9072,Telugu,Female,310410387,Name_9072,9000009072,Address 9072
9073,English,Male,310410387,Name_9073,9000009073,Address 9073
9074,Hindi,Female,310410387,Name_9074,9000009074,Address 9074
9075,Telugu,Male,310410387,Name_9075,9000009075,Address 9075
9076,English,Female,310410387,Name_9076,9000009076,Address 9076
9077,Hindi,Male,310410387,Name_9077,9000009077,Address 9077
9078,Telugu,Female,310410387,Name_9078,9000009078,Address 9078
9079,English,Male,310410387,Name_9079,9000009079,Address 9079
9080,Hindi,Female,310410387,Name_9080,9000009080,Address 9080
9081,Telugu,Male,310410387,Name_9081,9000009081,Address 9081
9082,English,Female,310410387,Name_9082,9000009082,Address 9082
9083,Hindi,Male,310410387,Name_9083,9000009083,Address 9083
9084,Telugu,Female,310410387,Name_9084,9000009084,Address 9084
9085,English,Male,310410387,Name_9085,9000009085,Address 9085
9086,Hindi,Female,310410387,Name_9086,9000009086,Address 9086
9087,Telugu,Male,31041113,Name_9087,9000009087,Address 9087
9088,English,Female,31041113,Name_9088,9000009088,Address 9088
9089,Hindi,Male,31041113,Name_9089,9000009089,Address 9089
9090,Telugu,Female,31041113,Name_9090,9000009090,Address 9090
9091,English,Male,31041113,Name_9091,9000009091,Address 9091
9092,Hindi,Female,31041113,Name_9092,9000009092,Address 9092
9093,Telugu,Male,31041113,Name_9093,9000009093,Address 9093
9094,English,Female,31041113,Name_9094,9000009094,Address 9094
9095,Hindi,Male,31041113,Name_9095,9000009095,Address 9095
9096,Telugu,Female,31041113,Name_9096,9000009096,Address 9096
9097,English,Male,31041113,Name_9097,9000009097,Address 9097
9098,Hindi,Female,31041113,Name_9098,9000009098,Address 9098
9099,Telugu,Male,31041113,Name_9099,9000009099,Address 9099
9100,English,Female,31041113,Name_9100,9000009100,Address 9100
9101,Hindi,Male,31041113,Name_9101,9000009101,Address 9101
9102,Telugu,Female,31041113,Name_9102,9000009102,Address 9102
9103,English,Male,31041113,Name_9103,9000009103,Address 9103
9104,Hindi,Female,31041113,Name_9104,9000009104,Address 9104
9105,Telugu,Male,31041113,Name_9105,9000009105,Address 9105
9106,English,Female,31041113,Name_9106,9000009106,Address 9106
9107,Hindi,Male,31041113,Name_9107,9000009107,Address 9107
9108,Telugu,Female,31041113,Name_9108,9000009108,Address 9108
9109,English,Male,31041115,Name_9109,9000009109,Address 9109
9110,Hindi,Female,31041115,Name_9110,9000009110,Address 9110
9111,Telugu,Male,31041115,Name_9111,9000009111,Address 9111
9112,English,Female,31041115,Name_9112,9000009112,Address 9112
9113,Hindi,Male,31041115,Name_9113,9000009113,Address 9113
9114,Telugu,Female,31041115,Name_9114,9000009114,Address 9114
9115,English,Male,31041115,Name_9115,9000009115,Address 9115
9116,Hindi,Female,31041115,Name_9116,9000009116,Address 9116
9117,Telugu,Male,31041115,Name_9117,9000009117,Address 9117
9118,English,Female,31041115,Name_9118,9000009118,Address 9118
9119,Hindi,Male,31041115,Name_9119,9000009119,Address 9119
9120,Telugu,Female,31041115,Name_9120,9000009120,Address 9120
9121,English,Male,31041115,Name_9121,9000009121,Address 9121
9122,Hindi,Female,31041115,Name_9122,9000009122,Address 9122
9123,Telugu,Male,31041115,Name_9123,9000009123,Address 9123
9124,English,Female,31041115,Name_9124,9000009124,Address 9124
9125,Hindi,Male,31041115,Name_9125,9000009125,Address 9125
9126,Telugu,Female,31041115,Name_9126,9000009126,Address 9126
9127,English,Male,31041115,Name_9127,9000009127,Address 9127
9128,Hindi,Female,31041115,Name_9128,9000009128,Address 9128
9129,Telugu,Male,31041115,Name_9129,9000009129,Address 9129
9130,English,Female,31041115,Name_9130,9000009130,Address 9130
9131,Hindi,Male,310411169,Name_9131,9000009131,Address 9131
9132,Telugu,Female,310411169,Name_9132,9000009132,Address 9132
9133,English,Male,310411169,Name_9133,9000009133,Address 9133
9134,Hindi,Female,310411169,Name_9134,9000009134,Address 9134
9135,Telugu,Male,310411169,Name_9135,9000009135,Address 9135
9136,English,Female,310411169,Name_9136,9000009136,Address 9136
9137,Hindi,Male,310411169,Name_9137,9000009137,Address 9137
9138,Telugu,Female,310411169,Name_9138,9000009138,Address 9138
9139,English,Male,310411169,Name_9139,9000009139,Address 9139
9140,Hindi,Female,310411169,Name_9140,9000009140,Address 9140
9141,Telugu,Male,310411169,Name_9141,9000009141,Address 9141
9142,English,Female,310411169,Name_9142,9000009142,Address 9142
9143,Hindi,Male,310411169,Name_9143,9000009143,Address 9143
9144,Telugu,Female,310411169,Name_9144,9000009144,Address 9144
9145,English,Male,310411169,Name_9145,9000009145,Address 9145
9146,Hindi,Female,310411169,Name_9146,9000009146,Address 9146
9147,Telugu,Male,310411169,Name_9147,9000009147,Address 9147
9148,English,Female,310411169,Name_9148,9000009148,Address 9148
9149,Hindi,Male,310411169,Name_9149,9000009149,Address 9149
9150,Telugu,Female,310411169,Name_9150,9000009150,Address 9150
9151,English,Male,310411169,Name_9151,9000009151,Address 9151
9152,Hindi,Female,310411169,Name_9152,9000009152,Address 9152
9153,Telugu,Male,310411172,Name_9153,9000009153,Address 9153
9154,English,Female,310411172,Name_9154,9000009154,Address 9154
9155,Hindi,Male,310411172,Name_9155,9000009155,Address 9155
9156,Telugu,Female,310411172,Name_9156,9000009156,Address 9156
9157,English,Male,310411172,Name_9157,9000009157,Address 9157
9158,Hindi,Female,310411172,Name_9158,9000009158,Address 9158
9159,Telugu,Male,310411172,Name_9159,9000009159,Address 9159
9160,English,Female,310411172,Name_9160,9000009160,Address 9160
9161,Hindi,Male,310411172,Name_9161,9000009161,Address 9161
9162,Telugu,Female,310411172,Name_9162,9000009162,Address 9162
9163,English,Male,310411172,Name_9163,9000009163,Address 9163
9164,Hindi,Female,310411172,Name_9164,9000009164,Address 9164
9165,Telugu,Male,310411172,Name_9165,9000009165,Address 9165
9166,English,Female,310411172,Name_9166,9000009166,Address 9166
9167,Hindi,Male,310411172,Name_9167,9000009167,Address 9167
9168,Telugu,Female,310411172,Name_9168,9000009168,Address 9168
9169,English,Male,310411172,Name_9169,9000009169,Address 9169
9170,Hindi,Female,310411172,Name_9170,9000009170,Address 9170
9171,Telugu,Male,310411172,Name_9171,9000009171,Address 9171
9172,English,Female,310411172,Name_9172,9000009172,Address 9172
9173,Hindi,Male,310411172,Name_9173,9000009173,Address 9173
9174,Telugu,Female,310411172,Name_9174,9000009174,Address 9174
9175,English,Male,310411210,Name_9175,9000009175,Address 9175
9176,Hindi,Female,310411210,Name_9176,9000009176,Address 9176
9177,Telugu,Male,310411210,Name_9177,9000009177,Address 9177
9178,English,Female,310411210,Name_9178,9000009178,Address 9178
9179,Hindi,Male,310411210,Name_9179,9000009179,Address 9179
9180,Telugu,Female,310411210,Name_9180,9000009180,Address 9180
9181,English,Male,310411210,Name_9181,9000009181,Address 9181
9182,Hindi,Female,310411210,Name_9182,9000009182,Address 9182
9183,Telugu,Male,310411210,Name_9183,9000009183,Address 9183
9184,English,Female,310411210,Name_9184,9000009184,Address 9184
9185,Hindi,Male,310411210,Name_9185,9000009185,Address 9185
9186,Telugu,Female,310411210,Name_9186,9000009186,Address 9186
9187,English,Male,310411210,Name_9187,9000009187,Address 9187
9188,Hindi,Female,310411210,Name_9188,9000009188,Address 9188
9189,Telugu,Male,310411210,Name_9189,9000009189,Address 9189
9190,English,Female,310411210,Name_9190,9000009190,Address 9190
9191,Hindi,Male,310411210,Name_9191,9000009191,Address 9191
9192,Telugu,Female,310411210,Name_9192,9000009192,Address 9192
9193,English,Male,310411210,Name_9193,9000009193,Address 9193
9194,Hindi,Female,310411210,Name_9194,9000009194,Address 9194
9195,Telugu,Male,310411210,Name_9195,9000009195,Address 9195
9196,English,Female,310411210,Name_9196,9000009196,Address 9196
9197,Hindi,Male,310411211,Name_9197,9000009197,Address 9197
9198,Telugu,Female,310411211,Name_9198,9000009198,Address 9198
9199,English,Male,310411211,Name_9199,9000009199,Address 9199
9200,Hindi,Female,310411211,Name_9200,9000009200,Address 9200
9201,Telugu,Male,310411211,Name_9201,9000009201,Address 9201
9202,English,Female,310411211,Name_9202,9000009202,Address 9202
9203,Hindi,Male,310411211,Name_9203,9000009203,Address 9203
9204,Telugu,Female,310411211,Name_9204,9000009204,Address 9204
9205,English,Male,310411211,Name_9205,9000009205,Address 9205
9206,Hindi,Female,310411211,Name_9206,9000009206,Address 9206
9207,Telugu,Male,310411211,Name_9207,9000009207,Address 9207
9208,English,Female,310411211,Name_9208,9000009208,Address 9208
9209,Hindi,Male,310411211,Name_9209,9000009209,Address 9209
9210,Telugu,Female,310411211,Name_9210,9000009210,Address 9210
9211,English,Male,310411211,Name_9211,9000009211,Address 9211
9212,Hindi,Female,310411211,Name_9212,9000009212,Address 9212
9213,Telugu,Male,310411211,Name_9213,9000009213,Address 9213
9214,English,Female,310411211,Name_9214,9000009214,Address 9214
9215,Hindi,Male,310411211,Name_9215,9000009215,Address 9215
9216,Telugu,Female,310411211,Name_9216,9000009216,Address 9216
9217,English,Male,310411211,Name_9217,9000009217,Address 9217
9218,Hindi,Female,310411211,Name_9218,9000009218,Address 9218
9219,Telugu,Male,310411212,Name_9219,9000009219,Address 9219
9220,English,Female,310411212,Name_9220,9000009220,Address 9220
9221,Hindi,Male,310411212,Name_9221,9000009221,Address 9221
9222,Telugu,Female,310411212,Name_9222,9000009222,Address 9222
9223,English,Male,310411212,Name_9223,9000009223,Address 9223
9224,Hindi,Female,310411212,Name_9224,9000009224,Address 9224
9225,Telugu,Male,310411212,Name_9225,9000009225,Address 9225
9226,English,Female,310411212,Name_9226,9000009226,Address 9226
9227,Hindi,Male,310411212,Name_9227,9000009227,Address 9227
9228,Telugu,Female,310411212,Name_9228,9000009228,Address 9228
9229,English,Male,310411212,Name_9229,9000009229,Address 9229
9230,Hindi,Female,310411212,Name_9230,9000009230,Address 9230
9231,Telugu,Male,310411212,Name_9231,9000009231,Address 9231
9232,English,Female,310411212,Name_9232,9000009232,Address 9232
9233,Hindi,Male,310411212,Name_9233,9000009233,Address 9233
9234,Telugu,Female,310411212,Name_9234,9000009234,Address 9234
9235,English,Male,310411212,Name_9235,9000009235,Address 9235
9236,Hindi,Female,310411212,Name_9236,9000009236,Address 9236
9237,Telugu,Male,310411212,Name_9237,9000009237,Address 9237
9238,English,Female,310411212,Name_9238,9000009238,Address 9238
9239,Hindi,Male,310411212,Name_9239,9000009239,Address 9239
9240,Telugu,Female,310411212,Name_9240,9000009240,Address 9240
9241,English,Male,310411213,Name_9241,9000009241,Address 9241
9242,Hindi,Female,310411213,Name_9242,9000009242,Address 9242
9243,Telugu,Male,310411213,Name_9243,9000009243,Address 9243
9244,English,Female,310411213,Name_9244,9000009244,Address 9244
9245,Hindi,Male,310411213,Name_9245,9000009245,Address 9245
9246,Telugu,Female,310411213,Name_9246,9000009246,Address 9246
9247,English,Male,310411213,Name_9247,9000009247,Address 9247
9248,Hindi,Female,310411213,Name_9248,9000009248,Address 9248
9249,Telugu,Male,310411213,Name_9249,9000009249,Address 9249
9250,English,Female,310411213,Name_9250,9000009250,Address 9250
9251,Hindi,Male,310411213,Name_9251,9000009251,Address 9251
9252,Telugu,Female,310411213,Name_9252,9000009252,Address 9252
9253,English,Male,310411213,Name_9253,9000009253,Address 9253
9254,Hindi,Female,310411213,Name_9254,9000009254,Address 9254
9255,Telugu,Male,310411213,Name_9255,9000009255,Address 9255
9256,English,Female,310411213,Name_9256,9000009256,Address 9256
9257,Hindi,Male,310411213,Name_9257,9000009257,Address 9257
9258,Telugu,Female,310411213,Name_9258,9000009258,Address 9258
9259,English,Male,310411213,Name_9259,9000009259,Address 9259
9260,Hindi,Female,310411213,Name_9260,9000009260,Address 9260
9261,Telugu,Male,310411213,Name_9261,9000009261,Address 9261
9262,English,Female,310411213,Name_9262,9000009262,Address 9262
9263,Hindi,Male,310411214,Name_9263,9000009263,Address 9263
9264,Telugu,Female,310411214,Name_9264,9000009264,Address 9264
9265,English,Male,310411214,Name_9265,9000009265,Address 9265
9266,Hindi,Female,310411214,Name_9266,9000009266,Address 9266
9267,Telugu,Male,310411214,Name_9267,9000009267,Address 9267
9268,English,Female,310411214,Name_9268,9000009268,Address 9268
9269,Hindi,Male,310411214,Name_9269,9000009269,Address 9269
9270,Telugu,Female,310411214,Name_9270,9000009270,Address 9270
9271,English,Male,310411214,Name_9271,9000009271,Address 9271
9272,Hindi,Female,310411214,Name_9272,9000009272,Address 9272
9273,Telugu,Male,310411214,Name_9273,9000009273,Address 9273
9274,English,Female,310411214,Name_9274,9000009274,Address 9274
9275,Hindi,Male,310411214,Name_9275,9000009275,Address 9275
9276,Telugu,Female,310411214,Name_9276,9000009276,Address 9276
9277,English,Male,310411214,Name_9277,9000009277,Address 9277
9278,Hindi,Female,310411214,Name_9278,9000009278,Address 9278
9279,Telugu,Male,310411214,Name_9279,9000009279,Address 9279
9280,English,Female,310411214,Name_9280,9000009280,Address 9280
9281,Hindi,Male,310411214,Name_9281,9000009281,Address 9281
9282,Telugu,Female,310411214,Name_9282,9000009282,Address 9282
9283,English,Male,310411214,Name_9283,9000009283,Address 9283
9284,Hindi,Female,310411214,Name_9284,9000009284,Address 9284
9285,Telugu,Male,310411215,Name_9285,9000009285,Address 9285
9286,English,Female,310411215,Name_9286,9000009286,Address 9286
9287,Hindi,Male,310411215,Name_9287,9000009287,Address 9287
9288,Telugu,Female,310411215,Name_9288,9000009288,Address 9288
9289,English,Male,310411215,Name_9289,9000009289,Address 9289
9290,Hindi,Female,310411215,Name_9290,9000009290,Address 9290
9291,Telugu,Male,310411215,Name_9291,9000009291,Address 9291
9292,English,Female,310411215,Name_9292,9000009292,Address 9292
9293,Hindi,Male,310411215,Name_9293,9000009293,Address 9293
9294,Telugu,Female,310411215,Name_9294,9000009294,Address 9294
9295,English,Male,310411215,Name_9295,9000009295,Address 9295
9296,Hindi,Female,310411215,Name_9296,9000009296,Address 9296
9297,Telugu,Male,310411215,Name_9297,9000009297,Address 9297
9298,English,Female,310411215,Name_9298,9000009298,Address 9298
9299,Hindi,Male,310411215,Name_9299,9000009299,Address 9299
9300,Telugu,Female,310411215,Name_9300,9000009300,Address 9300
9301,English,Male,310411215,Name_9301,9000009301,Address 9301
9302,Hindi,Female,310411215,Name_9302,9000009302,Address 9302
9303,Telugu,Male,310411215,Name_9303,9000009303,Address 9303
9304,English,Female,310411215,Name_9304,9000009304,Address 9304
9305,Hindi,Male,310411215,Name_9305,9000009305,Address 9305
9306,Telugu,Female,310411215,Name_9306,9000009306,Address 9306
9307,English,Male,310411216,Name_9307,9000009307,Address 9307
9308,Hindi,Female,310411216,Name_9308,9000009308,Address 9308
9309,Telugu,Male,310411216,Name_9309,9000009309,Address 9309
9310,English,Female,310411216,Name_9310,9000009310,Address 9310
9311,Hindi,Male,310411216,Name_9311,9000009311,Address 9311
9312,Telugu,Female,310411216,Name_9312,9000009312,Address 9312
9313,English,Male,310411216,Name_9313,9000009313,Address 9313
9314,Hindi,Female,310411216,Name_9314,9000009314,Address 9314
9315,Telugu,Male,310411216,Name_9315,9000009315,Address 9315
9316,English,Female,310411216,Name_9316,9000009316,Address 9316
9317,Hindi,Male,310411216,Name_9317,9000009317,Address 9317
9318,Telugu,Female,310411216,Name_9318,9000009318,Address 9318
9319,English,Male,310411216,Name_9319,9000009319,Address 9319
9320,Hindi,Female,310411216,Name_9320,9000009320,Address 9320
9321,Telugu,Male,310411216,Name_9321,9000009321,Address 9321
9322,English,Female,310411216,Name_9322,9000009322,Address 9322
9323,Hindi,Male,310411216,Name_9323,9000009323,Address 9323
9324,Telugu,Female,310411216,Name_9324,9000009324,Address 9324
9325,English,Male,310411216,Name_9325,9000009325,Address 9325
9326,Hindi,Female,310411216,Name_9326,9000009326,Address 9326
9327,Telugu,Male,310411216,Name_9327,9000009327,Address 9327
9328,English,Female,310411216,Name_9328,9000009328,Address 9328
9329,Hindi,Male,310411217,Name_9329,9000009329,Address 9329
9330,Telugu,Female,310411217,Name_9330,9000009330,Address 9330
9331,English,Male,310411217,Name_9331,9000009331,Address 9331
9332,Hindi,Female,310411217,Name_9332,9000009332,Address 9332
9333,Telugu,Male,310411217,Name_9333,9000009333,Address 9333
9334,English,Female,310411217,Name_9334,9000009334,Address 9334
9335,Hindi,Male,310411217,Name_9335,9000009335,Address 9335
9336,Telugu,Female,310411217,Name_9336,9000009336,Address 9336
9337,English,Male,310411217,Name_9337,9000009337,Address 9337
9338,Hindi,Female,310411217,Name_9338,9000009338,Address 9338
9339,Telugu,Male,310411217,Name_9339,9000009339,Address 9339
9340,English,Female,310411217,Name_9340,9000009340,Address 9340
9341,Hindi,Male,310411217,Name_9341,9000009341,Address 9341
9342,Telugu,Female,310411217,Name_9342,9000009342,Address 9342
9343,English,Male,310411217,Name_9343,9000009343,Address 9343
9344,Hindi,Female,310411217,Name_9344,9000009344,Address 9344
9345,Telugu,Male,310411217,Name_9345,9000009345,Address 9345
9346,English,Female,310411217,Name_9346,9000009346,Address 9346
9347,Hindi,Male,310411217,Name_9347,9000009347,Address 9347
9348,Telugu,Female,310411217,Name_9348,9000009348,Address 9348
9349,English,Male,310411217,Name_9349,9000009349,Address 9349
9350,Hindi,Female,310411217,Name_9350,9000009350,Address 9350
9351,Telugu,Male,310411218,Name_9351,9000009351,Address 9351
9352,English,Female,310411218,Name_9352,9000009352,Address 9352
9353,Hindi,Male,310411218,Name_9353,9000009353,Address 9353
9354,Telugu,Female,310411218,Name_9354,9000009354,Address 9354
9355,English,Male,310411218,Name_9355,9000009355,Address 9355
9356,Hindi,Female,310411218,Name_9356,9000009356,Address 9356
9357,Telugu,Male,310411218,Name_9357,9000009357,Address 9357
9358,English,Female,310411218,Name_9358,9000009358,Address 9358
9359,Hindi,Male,310411218,Name_9359,9000009359,Address 9359
9360,Telugu,Female,310411218,Name_9360,9000009360,Address 9360
9361,English,Male,310411218,Name_9361,9000009361,Address 9361
9362,Hindi,Female,310411218,Name_9362,9000009362,Address 9362
9363,Telugu,Male,310411218,Name_9363,9000009363,Address 9363
9364,English,Female,310411218,Name_9364,9000009364,Address 9364
9365,Hindi,Male,310411218,Name_9365,9000009365,Address 9365
9366,Telugu,Female,310411218,Name_9366,9000009366,Address 9366
9367,English,Male,310411218,Name_9367,9000009367,Address 9367
9368,Hindi,Female,310411218,Name_9368,9000009368,Address 9368
9369,Telugu,Male,310411218,Name_9369,9000009369,Address 9369
9370,English,Female,310411218,Name_9370,9000009370,Address 9370
9371,Hindi,Male,310411218,Name_9371,9000009371,Address 9371
9372,Telugu,Female,310411218,Name_9372,9000009372,Address 9372
9373,English,Male,310411236,Name_9373,9000009373,Address 9373
9374,Hindi,Female,310411236,Name_9374,9000009374,Address 9374
9375,Telugu,Male,310411236,Name_9375,9000009375,Address 9375
9376,English,Female,310411236,Name_9376,9000009376,Address 9376
9377,Hindi,Male,310411236,Name_9377,9000009377,Address 9377
9378,Telugu,Female,310411236,Name_9378,9000009378,Address 9378
9379,English,Male,310411236,Name_9379,9000009379,Address 9379
9380,Hindi,Female,310411236,Name_9380,9000009380,Address 9380
9381,Telugu,Male,310411236,Name_9381,9000009381,Address 9381
9382,English,Female,310411236,Name_9382,9000009382,Address 9382
9383,Hindi,Male,310411236,Name_9383,9000009383,Address 9383
9384,Telugu,Female,310411236,Name_9384,9000009384,Address 9384
9385,English,Male,310411236,Name_9385,9000009385,Address 9385
9386,Hindi,Female,310411236,Name_9386,9000009386,Address 9386
9387,Telugu,Male,310411236,Name_9387,9000009387,Address 9387
9388,English,Female,310411236,Name_9388,9000009388,Address 9388
9389,Hindi,Male,310411236,Name_9389,9000009389,Address 9389
9390,Telugu,Female,310411236,Name_9390,9000009390,Address 9390
9391,English,Male,310411236,Name_9391,9000009391,Address 9391
9392,Hindi,Female,310411236,Name_9392,9000009392,Address 9392
9393,Telugu,Male,310411236,Name_9393,9000009393,Address 9393
9394,English,Female,310411236,Name_9394,9000009394,Address 9394
9395,Hindi,Male,310411237,Name_9395,9000009395,Address 9395
9396,Telugu,Female,310411237,Name_9396,9000009396,Address 9396
9397,English,Male,310411237,Name_9397,9000009397,Address 9397
9398,Hindi,Female,310411237,Name_9398,9000009398,Address 9398
9399,Telugu,Male,310411237,Name_9399,9000009399,Address 9399
9400,English,Female,310411237,Name_9400,9000009400,Address 9400
9401,Hindi,Male,310411237,Name_9401,9000009401,Address 9401
9402,Telugu,Female,310411237,Name_9402,9000009402,Address 9402
9403,English,Male,310411237,Name_9403,9000009403,Address 9403
9404,Hindi,Female,310411237,Name_9404,9000009404,Address 9404
9405,Telugu,Male,310411237,Name_9405,9000009405,Address 9405
9406,English,Female,310411237,Name_9406,9000009406,Address 9406
9407,Hindi,Male,310411237,Name_9407,9000009407,Address 9407
9408,Telugu,Female,310411237,Name_9408,9000009408,Address 9408
9409,English,Male,310411237,Name_9409,9000009409,Address 9409
9410,Hindi,Female,310411237,Name_9410,9000009410,Address 9410
9411,Telugu,Male,310411237,Name_9411,9000009411,Address 9411
9412,English,Female,310411237,Name_9412,9000009412,Address 9412
9413,Hindi,Male,310411237,Name_9413,9000009413,Address 9413
9414,Telugu,Female,310411237,Name_9414,9000009414,Address 9414
9415,English,Male,310411237,Name_9415,9000009415,Address 9415
9416,Hindi,Female,310411237,Name_9416,9000009416,Address 9416
9417,Telugu,Male,310411238,Name_9417,9000009417,Address 9417
9418,English,Female,310411238,Name_9418,9000009418,Address 9418
9419,Hindi,Male,310411238,Name_9419,9000009419,Address 9419
9420,Telugu,Female,310411238,Name_9420,9000009420,Address 9420
9421,English,Male,310411238,Name_9421,9000009421,Address 9421
9422,Hindi,Female,310411238,Name_9422,9000009422,Address 9422
9423,Telugu,Male,310411238,Name_9423,9000009423,Address 9423
9424,English,Female,310411238,Name_9424,9000009424,Address 9424
9425,Hindi,Male,310411238,Name_9425,9000009425,Address 9425
9426,Telugu,Female,310411238,Name_9426,9000009426,Address 9426
9427,English,Male,310411238,Name_9427,9000009427,Address 9427
9428,Hindi,Female,310411238,Name_9428,9000009428,Address 9428
9429,Telugu,Male,310411238,Name_9429,9000009429,Address 9429
9430,English,Female,310411238,Name_9430,9000009430,Address 9430
9431,Hindi,Male,310411238,Name_9431,9000009431,Address 9431
9432,Telugu,Female,310411238,Name_9432,9000009432,Address 9432
9433,English,Male,310411238,Name_9433,9000009433,Address 9433
9434,Hindi,Female,310411238,Name_9434,9000009434,Address 9434
9435,Telugu,Male,310411238,Name_9435,9000009435,Address 9435
9436,English,Female,310411238,Name_9436,9000009436,Address 9436
9437,Hindi,Male,310411238,Name_9437,9000009437,Address 9437
9438,Telugu,Female,310411238,Name_9438,9000009438,Address 9438
9439,English,Male,310411239,Name_9439,9000009439,Address 9439
9440,Hindi,Female,310411239,Name_9440,9000009440,Address 9440
9441,Telugu,Male,310411239,Name_9441,9000009441,Address 9441
9442,English,Female,310411239,Name_9442,9000009442,Address 9442
9443,Hindi,Male,310411239,Name_9443,9000009443,Address 9443
9444,Telugu,Female,310411239,Name_9444,9000009444,Address 9444
9445,English,Male,310411239,Name_9445,9000009445,Address 9445
9446,Hindi,Female,310411239,Name_9446,9000009446,Address 9446
9447,Telugu,Male,310411239,Name_9447,9000009447,Address 9447
9448,English,Female,310411239,Name_9448,9000009448,Address 9448
9449,Hindi,Male,310411239,Name_9449,9000009449,Address 9449
9450,Telugu,Female,310411239,Name_9450,9000009450,Address 9450
9451,English,Male,310411239,Name_9451,9000009451,Address 9451
9452,Hindi,Female,310411239,Name_9452,9000009452,Address 9452
9453,Telugu,Male,310411239,Name_9453,9000009453,Address 9453
9454,English,Female,310411239,Name_9454,9000009454,Address 9454
9455,Hindi,Male,310411239,Name_9455,9000009455,Address 9455
9456,Telugu,Female,310411239,Name_9456,9000009456,Address 9456
9457,English,Male,310411239,Name_9457,9000009457,Address 9457
9458,Hindi,Female,310411239,Name_9458,9000009458,Address 9458
9459,Telugu,Male,310411239,Name_9459,9000009459,Address 9459
9460,English,Female,310411239,Name_9460,9000009460,Address 9460
9461,Hindi,Male,310411240,Name_9461,9000009461,Address 9461
9462,Telugu,Female,310411240,Name_9462,9000009462,Address 9462
9463,English,Male,310411240,Name_9463,9000009463,Address 9463
9464,Hindi,Female,310411240,Name_9464,9000009464,Address 9464
9465,Telugu,Male,310411240,Name_9465,9000009465,Address 9465
9466,English,Female,310411240,Name_9466,9000009466,Address 9466
9467,Hindi,Male,310411240,Name_9467,9000009467,Address 9467
9468,Telugu,Female,310411240,Name_9468,9000009468,Address 9468
9469,English,Male,310411240,Name_9469,9000009469,Address 9469
9470,Hindi,Female,310411240,Name_9470,9000009470,Address 9470
9471,Telugu,Male,310411240,Name_9471,9000009471,Address 9471
9472,English,Female,310411240,Name_9472,9000009472,Address 9472
9473,Hindi,Male,310411240,Name_9473,9000009473,Address 9473
9474,Telugu,Female,310411240,Name_9474,9000009474,Address 9474
9475,English,Male,310411240,Name_9475,9000009475,Address 9475
9476,Hindi,Female,310411240,Name_9476,9000009476,Address 9476
9477,Telugu,Male,310411240,Name_9477,9000009477,Address 9477
9478,English,Female,310411240,Name_9478,9000009478,Address 9478
9479,Hindi,Male,310411240,Name_9479,9000009479,Address 9479
9480,Telugu,Female,310411240,Name_9480,9000009480,Address 9480
9481,English,Male,310411240,Name_9481,9000009481,Address 9481
9482,Hindi,Female,310411240,Name_9482,9000009482,Address 9482
9483,Telugu,Male,310411241,Name_9483,9000009483,Address 9483
9484,English,Female,310411241,Name_9484,9000009484,Address 9484
9485,Hindi,Male,310411241,Name_9485,9000009485,Address 9485
9486,Telugu,Female,310411241,Name_9486,9000009486,Address 9486
9487,English,Male,310411241,Name_9487,9000009487,Address 9487
9488,Hindi,Female,310411241,Name_9488,9000009488,Address 9488
9489,Telugu,Male,310411241,Name_9489,9000009489,Address 9489
9490,English,Female,310411241,Name_9490,9000009490,Address 9490
9491,Hindi,Male,310411241,Name_9491,9000009491,Address 9491
9492,Telugu,Female,310411241,Name_9492,9000009492,Address 9492
9493,English,Male,310411241,Name_9493,9000009493,Address 9493
9494,Hindi,Female,310411241,Name_9494,9000009494,Address 9494
9495,Telugu,Male,310411241,Name_9495,9000009495,Address 9495
9496,English,Female,310411241,Name_9496,9000009496,Address 9496
9497,Hindi,Male,310411241,Name_9497,9000009497,Address 9497
9498,Telugu,Female,310411241,Name_9498,9000009498,Address 9498
9499,English,Male,310411241,Name_9499,9000009499,Address 9499
9500,Hindi,Female,310411241,Name_9500,9000009500,Address 9500
9501,Telugu,Male,310411241,Name_9501,9000009501,Address 9501
9502,English,Female,310411241,Name_9502,9000009502,Address 9502
9503,Hindi,Male,310411241,Name_9503,9000009503,Address 9503
9504,Telugu,Female,310411241,Name_9504,9000009504,Address 9504
9505,English,Male,310411242,Name_9505,9000009505,Address 9505
9506,Hindi,Female,310411242,Name_9506,9000009506,Address 9506
9507,Telugu,Male,310411242,Name_9507,9000009507,Address 9507
9508,English,Female,310411242,Name_9508,9000009508,Address 9508
9509,Hindi,Male,310411242,Name_9509,9000009509,Address 9509
9510,Telugu,Female,310411242,Name_9510,9000009510,Address 9510
9511,English,Male,310411242,Name_9511,9000009511,Address 9511
9512,Hindi,Female,310411242,Name_9512,9000009512,Address 9512
9513,Telugu,Male,310411242,Name_9513,9000009513,Address 9513
9514,English,Female,310411242,Name_9514,9000009514,Address 9514
9515,Hindi,Male,310411242,Name_9515,9000009515,Address 9515
9516,Telugu,Female,310411242,Name_9516,9000009516,Address 9516
9517,English,Male,310411242,Name_9517,9000009517,Address 9517
9518,Hindi,Female,310411242,Name_9518,9000009518,Address 9518
9519,Telugu,Male,310411242,Name_9519,9000009519,Address 9519
9520,English,Female,310411242,Name_9520,9000009520,Address 9520
9521,Hindi,Male,310411242,Name_9521,9000009521,Address 9521
9522,Telugu,Female,310411242,Name_9522,9000009522,Address 9522
9523,English,Male,310411242,Name_9523,9000009523,Address 9523
9524,Hindi,Female,310411242,Name_9524,9000009524,Address 9524
9525,Telugu,Male,310411242,Name_9525,9000009525,Address 9525
9526,English,Female,310411242,Name_9526,9000009526,Address 9526
9527,Hindi,Male,310411243,Name_9527,9000009527,Address 9527
9528,Telugu,Female,310411243,Name_9528,9000009528,Address 9528
9529,English,Male,310411243,Name_9529,9000009529,Address 9529
9530,Hindi,Female,310411243,Name_9530,9000009530,Address 9530
9531,Telugu,Male,310411243,Name_9531,9000009531,Address 9531
9532,English,Female,310411243,Name_9532,9000009532,Address 9532
9533,Hindi,Male,310411243,Name_9533,9000009533,Address 9533
9534,Telugu,Female,310411243,Name_9534,9000009534,Address 9534
9535,English,Male,310411243,Name_9535,9000009535,Address 9535
9536,Hindi,Female,310411243,Name_9536,9000009536,Address 9536
9537,Telugu,Male,310411243,Name_9537,9000009537,Address 9537
9538,English,Female,310411243,Name_9538,9000009538,Address 9538
9539,Hindi,Male,310411243,Name_9539,9000009539,Address 9539
9540,Telugu,Female,310411243,Name_9540,9000009540,Address 9540
9541,English,Male,310411243,Name_9541,9000009541,Address 9541
9542,Hindi,Female,310411243,Name_9542,9000009542,Address 9542
9543,Telugu,Male,310411243,Name_9543,9000009543,Address 9543
9544,English,Female,310411243,Name_9544,9000009544,Address 9544
9545,Hindi,Male,310411243,Name_9545,9000009545,Address 9545
9546,Telugu,Female,310411243,Name_9546,9000009546,Address 9546
9547,English,Male,310411243,Name_9547,9000009547,Address 9547
9548,Hindi,Female,310411243,Name_9548,9000009548,Address 9548
9549,Telugu,Male,310411244,Name_9549,9000009549,Address 9549
9550,English,Female,310411244,Name_9550,9000009550,Address 9550
9551,Hindi,Male,310411244,Name_9551,9000009551,Address 9551
9552,Telugu,Female,310411244,Name_9552,9000009552,Address 9552
9553,English,Male,310411244,Name_9553,9000009553,Address 9553
9554,Hindi,Female,310411244,Name_9554,9000009554,Address 9554
9555,Telugu,Male,310411244,Name_9555,9000009555,Address 9555
9556,English,Female,310411244,Name_9556,9000009556,Address 9556
9557,Hindi,Male,310411244,Name_9557,9000009557,Address 9557
9558,Telugu,Female,310411244,Name_9558,9000009558,Address 9558
9559,English,Male,310411244,Name_9559,9000009559,Address 9559
9560,Hindi,Female,310411244,Name_9560,9000009560,Address 9560
9561,Telugu,Male,310411244,Name_9561,9000009561,Address 9561
9562,English,Female,310411244,Name_9562,9000009562,Address 9562
9563,Hindi,Male,310411244,Name_9563,9000009563,Address 9563
9564,Telugu,Female,310411244,Name_9564,9000009564,Address 9564
9565,English,Male,310411244,Name_9565,9000009565,Address 9565
9566,Hindi,Female,310411244,Name_9566,9000009566,Address 9566
9567,Telugu,Male,310411244,Name_9567,9000009567,Address 9567
9568,English,Female,310411244,Name_9568,9000009568,Address 9568
9569,Hindi,Male,310411244,Name_9569,9000009569,Address 9569
9570,Telugu,Female,310411244,Name_9570,9000009570,Address 9570
9571,English,Male,310411245,Name_9571,9000009571,Address 9571
9572,Hindi,Female,310411245,Name_9572,9000009572,Address 9572
9573,Telugu,Male,310411245,Name_9573,9000009573,Address 9573
9574,English,Female,310411245,Name_9574,9000009574,Address 9574
9575,Hindi,Male,310411245,Name_9575,9000009575,Address 9575
9576,Telugu,Female,310411245,Name_9576,9000009576,Address 9576
9577,English,Male,310411245,Name_9577,9000009577,Address 9577
9578,Hindi,Female,310411245,Name_9578,9000009578,Address 9578
9579,Telugu,Male,310411245,Name_9579,9000009579,Address 9579
9580,English,Female,310411245,Name_9580,9000009580,Address 9580
9581,Hindi,Male,310411245,Name_9581,9000009581,Address 9581
9582,Telugu,Female,310411245,Name_9582,9000009582,Address 9582
9583,English,Male,310411245,Name_9583,9000009583,Address 9583
9584,Hindi,Female,310411245,Name_9584,9000009584,Address 9584
9585,Telugu,Male,310411245,Name_9585,9000009585,Address 9585
9586,English,Female,310411245,Name_9586,9000009586,Address 9586
9587,Hindi,Male,310411245,Name_9587,9000009587,Address 9587
9588,Telugu,Female,310411245,Name_9588,9000009588,Address 9588
9589,English,Male,310411245,Name_9589,9000009589,Address 9589
9590,Hindi,Female,310411245,Name_9590,9000009590,Address 9590
9591,Telugu,Male,310411245,Name_9591,9000009591,Address 9591
9592,English,Female,310411245,Name_9592,9000009592,Address 9592
9593,Hindi,Male,310411246,Name_9593,9000009593,Address 9593
9594,Telugu,Female,310411246,Name_9594,9000009594,Address 9594
9595,English,Male,310411246,Name_9595,9000009595,Address 9595
9596,Hindi,Female,310411246,Name_9596,9000009596,Address 9596
9597,Telugu,Male,310411246,Name_9597,9000009597,Address 9597
9598,English,Female,310411246,Name_9598,9000009598,Address 9598
9599,Hindi,Male,310411246,Name_9599,9000009599,Address 9599
9600,Telugu,Female,310411246,Name_9600,9000009600,Address 9600
9601,English,Male,310411246,Name_9601,9000009601,Address 9601
9602,Hindi,Female,310411246,Name_9602,9000009602,Address 9602
9603,Telugu,Male,310411246,Name_9603,9000009603,Address 9603
9604,English,Female,310411246,Name_9604,9000009604,Address 9604
9605,Hindi,Male,310411246,Name_9605,9000009605,Address 9605
9606,Telugu,Female,310411246,Name_9606,9000009606,Address 9606
9607,English,Male,310411246,Name_9607,9000009607,Address 9607
9608,Hindi,Female,310411246,Name_9608,9000009608,Address 9608
9609,Telugu,Male,310411246,Name_9609,9000009609,Address 9609
9610,English,Female,310411246,Name_9610,9000009610,Address 9610
9611,Hindi,Male,310411246,Name_9611,9000009611,Address 9611
9612,Telugu,Female,310411246,Name_9612,9000009612,Address 9612
9613,English,Male,310411246,Name_9613,9000009613,Address 9613
9614,Hindi,Female,310411246,Name_9614,9000009614,Address 9614
9615,Telugu,Male,310411247,Name_9615,9000009615,Address 9615
9616,English,Female,310411247,Name_9616,9000009616,Address 9616
9617,Hindi,Male,310411247,Name_9617,9000009617,Address 9617
9618,Telugu,Female,310411247,Name_9618,9000009618,Address 9618
9619,English,Male,310411247,Name_9619,9000009619,Address 9619
9620,Hindi,Female,310411247,Name_9620,9000009620,Address 9620
9621,Telugu,Male,310411247,Name_9621,9000009621,Address 9621
9622,English,Female,310411247,Name_9622,9000009622,Address 9622
9623,Hindi,Male,310411247,Name_9623,9000009623,Address 9623
9624,Telugu,Female,310411247,Name_9624,9000009624,Address 9624
9625,English,Male,310411247,Name_9625,9000009625,Address 9625
9626,Hindi,Female,310411247,Name_9626,9000009626,Address 9626
9627,Telugu,Male,310411247,Name_9627,9000009627,Address 9627
9628,English,Female,310411247,Name_9628,9000009628,Address 9628
9629,Hindi,Male,310411247,Name_9629,9000009629,Address 9629
9630,Telugu,Female,310411247,Name_9630,9000009630,Address 9630
9631,English,Male,310411247,Name_9631,9000009631,Address 9631
9632,Hindi,Female,310411247,Name_9632,9000009632,Address 9632
9633,Telugu,Male,310411247,Name_9633,9000009633,Address 9633
9634,English,Female,310411247,Name_9634,9000009634,Address 9634
9635,Hindi,Male,310411247,Name_9635,9000009635,Address 9635
9636,Telugu,Female,310411247,Name_9636,9000009636,Address 9636
9637,English,Male,310411248,Name_9637,9000009637,Address 9637
9638,Hindi,Female,310411248,Name_9638,9000009638,Address 9638
9639,Telugu,Male,310411248,Name_9639,9000009639,Address 9639
9640,English,Female,310411248,Name_9640,9000009640,Address 9640
9641,Hindi,Male,310411248,Name_9641,9000009641,Address 9641
9642,Telugu,Female,310411248,Name_9642,9000009642,Address 9642
9643,English,Male,310411248,Name_9643,9000009643,Address 9643
9644,Hindi,Female,310411248,Name_9644,9000009644,Address 9644
9645,Telugu,Male,310411248,Name_9645,9000009645,Address 9645
9646,English,Female,310411248,Name_9646,9000009646,Address 9646
9647,Hindi,Male,310411248,Name_9647,9000009647,Address 9647
9648,Telugu,Female,310411248,Name_9648,9000009648,Address 9648
9649,English,Male,310411248,Name_9649,9000009649,Address 9649
9650,Hindi,Female,310411248,Name_9650,9000009650,Address 9650
9651,Telugu,Male,310411248,Name_9651,9000009651,Address 9651
9652,English,Female,310411248,Name_9652,9000009652,Address 9652
9653,Hindi,Male,310411248,Name_9653,9000009653,Address 9653
9654,Telugu,Female,310411248,Name_9654,9000009654,Address 9654
9655,English,Male,310411248,Name_9655,9000009655,Address 9655
9656,Hindi,Female,310411248,Name_9656,9000009656,Address 9656
9657,Telugu,Male,310411248,Name_9657,9000009657,Address 9657
9658,English,Female,310411248,Name_9658,9000009658,Address 9658
9659,Hindi,Male,310411249,Name_9659,9000009659,Address 9659
9660,Telugu,Female,310411249,Name_9660,9000009660,Address 9660
9661,English,Male,310411249,Name_9661,9000009661,Address 9661
9662,Hindi,Female,310411249,Name_9662,9000009662,Address 9662
9663,Telugu,Male,310411249,Name_9663,9000009663,Address 9663
9664,English,Female,310411249,Name_9664,9000009664,Address 9664
9665,Hindi,Male,310411249,Name_9665,9000009665,Address 9665
9666,Telugu,Female,310411249,Name_9666,9000009666,Address 9666
9667,English,Male,310411249,Name_9667,9000009667,Address 9667
9668,Hindi,Female,310411249,Name_9668,9000009668,Address 9668
9669,Telugu,Male,310411249,Name_9669,9000009669,Address 9669
9670,English,Female,310411249,Name_9670,9000009670,Address 9670
9671,Hindi,Male,310411249,Name_9671,9000009671,Address 9671
9672,Telugu,Female,310411249,Name_9672,9000009672,Address 9672
9673,English,Male,310411249,Name_9673,9000009673,Address 9673
9674,Hindi,Female,310411249,Name_9674,9000009674,Address 9674
9675,Telugu,Male,310411249,Name_9675,9000009675,Address 9675
9676,English,Female,310411249,Name_9676,9000009676,Address 9676
9677,Hindi,Male,310411249,Name_9677,9000009677,Address 9677
9678,Telugu,Female,310411249,Name_9678,9000009678,Address 9678
9679,English,Male,310411249,Name_9679,9000009679,Address 9679
9680,Hindi,Female,310411249,Name_9680,9000009680,Address 9680
9681,Telugu,Male,310411250,Name_9681,9000009681,Address 9681
9682,English,Female,310411250,Name_9682,9000009682,Address 9682
9683,Hindi,Male,310411250,Name_9683,9000009683,Address 9683
9684,Telugu,Female,310411250,Name_9684,9000009684,Address 9684
9685,English,Male,310411250,Name_9685,9000009685,Address 9685
9686,Hindi,Female,310411250,Name_9686,9000009686,Address 9686
9687,Telugu,Male,310411250,Name_9687,9000009687,Address 9687
9688,English,Female,310411250,Name_9688,9000009688,Address 9688
9689,Hindi,Male,310411250,Name_9689,9000009689,Address 9689
9690,Telugu,Female,310411250,Name_9690,9000009690,Address 9690
9691,English,Male,310411250,Name_9691,9000009691,Address 9691
9692,Hindi,Female,310411250,Name_9692,9000009692,Address 9692
9693,Telugu,Male,310411250,Name_9693,9000009693,Address 9693
9694,English,Female,310411250,Name_9694,9000009694,Address 9694
9695,Hindi,Male,310411250,Name_9695,9000009695,Address 9695
9696,Telugu,Female,310411250,Name_9696,9000009696,Address 9696
9697,English,Male,310411250,Name_9697,9000009697,Address 9697
9698,Hindi,Female,310411250,Name_9698,9000009698,Address 9698
9699,Telugu,Male,310411250,Name_9699,9000009699,Address 9699
9700,English,Female,310411250,Name_9700,9000009700,Address 9700
9701,Hindi,Male,310411250,Name_9701,9000009701,Address 9701
9702,Telugu,Female,310411250,Name_9702,9000009702,Address 9702
9703,English,Male,310411251,Name_9703,9000009703,Address 9703
9704,Hindi,Female,310411251,Name_9704,9000009704,Address 9704
9705,Telugu,Male,310411251,Name_9705,9000009705,Address 9705
9706,English,Female,310411251,Name_9706,9000009706,Address 9706
9707,Hindi,Male,310411251,Name_9707,9000009707,Address 9707
9708,Telugu,Female,310411251,Name_9708,9000009708,Address 9708
9709,English,Male,310411251,Name_9709,9000009709,Address 9709
9710,Hindi,Female,310411251,Name_9710,9000009710,Address 9710
9711,Telugu,Male,310411251,Name_9711,9000009711,Address 9711
9712,English,Female,310411251,Name_9712,9000009712,Address 9712
9713,Hindi,Male,310411251,Name_9713,9000009713,Address 9713
9714,Telugu,Female,310411251,Name_9714,9000009714,Address 9714
9715,English,Male,310411251,Name_9715,9000009715,Address 9715
9716,Hindi,Female,310411251,Name_9716,9000009716,Address 9716
9717,Telugu,Male,310411251,Name_9717,9000009717,Address 9717
9718,English,Female,310411251,Name_9718,9000009718,Address 9718
9719,Hindi,Male,310411251,Name_9719,9000009719,Address 9719
9720,Telugu,Female,310411251,Name_9720,9000009720,Address 9720
9721,English,Male,310411251,Name_9721,9000009721,Address 9721
9722,Hindi,Female,310411251,Name_9722,9000009722,Address 9722
9723,Telugu,Male,310411251,Name_9723,9000009723,Address 9723
9724,English,Female,310411251,Name_9724,9000009724,Address 9724
9725,Hindi,Male,310411252,Name_9725,9000009725,Address 9725
9726,Telugu,Female,310411252,Name_9726,9000009726,Address 9726
9727,English,Male,310411252,Name_9727,9000009727,Address 9727
9728,Hindi,Female,310411252,Name_9728,9000009728,Address 9728
9729,Telugu,Male,310411252,Name_9729,9000009729,Address 9729
9730,English,Female,310411252,Name_9730,9000009730,Address 9730
9731,Hindi,Male,310411252,Name_9731,9000009731,Address 9731
9732,Telugu,Female,310411252,Name_9732,9000009732,Address 9732
9733,English,Male,310411252,Name_9733,9000009733,Address 9733
9734,Hindi,Female,310411252,Name_9734,9000009734,Address 9734
9735,Telugu,Male,310411252,Name_9735,9000009735,Address 9735
9736,English,Female,310411252,Name_9736,9000009736,Address 9736
9737,Hindi,Male,310411252,Name_9737,9000009737,Address 9737
9738,Telugu,Female,310411252,Name_9738,9000009738,Address 9738
9739,English,Male,310411252,Name_9739,9000009739,Address 9739
9740,Hindi,Female,310411252,Name_9740,9000009740,Address 9740
9741,Telugu,Male,310411252,Name_9741,9000009741,Address 9741
9742,English,Female,310411252,Name_9742,9000009742,Address 9742
9743,Hindi,Male,310411252,Name_9743,9000009743,Address 9743
9744,Telugu,Female,310411252,Name_9744,9000009744,Address 9744
9745,English,Male,310411252,Name_9745,9000009745,Address 9745
9746,Hindi,Female,310411252,Name_9746,9000009746,Address 9746
9747,Telugu,Male,310411253,Name_9747,9000009747,Address 9747
9748,English,Female,310411253,Name_9748,9000009748,Address 9748
9749,Hindi,Male,310411253,Name_9749,9000009749,Address 9749
9750,Telugu,Female,310411253,Name_9750,9000009750,Address 9750
9751,English,Male,310411253,Name_9751,9000009751,Address 9751
9752,Hindi,Female,310411253,Name_9752,9000009752,Address 9752
9753,Telugu,Male,310411253,Name_9753,9000009753,Address 9753
9754,English,Female,310411253,Name_9754,9000009754,Address 9754
9755,Hindi,Male,310411253,Name_9755,9000009755,Address 9755
9756,Telugu,Female,310411253,Name_9756,9000009756,Address 9756
9757,English,Male,310411253,Name_9757,9000009757,Address 9757
9758,Hindi,Female,310411253,Name_9758,9000009758,Address 9758
9759,Telugu,Male,310411253,Name_9759,9000009759,Address 9759
9760,English,Female,310411253,Name_9760,9000009760,Address 9760
9761,Hindi,Male,310411253,Name_9761,9000009761,Address 9761
9762,Telugu,Female,310411253,Name_9762,9000009762,Address 9762
9763,English,Male,310411253,Name_9763,9000009763,Address 9763
9764,Hindi,Female,310411253,Name_9764,9000009764,Address 9764
9765,Telugu,Male,310411253,Name_9765,9000009765,Address 9765
9766,English,Female,310411253,Name_9766,9000009766,Address 9766
9767,Hindi,Male,310411253,Name_9767,9000009767,Address 9767
9768,Telugu,Female,310411253,Name_9768,9000009768,Address 9768
9769,English,Male,310411254,Name_9769,9000009769,Address 9769
9770,Hindi,Female,310411254,Name_9770,9000009770,Address 9770
9771,Telugu,Male,310411254,Name_9771,9000009771,Address 9771
9772,English,Female,310411254,Name_9772,9000009772,Address 9772
9773,Hindi,Male,310411254,Name_9773,9000009773,Address 9773
9774,Telugu,Female,310411254,Name_9774,9000009774,Address 9774
9775,English,Male,310411254,Name_9775,9000009775,Address 9775
9776,Hindi,Female,310411254,Name_9776,9000009776,Address 9776
9777,Telugu,Male,310411254,Name_9777,9000009777,Address 9777
9778,English,Female,310411254,Name_9778,9000009778,Address 9778
9779,Hindi,Male,310411254,Name_9779,9000009779,Address 9779
9780,Telugu,Female,310411254,Name_9780,9000009780,Address 9780
9781,English,Male,310411254,Name_9781,9000009781,Address 9781
9782,Hindi,Female,310411254,Name_9782,9000009782,Address 9782
9783,Telugu,Male,310411254,Name_9783,9000009783,Address 9783
9784,English,Female,310411254,Name_9784,9000009784,Address 9784
9785,Hindi,Male,310411254,Name_9785,9000009785,Address 9785
9786,Telugu,Female,310411254,Name_9786,9000009786,Address 9786
9787,English,Male,310411254,Name_9787,9000009787,Address 9787
9788,Hindi,Female,310411254,Name_9788,9000009788,Address 9788
9789,Telugu,Male,310411254,Name_9789,9000009789,Address 9789
9790,English,Female,310411254,Name_9790,9000009790,Address 9790
9791,Hindi,Male,310411255,Name_9791,9000009791,Address 9791
9792,Telugu,Female,310411255,Name_9792,9000009792,Address 9792
9793,English,Male,310411255,Name_9793,9000009793,Address 9793
9794,Hindi,Female,310411255,Name_9794,9000009794,Address 9794
9795,Telugu,Male,310411255,Name_9795,9000009795,Address 9795
9796,English,Female,310411255,Name_9796,9000009796,Address 9796
9797,Hindi,Male,310411255,Name_9797,9000009797,Address 9797
9798,Telugu,Female,310411255,Name_9798,9000009798,Address 9798
9799,English,Male,310411255,Name_9799,9000009799,Address 9799
9800,Hindi,Female,310411255,Name_9800,9000009800,Address 9800
9801,Telugu,Male,310411255,Name_9801,9000009801,Address 9801
9802,English,Female,310411255,Name_9802,9000009802,Address 9802
9803,Hindi,Male,310411255,Name_9803,9000009803,Address 9803
9804,Telugu,Female,310411255,Name_9804,9000009804,Address 9804
9805,English,Male,310411255,Name_9805,9000009805,Address 9805
9806,Hindi,Female,310411255,Name_9806,9000009806,Address 9806
9807,Telugu,Male,310411255,Name_9807,9000009807,Address 9807
9808,English,Female,310411255,Name_9808,9000009808,Address 9808
9809,Hindi,Male,310411255,Name_9809,9000009809,Address 9809
9810,Telugu,Female,310411255,Name_9810,9000009810,Address 9810
9811,English,Male,310411255,Name_9811,9000009811,Address 9811
9812,Hindi,Female,310411255,Name_9812,9000009812,Address 9812
9813,Telugu,Male,310411256,Name_9813,9000009813,Address 9813
9814,English,Female,310411256,Name_9814,9000009814,Address 9814
9815,Hindi,Male,310411256,Name_9815,9000009815,Address 9815
9816,Telugu,Female,310411256,Name_9816,9000009816,Address 9816
9817,English,Male,310411256,Name_9817,9000009817,Address 9817
9818,Hindi,Female,310411256,Name_9818,9000009818,Address 9818
9819,Telugu,Male,310411256,Name_9819,9000009819,Address 9819
9820,English,Female,310411256,Name_9820,9000009820,Address 9820
9821,Hindi,Male,310411256,Name_9821,9000009821,Address 9821
9822,Telugu,Female,310411256,Name_9822,9000009822,Address 9822
9823,English,Male,310411256,Name_9823,9000009823,Address 9823
9824,Hindi,Female,310411256,Name_9824,9000009824,Address 9824
9825,Telugu,Male,310411256,Name_9825,9000009825,Address 9825
9826,English,Female,310411256,Name_9826,9000009826,Address 9826
9827,Hindi,Male,310411256,Name_9827,9000009827,Address 9827
9828,Telugu,Female,310411256,Name_9828,9000009828,Address 9828
9829,English,Male,310411256,Name_9829,9000009829,Address 9829
9830,Hindi,Female,310411256,Name_9830,9000009830,Address 9830
9831,Telugu,Male,310411256,Name_9831,9000009831,Address 9831
9832,English,Female,310411256,Name_9832,9000009832,Address 9832
9833,Hindi,Male,310411256,Name_9833,9000009833,Address 9833
9834,Telugu,Female,310411256,Name_9834,9000009834,Address 9834
9835,English,Male,310411257,Name_9835,9000009835,Address 9835
9836,Hindi,Female,310411257,Name_9836,9000009836,Address 9836
9837,Telugu,Male,310411257,Name_9837,9000009837,Address 9837
9838,English,Female,310411257,Name_9838,9000009838,Address 9838
9839,Hindi,Male,310411257,Name_9839,9000009839,Address 9839
9840,Telugu,Female,310411257,Name_9840,9000009840,Address 9840
9841,English,Male,310411257,Name_9841,9000009841,Address 9841
9842,Hindi,Female,310411257,Name_9842,9000009842,Address 9842
9843,Telugu,Male,310411257,Name_9843,9000009843,Address 9843
9844,English,Female,310411257,Name_9844,9000009844,Address 9844
9845,Hindi,Male,310411257,Name_9845,9000009845,Address 9845
9846,Telugu,Female,310411257,Name_9846,9000009846,Address 9846
9847,English,Male,310411257,Name_9847,9000009847,Address 9847
9848,Hindi,Female,310411257,Name_9848,9000009848,Address 9848
9849,Telugu,Male,310411257,Name_9849,9000009849,Address 9849
9850,English,Female,310411257,Name_9850,9000009850,Address 9850
9851,Hindi,Male,310411257,Name_9851,9000009851,Address 9851
9852,Telugu,Female,310411257,Name_9852,9000009852,Address 9852
9853,English,Male,310411257,Name_9853,9000009853,Address 9853
9854,Hindi,Female,310411257,Name_9854,9000009854,Address 9854
9855,Telugu,Male,310411257,Name_9855,9000009855,Address 9855
9856,English,Female,310411257,Name_9856,9000009856,Address 9856
9857,Hindi,Male,310411258,Name_9857,9000009857,Address 9857
9858,Telugu,Female,310411258,Name_9858,9000009858,Address 9858
9859,English,Male,310411258,Name_9859,9000009859,Address 9859
9860,Hindi,Female,310411258,Name_9860,9000009860,Address 9860
9861,Telugu,Male,310411258,Name_9861,9000009861,Address 9861
9862,English,Female,310411258,Name_9862,9000009862,Address 9862
9863,Hindi,Male,310411258,Name_9863,9000009863,Address 9863
9864,Telugu,Female,310411258,Name_9864,9000009864,Address 9864
9865,English,Male,310411258,Name_9865,9000009865,Address 9865
9866,Hindi,Female,310411258,Name_9866,9000009866,Address 9866
9867,Telugu,Male,310411258,Name_9867,9000009867,Address 9867
9868,English,Female,310411258,Name_9868,9000009868,Address 9868
9869,Hindi,Male,310411258,Name_9869,9000009869,Address 9869
9870,Telugu,Female,310411258,Name_9870,9000009870,Address 9870
9871,English,Male,310411258,Name_9871,9000009871,Address 9871
9872,Hindi,Female,310411258,Name_9872,9000009872,Address 9872
9873,Telugu,Male,310411258,Name_9873,9000009873,Address 9873
9874,English,Female,310411258,Name_9874,9000009874,Address 9874
9875,Hindi,Male,310411258,Name_9875,9000009875,Address 9875
9876,Telugu,Female,310411258,Name_9876,9000009876,Address 9876
9877,English,Male,310411258,Name_9877,9000009877,Address 9877
9878,Hindi,Female,310411258,Name_9878,9000009878,Address 9878
9879,Telugu,Male,310411259,Name_9879,9000009879,Address 9879
9880,English,Female,310411259,Name_9880,9000009880,Address 9880
9881,Hindi,Male,310411259,Name_9881,9000009881,Address 9881
9882,Telugu,Female,310411259,Name_9882,9000009882,Address 9882
9883,English,Male,310411259,Name_9883,9000009883,Address 9883
9884,Hindi,Female,310411259,Name_9884,9000009884,Address 9884
9885,Telugu,Male,310411259,Name_9885,9000009885,Address 9885
9886,English,Female,310411259,Name_9886,9000009886,Address 9886
9887,Hindi,Male,310411259,Name_9887,9000009887,Address 9887
9888,Telugu,Female,310411259,Name_9888,9000009888,Address 9888
9889,English,Male,310411259,Name_9889,9000009889,Address 9889
9890,Hindi,Female,310411259,Name_9890,9000009890,Address 9890
9891,Telugu,Male,310411259,Name_9891,9000009891,Address 9891
9892,English,Female,310411259,Name_9892,9000009892,Address 9892
9893,Hindi,Male,310411259,Name_9893,9000009893,Address 9893
9894,Telugu,Female,310411259,Name_9894,9000009894,Address 9894
9895,English,Male,310411259,Name_9895,9000009895,Address 9895
9896,Hindi,Female,310411259,Name_9896,9000009896,Address 9896
9897,Telugu,Male,310411259,Name_9897,9000009897,Address 9897
9898,English,Female,310411259,Name_9898,9000009898,Address 9898
9899,Hindi,Male,310411259,Name_9899,9000009899,Address 9899
9900,Telugu,Female,310411259,Name_9900,9000009900,Address 9900
9901,English,Male,310411260,Name_9901,9000009901,Address 9901
9902,Hindi,Female,310411260,Name_9902,9000009902,Address 9902
9903,Telugu,Male,310411260,Name_9903,9000009903,Address 9903
9904,English,Female,310411260,Name_9904,9000009904,Address 9904
9905,Hindi,Male,310411260,Name_9905,9000009905,Address 9905
9906,Telugu,Female,310411260,Name_9906,9000009906,Address 9906
9907,English,Male,310411260,Name_9907,9000009907,Address 9907
9908,Hindi,Female,310411260,Name_9908,9000009908,Address 9908
9909,Telugu,Male,310411260,Name_9909,9000009909,Address 9909
9910,English,Female,310411260,Name_9910,9000009910,Address 9910
9911,Hindi,Male,310411260,Name_9911,9000009911,Address 9911
9912,Telugu,Female,310411260,Name_9912,9000009912,Address 9912
9913,English,Male,310411260,Name_9913,9000009913,Address 9913
9914,Hindi,Female,310411260,Name_9914,9000009914,Address 9914
9915,Telugu,Male,310411260,Name_9915,9000009915,Address 9915
9916,English,Female,310411260,Name_9916,9000009916,Address 9916
9917,Hindi,Male,310411260,Name_9917,9000009917,Address 9917
9918,Telugu,Female,310411260,Name_9918,9000009918,Address 9918
9919,English,Male,310411260,Name_9919,9000009919,Address 9919
9920,Hindi,Female,310411260,Name_9920,9000009920,Address 9920
9921,Telugu,Male,310411260,Name_9921,9000009921,Address 9921
9922,English,Female,310411260,Name_9922,9000009922,Address 9922
9923,Hindi,Male,310411261,Name_9923,9000009923,Address 9923
9924,Telugu,Female,310411261,Name_9924,9000009924,Address 9924
9925,English,Male,310411261,Name_9925,9000009925,Address 9925
9926,Hindi,Female,310411261,Name_9926,9000009926,Address 9926
9927,Telugu,Male,310411261,Name_9927,9000009927,Address 9927
9928,English,Female,310411261,Name_9928,9000009928,Address 9928
9929,Hindi,Male,310411261,Name_9929,9000009929,Address 9929
9930,Telugu,Female,310411261,Name_9930,9000009930,Address 9930
9931,English,Male,310411261,Name_9931,9000009931,Address 9931
9932,Hindi,Female,310411261,Name_9932,9000009932,Address 9932
9933,Telugu,Male,310411261,Name_9933,9000009933,Address 9933
9934,English,Female,310411261,Name_9934,9000009934,Address 9934
9935,Hindi,Male,310411261,Name_9935,9000009935,Address 9935
9936,Telugu,Female,310411261,Name_9936,9000009936,Address 9936
9937,English,Male,310411261,Name_9937,9000009937,Address 9937
9938,Hindi,Female,310411261,Name_9938,9000009938,Address 9938
9939,Telugu,Male,310411261,Name_9939,9000009939,Address 9939
9940,English,Female,310411261,Name_9940,9000009940,Address 9940
9941,Hindi,Male,310411261,Name_9941,9000009941,Address 9941
9942,Telugu,Female,310411261,Name_9942,9000009942,Address 9942
9943,English,Male,310411261,Name_9943,9000009943,Address 9943
9944,Hindi,Female,310411261,Name_9944,9000009944,Address 9944
9945,Telugu,Male,310411262,Name_9945,9000009945,Address 9945
9946,English,Female,310411262,Name_9946,9000009946,Address 9946
9947,Hindi,Male,310411262,Name_9947,9000009947,Address 9947
9948,Telugu,Female,310411262,Name_9948,9000009948,Address 9948
9949,English,Male,310411262,Name_9949,9000009949,Address 9949
9950,Hindi,Female,310411262,Name_9950,9000009950,Address 9950
9951,Telugu,Male,310411262,Name_9951,9000009951,Address 9951
9952,English,Female,310411262,Name_9952,9000009952,Address 9952
9953,Hindi,Male,310411262,Name_9953,9000009953,Address 9953
9954,Telugu,Female,310411262,Name_9954,9000009954,Address 9954
9955,English,Male,310411262,Name_9955,9000009955,Address 9955
9956,Hindi,Female,310411262,Name_9956,9000009956,Address 9956
9957,Telugu,Male,310411262,Name_9957,9000009957,Address 9957
9958,English,Female,310411262,Name_9958,9000009958,Address 9958
9959,Hindi,Male,310411262,Name_9959,9000009959,Address 9959
9960,Telugu,Female,310411262,Name_9960,9000009960,Address 9960
9961,English,Male,310411262,Name_9961,9000009961,Address 9961
9962,Hindi,Female,310411262,Name_9962,9000009962,Address 9962
9963,Telugu,Male,310411262,Name_9963,9000009963,Address 9963
9964,English,Female,310411262,Name_9964,9000009964,Address 9964
9965,Hindi,Male,310411262,Name_9965,9000009965,Address 9965
9966,Telugu,Female,310411262,Name_9966,9000009966,Address 9966
9967,English,Male,310411263,Name_9967,9000009967,Address 9967
9968,Hindi,Female,310411263,Name_9968,9000009968,Address 9968
9969,Telugu,Male,310411263,Name_9969,9000009969,Address 9969
9970,English,Female,310411263,Name_9970,9000009970,Address 9970
9971,Hindi,Male,310411263,Name_9971,9000009971,Address 9971
9972,Telugu,Female,310411263,Name_9972,9000009972,Address 9972
9973,English,Male,310411263,Name_9973,9000009973,Address 9973
9974,Hindi,Female,310411263,Name_9974,9000009974,Address 9974
9975,Telugu,Male,310411263,Name_9975,9000009975,Address 9975
9976,English,Female,310411263,Name_9976,9000009976,Address 9976
9977,Hindi,Male,310411263,Name_9977,9000009977,Address 9977
9978,Telugu,Female,310411263,Name_9978,9000009978,Address 9978
9979,English,Male,310411263,Name_9979,9000009979,Address 9979
9980,Hindi,Female,310411263,Name_9980,9000009980,Address 9980
9981,Telugu,Male,310411263,Name_9981,9000009981,Address 9981
9982,English,Female,310411263,Name_9982,9000009982,Address 9982
9983,Hindi,Male,310411263,Name_9983,9000009983,Address 9983
9984,Telugu,Female,310411263,Name_9984,9000009984,Address 9984
9985,English,Male,310411263,Name_9985,9000009985,Address 9985
9986,Hindi,Female,310411263,Name_9986,9000009986,Address 9986
9987,Telugu,Male,310411263,Name_9987,9000009987,Address 9987
9988,English,Female,310411263,Name_9988,9000009988,Address 9988
9989,Hindi,Male,310411264,Name_9989,9000009989,Address 9989
9990,Telugu,Female,310411264,Name_9990,9000009990,Address 9990
9991,English,Male,310411264,Name_9991,9000009991,Address 9991
9992,Hindi,Female,310411264,Name_9992,9000009992,Address 9992
9993,Telugu,Male,310411264,Name_9993,9000009993,Address 9993
9994,English,Female,310411264,Name_9994,9000009994,Address 9994
9995,Hindi,Male,310411264,Name_9995,9000009995,Address 9995
9996,Telugu,Female,310411264,Name_9996,9000009996,Address 9996
9997,English,Male,310411264,Name_9997,9000009997,Address 9997
9998,Hindi,Female,310411264,Name_9998,9000009998,Address 9998
9999,Telugu,Male,310411264,Name_9999,9000009999,Address 9999
10000,English,Female,310411264,Name_10000,9000010000,Address 10000
10001,Hindi,Male,310411264,Name_10001,9000010001,Address 10001
10002,Telugu,Female,310411264,Name_10002,9000010002,Address 10002
10003,English,Male,310411264,Name_10003,9000010003,Address 10003
10004,Hindi,Female,310411264,Name_10004,9000010004,Address 10004
10005,Telugu,Male,310411264,Name_10005,9000010005,Address 10005
10006,English,Female,310411264,Name_10006,9000010006,Address 10006
10007,Hindi,Male,310411264,Name_10007,9000010007,Address 10007
10008,Telugu,Female,310411264,Name_10008,9000010008,Address 10008
10009,English,Male,310411264,Name_10009,9000010009,Address 10009
10010,Hindi,Female,310411264,Name_10010,9000010010,Address 10010
10011,Telugu,Male,310411265,Name_10011,9000010011,Address 10011
10012,English,Female,310411265,Name_10012,9000010012,Address 10012
10013,Hindi,Male,310411265,Name_10013,9000010013,Address 10013
10014,Telugu,Female,310411265,Name_10014,9000010014,Address 10014
10015,English,Male,310411265,Name_10015,9000010015,Address 10015
10016,Hindi,Female,310411265,Name_10016,9000010016,Address 10016
10017,Telugu,Male,310411265,Name_10017,9000010017,Address 10017
10018,English,Female,310411265,Name_10018,9000010018,Address 10018
10019,Hindi,Male,310411265,Name_10019,9000010019,Address 10019
10020,Telugu,Female,310411265,Name_10020,9000010020,Address 10020
10021,English,Male,310411265,Name_10021,9000010021,Address 10021
10022,Hindi,Female,310411265,Name_10022,9000010022,Address 10022
10023,Telugu,Male,310411265,Name_10023,9000010023,Address 10023
10024,English,Female,310411265,Name_10024,9000010024,Address 10024
10025,Hindi,Male,310411265,Name_10025,9000010025,Address 10025
10026,Telugu,Female,310411265,Name_10026,9000010026,Address 10026
10027,English,Male,310411265,Name_10027,9000010027,Address 10027
10028,Hindi,Female,310411265,Name_10028,9000010028,Address 10028
10029,Telugu,Male,310411265,Name_10029,9000010029,Address 10029
10030,English,Female,310411265,Name_10030,9000010030,Address 10030
10031,Hindi,Male,310411265,Name_10031,9000010031,Address 10031
10032,Telugu,Female,310411265,Name_10032,9000010032,Address 10032
10033,English,Male,310411266,Name_10033,9000010033,Address 10033
10034,Hindi,Female,310411266,Name_10034,9000010034,Address 10034
10035,Telugu,Male,310411266,Name_10035,9000010035,Address 10035
10036,English,Female,310411266,Name_10036,9000010036,Address 10036
10037,Hindi,Male,310411266,Name_10037,9000010037,Address 10037
10038,Telugu,Female,310411266,Name_10038,9000010038,Address 10038
10039,English,Male,310411266,Name_10039,9000010039,Address 10039
10040,Hindi,Female,310411266,Name_10040,9000010040,Address 10040
10041,Telugu,Male,310411266,Name_10041,9000010041,Address 10041
10042,English,Female,310411266,Name_10042,9000010042,Address 10042
10043,Hindi,Male,310411266,Name_10043,9000010043,Address 10043
10044,Telugu,Female,310411266,Name_10044,9000010044,Address 10044
10045,English,Male,310411266,Name_10045,9000010045,Address 10045
10046,Hindi,Female,310411266,Name_10046,9000010046,Address 10046
10047,Telugu,Male,310411266,Name_10047,9000010047,Address 10047
10048,English,Female,310411266,Name_10048,9000010048,Address 10048
10049,Hindi,Male,310411266,Name_10049,9000010049,Address 10049
10050,Telugu,Female,310411266,Name_10050,9000010050,Address 10050
10051,English,Male,310411266,Name_10051,9000010051,Address 10051
10052,Hindi,Female,310411266,Name_10052,9000010052,Address 10052
10053,Telugu,Male,310411266,Name_10053,9000010053,Address 10053
10054,English,Female,310411266,Name_10054,9000010054,Address 10054
10055,Hindi,Male,310411267,Name_10055,9000010055,Address 10055
10056,Telugu,Female,310411267,Name_10056,9000010056,Address 10056
10057,English,Male,310411267,Name_10057,9000010057,Address 10057
10058,Hindi,Female,310411267,Name_10058,9000010058,Address 10058
10059,Telugu,Male,310411267,Name_10059,9000010059,Address 10059
10060,English,Female,310411267,Name_10060,9000010060,Address 10060
10061,Hindi,Male,310411267,Name_10061,9000010061,Address 10061
10062,Telugu,Female,310411267,Name_10062,9000010062,Address 10062
10063,English,Male,310411267,Name_10063,9000010063,Address 10063
10064,Hindi,Female,310411267,Name_10064,9000010064,Address 10064
10065,Telugu,Male,310411267,Name_10065,9000010065,Address 10065
10066,English,Female,310411267,Name_10066,9000010066,Address 10066
10067,Hindi,Male,310411267,Name_10067,9000010067,Address 10067
10068,Telugu,Female,310411267,Name_10068,9000010068,Address 10068
10069,English,Male,310411267,Name_10069,9000010069,Address 10069
10070,Hindi,Female,310411267,Name_10070,9000010070,Address 10070
10071,Telugu,Male,310411267,Name_10071,9000010071,Address 10071
10072,English,Female,310411267,Name_10072,9000010072,Address 10072
10073,Hindi,Male,310411267,Name_10073,9000010073,Address 10073
10074,Telugu,Female,310411267,Name_10074,9000010074,Address 10074
10075,English,Male,310411267,Name_10075,9000010075,Address 10075
10076,Hindi,Female,310411267,Name_10076,9000010076,Address 10076
10077,Telugu,Male,310411275,Name_10077,9000010077,Address 10077
10078,English,Female,310411275,Name_10078,9000010078,Address 10078
10079,Hindi,Male,310411275,Name_10079,9000010079,Address 10079
10080,Telugu,Female,310411275,Name_10080,9000010080,Address 10080
10081,English,Male,310411275,Name_10081,9000010081,Address 10081
10082,Hindi,Female,310411275,Name_10082,9000010082,Address 10082
10083,Telugu,Male,310411275,Name_10083,9000010083,Address 10083
10084,English,Female,310411275,Name_10084,9000010084,Address 10084
10085,Hindi,Male,310411275,Name_10085,9000010085,Address 10085
10086,Telugu,Female,310411275,Name_10086,9000010086,Address 10086
10087,English,Male,310411275,Name_10087,9000010087,Address 10087
10088,Hindi,Female,310411275,Name_10088,9000010088,Address 10088
10089,Telugu,Male,310411275,Name_10089,9000010089,Address 10089
10090,English,Female,310411275,Name_10090,9000010090,Address 10090
10091,Hindi,Male,310411275,Name_10091,9000010091,Address 10091
10092,Telugu,Female,310411275,Name_10092,9000010092,Address 10092
10093,English,Male,310411275,Name_10093,9000010093,Address 10093
10094,Hindi,Female,310411275,Name_10094,9000010094,Address 10094
10095,Telugu,Male,310411275,Name_10095,9000010095,Address 10095
10096,English,Female,310411275,Name_10096,9000010096,Address 10096
10097,Hindi,Male,310411275,Name_10097,9000010097,Address 10097
10098,Telugu,Female,310411275,Name_10098,9000010098,Address 10098
10099,English,Male,310411276,Name_10099,9000010099,Address 10099
10100,Hindi,Female,310411276,Name_10100,9000010100,Address 10100
10101,Telugu,Male,310411276,Name_10101,9000010101,Address 10101
10102,English,Female,310411276,Name_10102,9000010102,Address 10102
10103,Hindi,Male,310411276,Name_10103,9000010103,Address 10103
10104,Telugu,Female,310411276,Name_10104,9000010104,Address 10104
10105,English,Male,310411276,Name_10105,9000010105,Address 10105
10106,Hindi,Female,310411276,Name_10106,9000010106,Address 10106
10107,Telugu,Male,310411276,Name_10107,9000010107,Address 10107
10108,English,Female,310411276,Name_10108,9000010108,Address 10108
10109,Hindi,Male,310411276,Name_10109,9000010109,Address 10109
10110,Telugu,Female,310411276,Name_10110,9000010110,Address 10110
10111,English,Male,310411276,Name_10111,9000010111,Address 10111
10112,Hindi,Female,310411276,Name_10112,9000010112,Address 10112
10113,Telugu,Male,310411276,Name_10113,9000010113,Address 10113
10114,English,Female,310411276,Name_10114,9000010114,Address 10114
10115,Hindi,Male,310411276,Name_10115,9000010115,Address 10115
10116,Telugu,Female,310411276,Name_10116,9000010116,Address 10116
10117,English,Male,310411276,Name_10117,9000010117,Address 10117
10118,Hindi,Female,310411276,Name_10118,9000010118,Address 10118
10119,Telugu,Male,310411276,Name_10119,9000010119,Address 10119
10120,English,Female,310411276,Name_10120,9000010120,Address 10120
10121,Hindi,Male,31041128,Name_10121,9000010121,Address 10121
10122,Telugu,Female,31041128,Name_10122,9000010122,Address 10122
10123,English,Male,31041128,Name_10123,9000010123,Address 10123
10124,Hindi,Female,31041128,Name_10124,9000010124,Address 10124
10125,Telugu,Male,31041128,Name_10125,9000010125,Address 10125
10126,English,Female,31041128,Name_10126,9000010126,Address 10126
10127,Hindi,Male,31041128,Name_10127,9000010127,Address 10127
10128,Telugu,Female,31041128,Name_10128,9000010128,Address 10128
10129,English,Male,31041128,Name_10129,9000010129,Address 10129
10130,Hindi,Female,31041128,Name_10130,9000010130,Address 10130
10131,Telugu,Male,31041128,Name_10131,9000010131,Address 10131
10132,English,Female,31041128,Name_10132,9000010132,Address 10132
10133,Hindi,Male,31041128,Name_10133,9000010133,Address 10133
10134,Telugu,Female,31041128,Name_10134,9000010134,Address 10134
10135,English,Male,31041128,Name_10135,9000010135,Address 10135
10136,Hindi,Female,31041128,Name_10136,9000010136,Address 10136
10137,Telugu,Male,31041128,Name_10137,9000010137,Address 10137
10138,English,Female,31041128,Name_10138,9000010138,Address 10138
10139,Hindi,Male,31041128,Name_10139,9000010139,Address 10139
10140,Telugu,Female,31041128,Name_10140,9000010140,Address 10140
10141,English,Male,31041128,Name_10141,9000010141,Address 10141
10142,Hindi,Female,31041128,Name_10142,9000010142,Address 10142
10143,Telugu,Male,31041129,Name_10143,9000010143,Address 10143
10144,English,Female,31041129,Name_10144,9000010144,Address 10144
10145,Hindi,Male,31041129,Name_10145,9000010145,Address 10145
10146,Telugu,Female,31041129,Name_10146,9000010146,Address 10146
10147,English,Male,31041129,Name_10147,9000010147,Address 10147
10148,Hindi,Female,31041129,Name_10148,9000010148,Address 10148
10149,Telugu,Male,31041129,Name_10149,9000010149,Address 10149
10150,English,Female,31041129,Name_10150,9000010150,Address 10150
10151,Hindi,Male,31041129,Name_10151,9000010151,Address 10151
10152,Telugu,Female,31041129,Name_10152,9000010152,Address 10152
10153,English,Male,31041129,Name_10153,9000010153,Address 10153
10154,Hindi,Female,31041129,Name_10154,9000010154,Address 10154
10155,Telugu,Male,31041129,Name_10155,9000010155,Address 10155
10156,English,Female,31041129,Name_10156,9000010156,Address 10156
10157,Hindi,Male,31041129,Name_10157,9000010157,Address 10157
10158,Telugu,Female,31041129,Name_10158,9000010158,Address 10158
10159,English,Male,31041129,Name_10159,9000010159,Address 10159
10160,Hindi,Female,31041129,Name_10160,9000010160,Address 10160
10161,Telugu,Male,31041129,Name_10161,9000010161,Address 10161
10162,English,Female,31041129,Name_10162,9000010162,Address 10162
10163,Hindi,Male,31041129,Name_10163,9000010163,Address 10163
10164,Telugu,Female,31041129,Name_10164,9000010164,Address 10164
10165,English,Male,3107108134,Name_10165,9000010165,Address 10165
10166,Hindi,Female,3107108134,Name_10166,9000010166,Address 10166
10167,Telugu,Male,3107108134,Name_10167,9000010167,Address 10167
10168,English,Female,3107108134,Name_10168,9000010168,Address 10168
10169,Hindi,Male,3107108134,Name_10169,9000010169,Address 10169
10170,Telugu,Female,3107108134,Name_10170,9000010170,Address 10170
10171,English,Male,3107108134,Name_10171,9000010171,Address 10171
10172,Hindi,Female,3107108134,Name_10172,9000010172,Address 10172
10173,Telugu,Male,3107108134,Name_10173,9000010173,Address 10173
10174,English,Female,3107108134,Name_10174,9000010174,Address 10174
10175,Hindi,Male,3107108134,Name_10175,9000010175,Address 10175
10176,Telugu,Female,3107108134,Name_10176,9000010176,Address 10176
10177,English,Male,3107108134,Name_10177,9000010177,Address 10177
10178,Hindi,Female,3107108134,Name_10178,9000010178,Address 10178
10179,Telugu,Male,3107108134,Name_10179,9000010179,Address 10179
10180,English,Female,3107108134,Name_10180,9000010180,Address 10180
10181,Hindi,Male,3107108134,Name_10181,9000010181,Address 10181
10182,Telugu,Female,3107108134,Name_10182,9000010182,Address 10182
10183,English,Male,3107108134,Name_10183,9000010183,Address 10183
10184,Hindi,Female,3107108134,Name_10184,9000010184,Address 10184
10185,Telugu,Male,3107108134,Name_10185,9000010185,Address 10185
10186,English,Female,3107108134,Name_10186,9000010186,Address 10186
10187,Hindi,Male,3107108160,Name_10187,9000010187,Address 10187
10188,Telugu,Female,3107108160,Name_10188,9000010188,Address 10188
10189,English,Male,3107108160,Name_10189,9000010189,Address 10189
10190,Hindi,Female,3107108160,Name_10190,9000010190,Address 10190
10191,Telugu,Male,3107108160,Name_10191,9000010191,Address 10191
10192,English,Female,3107108160,Name_10192,9000010192,Address 10192
10193,Hindi,Male,3107108160,Name_10193,9000010193,Address 10193
10194,Telugu,Female,3107108160,Name_10194,9000010194,Address 10194
10195,English,Male,3107108160,Name_10195,9000010195,Address 10195
10196,Hindi,Female,3107108160,Name_10196,9000010196,Address 10196
10197,Telugu,Male,3107108160,Name_10197,9000010197,Address 10197
10198,English,Female,3107108160,Name_10198,9000010198,Address 10198
10199,Hindi,Male,3107108160,Name_10199,9000010199,Address 10199
10200,Telugu,Female,3107108160,Name_10200,9000010200,Address 10200
10201,English,Male,3107108160,Name_10201,9000010201,Address 10201
10202,Hindi,Female,3107108160,Name_10202,9000010202,Address 10202
10203,Telugu,Male,3107108160,Name_10203,9000010203,Address 10203
10204,English,Female,3107108160,Name_10204,9000010204,Address 10204
10205,Hindi,Male,3107108160,Name_10205,9000010205,Address 10205
10206,Telugu,Female,3107108160,Name_10206,9000010206,Address 10206
10207,English,Male,3107108160,Name_10207,9000010207,Address 10207
10208,Hindi,Female,3107108160,Name_10208,9000010208,Address 10208
10209,Telugu,Male,3107108166,Name_10209,9000010209,Address 10209
10210,English,Female,3107108166,Name_10210,9000010210,Address 10210
10211,Hindi,Male,3107108166,Name_10211,9000010211,Address 10211
10212,Telugu,Female,3107108166,Name_10212,9000010212,Address 10212
10213,English,Male,3107108166,Name_10213,9000010213,Address 10213
10214,Hindi,Female,3107108166,Name_10214,9000010214,Address 10214
10215,Telugu,Male,3107108166,Name_10215,9000010215,Address 10215
10216,English,Female,3107108166,Name_10216,9000010216,Address 10216
10217,Hindi,Male,3107108166,Name_10217,9000010217,Address 10217
10218,Telugu,Female,3107108166,Name_10218,9000010218,Address 10218
10219,English,Male,3107108166,Name_10219,9000010219,Address 10219
10220,Hindi,Female,3107108166,Name_10220,9000010220,Address 10220
10221,Telugu,Male,3107108166,Name_10221,9000010221,Address 10221
10222,English,Female,3107108166,Name_10222,9000010222,Address 10222
10223,Hindi,Male,3107108166,Name_10223,9000010223,Address 10223
10224,Telugu,Female,3107108166,Name_10224,9000010224,Address 10224
10225,English,Male,3107108166,Name_10225,9000010225,Address 10225
10226,Hindi,Female,3107108166,Name_10226,9000010226,Address 10226
10227,Telugu,Male,3107108166,Name_10227,9000010227,Address 10227
10228,English,Female,3107108166,Name_10228,9000010228,Address 10228
10229,Hindi,Male,3107108166,Name_10229,9000010229,Address 10229
10230,Telugu,Female,3107108166,Name_10230,9000010230,Address 10230
10231,English,Male,3107108183,Name_10231,9000010231,Address 10231
10232,Hindi,Female,3107108183,Name_10232,9000010232,Address 10232
10233,Telugu,Male,3107108183,Name_10233,9000010233,Address 10233
10234,English,Female,3107108183,Name_10234,9000010234,Address 10234
10235,Hindi,Male,3107108183,Name_10235,9000010235,Address 10235
10236,Telugu,Female,3107108183,Name_10236,9000010236,Address 10236
10237,English,Male,3107108183,Name_10237,9000010237,Address 10237
10238,Hindi,Female,3107108183,Name_10238,9000010238,Address 10238
10239,Telugu,Male,3107108183,Name_10239,9000010239,Address 10239
10240,English,Female,3107108183,Name_10240,9000010240,Address 10240
10241,Hindi,Male,3107108183,Name_10241,9000010241,Address 10241
10242,Telugu,Female,3107108183,Name_10242,9000010242,Address 10242
10243,English,Male,3107108183,Name_10243,9000010243,Address 10243
10244,Hindi,Female,3107108183,Name_10244,9000010244,Address 10244
10245,Telugu,Male,3107108183,Name_10245,9000010245,Address 10245
10246,English,Female,3107108183,Name_10246,9000010246,Address 10246
10247,Hindi,Male,3107108183,Name_10247,9000010247,Address 10247
10248,Telugu,Female,3107108183,Name_10248,9000010248,Address 10248
10249,English,Male,3107108183,Name_10249,9000010249,Address 10249
10250,Hindi,Female,3107108183,Name_10250,9000010250,Address 10250
10251,Telugu,Male,3107108183,Name_10251,9000010251,Address 10251
10252,English,Female,3107108183,Name_10252,9000010252,Address 10252
10253,Hindi,Male,3108113271,Name_10253,9000010253,Address 10253
10254,Telugu,Female,3108113271,Name_10254,9000010254,Address 10254
10255,English,Male,3108113271,Name_10255,9000010255,Address 10255
10256,Hindi,Female,3108113271,Name_10256,9000010256,Address 10256
10257,Telugu,Male,3108113271,Name_10257,9000010257,Address 10257
10258,English,Female,3108113271,Name_10258,9000010258,Address 10258
10259,Hindi,Male,3108113271,Name_10259,9000010259,Address 10259
10260,Telugu,Female,3108113271,Name_10260,9000010260,Address 10260
10261,English,Male,3108113271,Name_10261,9000010261,Address 10261
10262,Hindi,Female,3108113271,Name_10262,9000010262,Address 10262
10263,Telugu,Male,3108113271,Name_10263,9000010263,Address 10263
10264,English,Female,3108113271,Name_10264,9000010264,Address 10264
10265,Hindi,Male,3108113271,Name_10265,9000010265,Address 10265
10266,Telugu,Female,3108113271,Name_10266,9000010266,Address 10266
10267,English,Male,3108113271,Name_10267,9000010267,Address 10267
10268,Hindi,Female,3108113271,Name_10268,9000010268,Address 10268
10269,Telugu,Male,3108113271,Name_10269,9000010269,Address 10269
10270,English,Female,3108113271,Name_10270,9000010270,Address 10270
10271,Hindi,Male,3108113271,Name_10271,9000010271,Address 10271
10272,Telugu,Female,3108113271,Name_10272,9000010272,Address 10272
10273,English,Male,3108113271,Name_10273,9000010273,Address 10273
10274,Hindi,Female,3108113271,Name_10274,9000010274,Address 10274
10275,Telugu,Male,3108113300,Name_10275,9000010275,Address 10275
10276,English,Female,3108113300,Name_10276,9000010276,Address 10276
10277,Hindi,Male,3108113300,Name_10277,9000010277,Address 10277
10278,Telugu,Female,3108113300,Name_10278,9000010278,Address 10278
10279,English,Male,3108113300,Name_10279,9000010279,Address 10279
10280,Hindi,Female,3108113300,Name_10280,9000010280,Address 10280
10281,Telugu,Male,3108113300,Name_10281,9000010281,Address 10281
10282,English,Female,3108113300,Name_10282,9000010282,Address 10282
10283,Hindi,Male,3108113300,Name_10283,9000010283,Address 10283
10284,Telugu,Female,3108113300,Name_10284,9000010284,Address 10284
10285,English,Male,3108113300,Name_10285,9000010285,Address 10285
10286,Hindi,Female,3108113300,Name_10286,9000010286,Address 10286
10287,Telugu,Male,3108113300,Name_10287,9000010287,Address 10287
10288,English,Female,3108113300,Name_10288,9000010288,Address 10288
10289,Hindi,Male,3108113300,Name_10289,9000010289,Address 10289
10290,Telugu,Female,3108113300,Name_10290,9000010290,Address 10290
10291,English,Male,3108113300,Name_10291,9000010291,Address 10291
10292,Hindi,Female,3108113300,Name_10292,9000010292,Address 10292
10293,Telugu,Male,3108113300,Name_10293,9000010293,Address 10293
10294,English,Female,3108113300,Name_10294,9000010294,Address 10294
10295,Hindi,Male,3108113300,Name_10295,9000010295,Address 10295
10296,Telugu,Female,3108113300,Name_10296,9000010296,Address 10296
10297,English,Male,3108113310,Name_10297,9000010297,Address 10297
10298,Hindi,Female,3108113310,Name_10298,9000010298,Address 10298
10299,Telugu,Male,3108113310,Name_10299,9000010299,Address 10299
10300,English,Female,3108113310,Name_10300,9000010300,Address 10300
10301,Hindi,Male,3108113310,Name_10301,9000010301,Address 10301
10302,Telugu,Female,3108113310,Name_10302,9000010302,Address 10302
10303,English,Male,3108113310,Name_10303,9000010303,Address 10303
10304,Hindi,Female,3108113310,Name_10304,9000010304,Address 10304
10305,Telugu,Male,3108113310,Name_10305,9000010305,Address 10305
10306,English,Female,3108113310,Name_10306,9000010306,Address 10306
10307,Hindi,Male,3108113310,Name_10307,9000010307,Address 10307
10308,Telugu,Female,3108113310,Name_10308,9000010308,Address 10308
10309,English,Male,3108113310,Name_10309,9000010309,Address 10309
10310,Hindi,Female,3108113310,Name_10310,9000010310,Address 10310
10311,Telugu,Male,3108113310,Name_10311,9000010311,Address 10311
10312,English,Female,3108113310,Name_10312,9000010312,Address 10312
10313,Hindi,Male,3108113310,Name_10313,9000010313,Address 10313
10314,Telugu,Female,3108113310,Name_10314,9000010314,Address 10314
10315,English,Male,3108113310,Name_10315,9000010315,Address 10315
10316,Hindi,Female,3108113310,Name_10316,9000010316,Address 10316
10317,Telugu,Male,3108113310,Name_10317,9000010317,Address 10317
10318,English,Female,3108113310,Name_10318,9000010318,Address 10318
10319,Hindi,Male,3108113312,Name_10319,9000010319,Address 10319
10320,Telugu,Female,3108113312,Name_10320,9000010320,Address 10320
10321,English,Male,3108113312,Name_10321,9000010321,Address 10321
10322,Hindi,Female,3108113312,Name_10322,9000010322,Address 10322
10323,Telugu,Male,3108113312,Name_10323,9000010323,Address 10323
10324,English,Female,3108113312,Name_10324,9000010324,Address 10324
10325,Hindi,Male,3108113312,Name_10325,9000010325,Address 10325
10326,Telugu,Female,3108113312,Name_10326,9000010326,Address 10326
10327,English,Male,3108113312,Name_10327,9000010327,Address 10327
10328,Hindi,Female,3108113312,Name_10328,9000010328,Address 10328
10329,Telugu,Male,3108113312,Name_10329,9000010329,Address 10329
10330,English,Female,3108113312,Name_10330,9000010330,Address 10330
10331,Hindi,Male,3108113312,Name_10331,9000010331,Address 10331
10332,Telugu,Female,3108113312,Name_10332,9000010332,Address 10332
10333,English,Male,3108113312,Name_10333,9000010333,Address 10333
10334,Hindi,Female,3108113312,Name_10334,9000010334,Address 10334
10335,Telugu,Male,3108113312,Name_10335,9000010335,Address 10335
10336,English,Female,3108113312,Name_10336,9000010336,Address 10336
10337,Hindi,Male,3108113312,Name_10337,9000010337,Address 10337
10338,Telugu,Female,3108113312,Name_10338,9000010338,Address 10338
10339,English,Male,3108113312,Name_10339,9000010339,Address 10339
10340,Hindi,Female,3108113312,Name_10340,9000010340,Address 10340
10341,Telugu,Male,3108113316,Name_10341,9000010341,Address 10341
10342,English,Female,3108113316,Name_10342,9000010342,Address 10342
10343,Hindi,Male,3108113316,Name_10343,9000010343,Address 10343
10344,Telugu,Female,3108113316,Name_10344,9000010344,Address 10344
10345,English,Male,3108113316,Name_10345,9000010345,Address 10345
10346,Hindi,Female,3108113316,Name_10346,9000010346,Address 10346
10347,Telugu,Male,3108113316,Name_10347,9000010347,Address 10347
10348,English,Female,3108113316,Name_10348,9000010348,Address 10348
10349,Hindi,Male,3108113316,Name_10349,9000010349,Address 10349
10350,Telugu,Female,3108113316,Name_10350,9000010350,Address 10350
10351,English,Male,3108113316,Name_10351,9000010351,Address 10351
10352,Hindi,Female,3108113316,Name_10352,9000010352,Address 10352
10353,Telugu,Male,3108113316,Name_10353,9000010353,Address 10353
10354,English,Female,3108113316,Name_10354,9000010354,Address 10354
10355,Hindi,Male,3108113316,Name_10355,9000010355,Address 10355
10356,Telugu,Female,3108113316,Name_10356,9000010356,Address 10356
10357,English,Male,3108113316,Name_10357,9000010357,Address 10357
10358,Hindi,Female,3108113316,Name_10358,9000010358,Address 10358
10359,Telugu,Male,3108113316,Name_10359,9000010359,Address 10359
10360,English,Female,3108113316,Name_10360,9000010360,Address 10360
10361,Hindi,Male,3108113316,Name_10361,9000010361,Address 10361
10362,Telugu,Female,3108113316,Name_10362,9000010362,Address 10362
10363,English,Male,331109241,Name_10363,9000010363,Address 10363
10364,Hindi,Female,331109241,Name_10364,9000010364,Address 10364
10365,Telugu,Male,331109241,Name_10365,9000010365,Address 10365
10366,English,Female,331109241,Name_10366,9000010366,Address 10366
10367,Hindi,Male,331109241,Name_10367,9000010367,Address 10367
10368,Telugu,Female,331109241,Name_10368,9000010368,Address 10368
10369,English,Male,331109241,Name_10369,9000010369,Address 10369
10370,Hindi,Female,331109241,Name_10370,9000010370,Address 10370
10371,Telugu,Male,331109241,Name_10371,9000010371,Address 10371
10372,English,Female,331109241,Name_10372,9000010372,Address 10372
10373,Hindi,Male,331109241,Name_10373,9000010373,Address 10373
10374,Telugu,Female,331109241,Name_10374,9000010374,Address 10374
10375,English,Male,331109241,Name_10375,9000010375,Address 10375
10376,Hindi,Female,331109241,Name_10376,9000010376,Address 10376
10377,Telugu,Male,331109241,Name_10377,9000010377,Address 10377
10378,English,Female,331109241,Name_10378,9000010378,Address 10378
10379,Hindi,Male,331109241,Name_10379,9000010379,Address 10379
10380,Telugu,Female,331109241,Name_10380,9000010380,Address 10380
10381,English,Male,331109241,Name_10381,9000010381,Address 10381
10382,Hindi,Female,331109241,Name_10382,9000010382,Address 10382
10383,Telugu,Male,331109241,Name_10383,9000010383,Address 10383
10384,English,Female,331109241,Name_10384,9000010384,Address 10384
10385,Hindi,Male,331109244,Name_10385,9000010385,Address 10385
10386,Telugu,Female,331109244,Name_10386,9000010386,Address 10386
10387,English,Male,331109244,Name_10387,9000010387,Address 10387
10388,Hindi,Female,331109244,Name_10388,9000010388,Address 10388
10389,Telugu,Male,331109244,Name_10389,9000010389,Address 10389
10390,English,Female,331109244,Name_10390,9000010390,Address 10390
10391,Hindi,Male,331109244,Name_10391,9000010391,Address 10391
10392,Telugu,Female,331109244,Name_10392,9000010392,Address 10392
10393,English,Male,331109244,Name_10393,9000010393,Address 10393
10394,Hindi,Female,331109244,Name_10394,9000010394,Address 10394
10395,Telugu,Male,331109244,Name_10395,9000010395,Address 10395
10396,English,Female,331109244,Name_10396,9000010396,Address 10396
10397,Hindi,Male,331109244,Name_10397,9000010397,Address 10397
10398,Telugu,Female,331109244,Name_10398,9000010398,Address 10398
10399,English,Male,331109244,Name_10399,9000010399,Address 10399
10400,Hindi,Female,331109244,Name_10400,9000010400,Address 10400
10401,Telugu,Male,331109244,Name_10401,9000010401,Address 10401
10402,English,Female,331109244,Name_10402,9000010402,Address 10402
10403,Hindi,Male,331109244,Name_10403,9000010403,Address 10403
10404,Telugu,Female,331109244,Name_10404,9000010404,Address 10404
10405,English,Male,331109244,Name_10405,9000010405,Address 10405
10406,Hindi,Female,331109244,Name_10406,9000010406,Address 10406
10407,Telugu,Male,331109249,Name_10407,9000010407,Address 10407
10408,English,Female,331109249,Name_10408,9000010408,Address 10408
10409,Hindi,Male,331109249,Name_10409,9000010409,Address 10409
10410,Telugu,Female,331109249,Name_10410,9000010410,Address 10410
10411,English,Male,331109249,Name_10411,9000010411,Address 10411
10412,Hindi,Female,331109249,Name_10412,9000010412,Address 10412
10413,Telugu,Male,331109249,Name_10413,9000010413,Address 10413
10414,English,Female,331109249,Name_10414,9000010414,Address 10414
10415,Hindi,Male,331109249,Name_10415,9000010415,Address 10415
10416,Telugu,Female,331109249,Name_10416,9000010416,Address 10416
10417,English,Male,331109249,Name_10417,9000010417,Address 10417
10418,Hindi,Female,331109249,Name_10418,9000010418,Address 10418
10419,Telugu,Male,331109249,Name_10419,9000010419,Address 10419
10420,English,Female,331109249,Name_10420,9000010420,Address 10420
10421,Hindi,Male,331109249,Name_10421,9000010421,Address 10421
10422,Telugu,Female,331109249,Name_10422,9000010422,Address 10422
10423,English,Male,331109249,Name_10423,9000010423,Address 10423
10424,Hindi,Female,331109249,Name_10424,9000010424,Address 10424
10425,Telugu,Male,331109249,Name_10425,9000010425,Address 10425
10426,English,Female,331109249,Name_10426,9000010426,Address 10426
10427,Hindi,Male,331109249,Name_10427,9000010427,Address 10427
10428,Telugu,Female,331109249,Name_10428,9000010428,Address 10428
10429,English,Male,331109267,Name_10429,9000010429,Address 10429
10430,Hindi,Female,331109267,Name_10430,9000010430,Address 10430
10431,Telugu,Male,331109267,Name_10431,9000010431,Address 10431
10432,English,Female,331109267,Name_10432,9000010432,Address 10432
10433,Hindi,Male,331109267,Name_10433,9000010433,Address 10433
10434,Telugu,Female,331109267,Name_10434,9000010434,Address 10434
10435,English,Male,331109267,Name_10435,9000010435,Address 10435
10436,Hindi,Female,331109267,Name_10436,9000010436,Address 10436
10437,Telugu,Male,331109267,Name_10437,9000010437,Address 10437
10438,English,Female,331109267,Name_10438,9000010438,Address 10438
10439,Hindi,Male,331109267,Name_10439,9000010439,Address 10439
10440,Telugu,Female,331109267,Name_10440,9000010440,Address 10440
10441,English,Male,331109267,Name_10441,9000010441,Address 10441
10442,Hindi,Female,331109267,Name_10442,9000010442,Address 10442
10443,Telugu,Male,331109267,Name_10443,9000010443,Address 10443
10444,English,Female,331109267,Name_10444,9000010444,Address 10444
10445,Hindi,Male,331109267,Name_10445,9000010445,Address 10445
10446,Telugu,Female,331109267,Name_10446,9000010446,Address 10446
10447,English,Male,331109267,Name_10447,9000010447,Address 10447
10448,Hindi,Female,331109267,Name_10448,9000010448,Address 10448
10449,Telugu,Male,331109267,Name_10449,9000010449,Address 10449
10450,English,Female,331109267,Name_10450,9000010450,Address 10450
10451,Hindi,Male,331109269,Name_10451,9000010451,Address 10451
10452,Telugu,Female,331109269,Name_10452,9000010452,Address 10452
10453,English,Male,331109269,Name_10453,9000010453,Address 10453
10454,Hindi,Female,331109269,Name_10454,9000010454,Address 10454
10455,Telugu,Male,331109269,Name_10455,9000010455,Address 10455
10456,English,Female,331109269,Name_10456,9000010456,Address 10456
10457,Hindi,Male,331109269,Name_10457,9000010457,Address 10457
10458,Telugu,Female,331109269,Name_10458,9000010458,Address 10458
10459,English,Male,331109269,Name_10459,9000010459,Address 10459
10460,Hindi,Female,331109269,Name_10460,9000010460,Address 10460
10461,Telugu,Male,331109269,Name_10461,9000010461,Address 10461
10462,English,Female,331109269,Name_10462,9000010462,Address 10462
10463,Hindi,Male,331109269,Name_10463,9000010463,Address 10463
10464,Telugu,Female,331109269,Name_10464,9000010464,Address 10464
10465,English,Male,331109269,Name_10465,9000010465,Address 10465
10466,Hindi,Female,331109269,Name_10466,9000010466,Address 10466
10467,Telugu,Male,331109269,Name_10467,9000010467,Address 10467
10468,English,Female,331109269,Name_10468,9000010468,Address 10468
10469,Hindi,Male,331109269,Name_10469,9000010469,Address 10469
10470,Telugu,Female,331109269,Name_10470,9000010470,Address 10470
10471,English,Male,331109269,Name_10471,9000010471,Address 10471
10472,Hindi,Female,331109269,Name_10472,9000010472,Address 10472
10473,Telugu,Male,331109278,Name_10473,9000010473,Address 10473
10474,English,Female,331109278,Name_10474,9000010474,Address 10474
10475,Hindi,Male,331109278,Name_10475,9000010475,Address 10475
10476,Telugu,Female,331109278,Name_10476,9000010476,Address 10476
10477,English,Male,331109278,Name_10477,9000010477,Address 10477
10478,Hindi,Female,331109278,Name_10478,9000010478,Address 10478
10479,Telugu,Male,331109278,Name_10479,9000010479,Address 10479
10480,English,Female,331109278,Name_10480,9000010480,Address 10480
10481,Hindi,Male,331109278,Name_10481,9000010481,Address 10481
10482,Telugu,Female,331109278,Name_10482,9000010482,Address 10482
10483,English,Male,331109278,Name_10483,9000010483,Address 10483
10484,Hindi,Female,331109278,Name_10484,9000010484,Address 10484
10485,Telugu,Male,331109278,Name_10485,9000010485,Address 10485
10486,English,Female,331109278,Name_10486,9000010486,Address 10486
10487,Hindi,Male,331109278,Name_10487,9000010487,Address 10487
10488,Telugu,Female,331109278,Name_10488,9000010488,Address 10488
10489,English,Male,331109278,Name_10489,9000010489,Address 10489
10490,Hindi,Female,331109278,Name_10490,9000010490,Address 10490
10491,Telugu,Male,331109278,Name_10491,9000010491,Address 10491
10492,English,Female,331109278,Name_10492,9000010492,Address 10492
10493,Hindi,Male,331109278,Name_10493,9000010493,Address 10493
10494,Telugu,Female,331109278,Name_10494,9000010494,Address 10494
10495,English,Male,331109281,Name_10495,9000010495,Address 10495
10496,Hindi,Female,331109281,Name_10496,9000010496,Address 10496
10497,Telugu,Male,331109281,Name_10497,9000010497,Address 10497
10498,English,Female,331109281,Name_10498,9000010498,Address 10498
10499,Hindi,Male,331109281,Name_10499,9000010499,Address 10499
10500,Telugu,Female,331109281,Name_10500,9000010500,Address 10500
10501,English,Male,331109281,Name_10501,9000010501,Address 10501
10502,Hindi,Female,331109281,Name_10502,9000010502,Address 10502
10503,Telugu,Male,331109281,Name_10503,9000010503,Address 10503
10504,English,Female,331109281,Name_10504,9000010504,Address 10504
10505,Hindi,Male,331109281,Name_10505,9000010505,Address 10505
10506,Telugu,Female,331109281,Name_10506,9000010506,Address 10506
10507,English,Male,331109281,Name_10507,9000010507,Address 10507
10508,Hindi,Female,331109281,Name_10508,9000010508,Address 10508
10509,Telugu,Male,331109281,Name_10509,9000010509,Address 10509
10510,English,Female,331109281,Name_10510,9000010510,Address 10510
10511,Hindi,Male,331109281,Name_10511,9000010511,Address 10511
10512,Telugu,Female,331109281,Name_10512,9000010512,Address 10512
10513,English,Male,331109281,Name_10513,9000010513,Address 10513
10514,Hindi,Female,331109281,Name_10514,9000010514,Address 10514
10515,Telugu,Male,331109281,Name_10515,9000010515,Address 10515
10516,English,Female,331109281,Name_10516,9000010516,Address 10516
10517,Hindi,Male,331109285,Name_10517,9000010517,Address 10517
10518,Telugu,Female,331109285,Name_10518,9000010518,Address 10518
10519,English,Male,331109285,Name_10519,9000010519,Address 10519
10520,Hindi,Female,331109285,Name_10520,9000010520,Address 10520
10521,Telugu,Male,331109285,Name_10521,9000010521,Address 10521
10522,English,Female,331109285,Name_10522,9000010522,Address 10522
10523,Hindi,Male,331109285,Name_10523,9000010523,Address 10523
10524,Telugu,Female,331109285,Name_10524,9000010524,Address 10524
10525,English,Male,331109285,Name_10525,9000010525,Address 10525
10526,Hindi,Female,331109285,Name_10526,9000010526,Address 10526
10527,Telugu,Male,331109285,Name_10527,9000010527,Address 10527
10528,English,Female,331109285,Name_10528,9000010528,Address 10528
10529,Hindi,Male,331109285,Name_10529,9000010529,Address 10529
10530,Telugu,Female,331109285,Name_10530,9000010530,Address 10530
10531,English,Male,331109285,Name_10531,9000010531,Address 10531
10532,Hindi,Female,331109285,Name_10532,9000010532,Address 10532
10533,Telugu,Male,331109285,Name_10533,9000010533,Address 10533
10534,English,Female,331109285,Name_10534,9000010534,Address 10534
10535,Hindi,Male,331109285,Name_10535,9000010535,Address 10535
10536,Telugu,Female,331109285,Name_10536,9000010536,Address 10536
10537,English,Male,331109285,Name_10537,9000010537,Address 10537
10538,Hindi,Female,331109285,Name_10538,9000010538,Address 10538
10539,Telugu,Male,331109294,Name_10539,9000010539,Address 10539
10540,English,Female,331109294,Name_10540,9000010540,Address 10540
10541,Hindi,Male,331109294,Name_10541,9000010541,Address 10541
10542,Telugu,Female,331109294,Name_10542,9000010542,Address 10542
10543,English,Male,331109294,Name_10543,9000010543,Address 10543
10544,Hindi,Female,331109294,Name_10544,9000010544,Address 10544
10545,Telugu,Male,331109294,Name_10545,9000010545,Address 10545
10546,English,Female,331109294,Name_10546,9000010546,Address 10546
10547,Hindi,Male,331109294,Name_10547,9000010547,Address 10547
10548,Telugu,Female,331109294,Name_10548,9000010548,Address 10548
10549,English,Male,331109294,Name_10549,9000010549,Address 10549
10550,Hindi,Female,331109294,Name_10550,9000010550,Address 10550
10551,Telugu,Male,331109294,Name_10551,9000010551,Address 10551
10552,English,Female,331109294,Name_10552,9000010552,Address 10552
10553,Hindi,Male,331109294,Name_10553,9000010553,Address 10553
10554,Telugu,Female,331109294,Name_10554,9000010554,Address 10554
10555,English,Male,331109294,Name_10555,9000010555,Address 10555
10556,Hindi,Female,331109294,Name_10556,9000010556,Address 10556
10557,Telugu,Male,331109294,Name_10557,9000010557,Address 10557
10558,English,Female,331109294,Name_10558,9000010558,Address 10558
10559,Hindi,Male,331109294,Name_10559,9000010559,Address 10559
10560,Telugu,Female,331109294,Name_10560,9000010560,Address 10560
10561,English,Male,332102214,Name_10561,9000010561,Address 10561
10562,Hindi,Female,332102214,Name_10562,9000010562,Address 10562
10563,Telugu,Male,332102214,Name_10563,9000010563,Address 10563
10564,English,Female,332102214,Name_10564,9000010564,Address 10564
10565,Hindi,Male,332102214,Name_10565,9000010565,Address 10565
10566,Telugu,Female,332102214,Name_10566,9000010566,Address 10566
10567,English,Male,332102214,Name_10567,9000010567,Address 10567
10568,Hindi,Female,332102214,Name_10568,9000010568,Address 10568
10569,Telugu,Male,332102214,Name_10569,9000010569,Address 10569
10570,English,Female,332102214,Name_10570,9000010570,Address 10570
10571,Hindi,Male,332102214,Name_10571,9000010571,Address 10571
10572,Telugu,Female,332102214,Name_10572,9000010572,Address 10572
10573,English,Male,332102214,Name_10573,9000010573,Address 10573
10574,Hindi,Female,332102214,Name_10574,9000010574,Address 10574
10575,Telugu,Male,332102214,Name_10575,9000010575,Address 10575
10576,English,Female,332102214,Name_10576,9000010576,Address 10576
10577,Hindi,Male,332102214,Name_10577,9000010577,Address 10577
10578,Telugu,Female,332102214,Name_10578,9000010578,Address 10578
10579,English,Male,332102214,Name_10579,9000010579,Address 10579
10580,Hindi,Female,332102214,Name_10580,9000010580,Address 10580
10581,Telugu,Male,332102214,Name_10581,9000010581,Address 10581
10582,English,Female,332102214,Name_10582,9000010582,Address 10582
10583,Hindi,Male,332102217,Name_10583,9000010583,Address 10583
10584,Telugu,Female,332102217,Name_10584,9000010584,Address 10584
10585,English,Male,332102217,Name_10585,9000010585,Address 10585
10586,Hindi,Female,332102217,Name_10586,9000010586,Address 10586
10587,Telugu,Male,332102217,Name_10587,9000010587,Address 10587
10588,English,Female,332102217,Name_10588,9000010588,Address 10588
10589,Hindi,Male,332102217,Name_10589,9000010589,Address 10589
10590,Telugu,Female,332102217,Name_10590,9000010590,Address 10590
10591,English,Male,332102217,Name_10591,9000010591,Address 10591
10592,Hindi,Female,332102217,Name_10592,9000010592,Address 10592
10593,Telugu,Male,332102217,Name_10593,9000010593,Address 10593
10594,English,Female,332102217,Name_10594,9000010594,Address 10594
10595,Hindi,Male,332102217,Name_10595,9000010595,Address 10595
10596,Telugu,Female,332102217,Name_10596,9000010596,Address 10596
10597,English,Male,332102217,Name_10597,9000010597,Address 10597
10598,Hindi,Female,332102217,Name_10598,9000010598,Address 10598
10599,Telugu,Male,332102217,Name_10599,9000010599,Address 10599
10600,English,Female,332102217,Name_10600,9000010600,Address 10600
10601,Hindi,Male,332102217,Name_10601,9000010601,Address 10601
10602,Telugu,Female,332102217,Name_10602,9000010602,Address 10602
10603,English,Male,332102217,Name_10603,9000010603,Address 10603
10604,Hindi,Female,332102217,Name_10604,9000010604,Address 10604
10605,Telugu,Male,332102223,Name_10605,9000010605,Address 10605
10606,English,Female,332102223,Name_10606,9000010606,Address 10606
10607,Hindi,Male,332102223,Name_10607,9000010607,Address 10607
10608,Telugu,Female,332102223,Name_10608,9000010608,Address 10608
10609,English,Male,332102223,Name_10609,9000010609,Address 10609
10610,Hindi,Female,332102223,Name_10610,9000010610,Address 10610
10611,Telugu,Male,332102223,Name_10611,9000010611,Address 10611
10612,English,Female,332102223,Name_10612,9000010612,Address 10612
10613,Hindi,Male,332102223,Name_10613,9000010613,Address 10613
10614,Telugu,Female,332102223,Name_10614,9000010614,Address 10614
10615,English,Male,332102223,Name_10615,9000010615,Address 10615
10616,Hindi,Female,332102223,Name_10616,9000010616,Address 10616
10617,Telugu,Male,332102223,Name_10617,9000010617,Address 10617
10618,English,Female,332102223,Name_10618,9000010618,Address 10618
10619,Hindi,Male,332102223,Name_10619,9000010619,Address 10619
10620,Telugu,Female,332102223,Name_10620,9000010620,Address 10620
10621,English,Male,332102223,Name_10621,9000010621,Address 10621
10622,Hindi,Female,332102223,Name_10622,9000010622,Address 10622
10623,Telugu,Male,332102223,Name_10623,9000010623,Address 10623
10624,English,Female,332102223,Name_10624,9000010624,Address 10624
10625,Hindi,Male,332102223,Name_10625,9000010625,Address 10625
10626,Telugu,Female,332102223,Name_10626,9000010626,Address 10626
10627,English,Male,332102230,Name_10627,9000010627,Address 10627
10628,Hindi,Female,332102230,Name_10628,9000010628,Address 10628
10629,Telugu,Male,332102230,Name_10629,9000010629,Address 10629
10630,English,Female,332102230,Name_10630,9000010630,Address 10630
10631,Hindi,Male,332102230,Name_10631,9000010631,Address 10631
10632,Telugu,Female,332102230,Name_10632,9000010632,Address 10632
10633,English,Male,332102230,Name_10633,9000010633,Address 10633
10634,Hindi,Female,332102230,Name_10634,9000010634,Address 10634
10635,Telugu,Male,332102230,Name_10635,9000010635,Address 10635
10636,English,Female,332102230,Name_10636,9000010636,Address 10636
10637,Hindi,Male,332102230,Name_10637,9000010637,Address 10637
10638,Telugu,Female,332102230,Name_10638,9000010638,Address 10638
10639,English,Male,332102230,Name_10639,9000010639,Address 10639
10640,Hindi,Female,332102230,Name_10640,9000010640,Address 10640
10641,Telugu,Male,332102230,Name_10641,9000010641,Address 10641
10642,English,Female,332102230,Name_10642,9000010642,Address 10642
10643,Hindi,Male,332102230,Name_10643,9000010643,Address 10643
10644,Telugu,Female,332102230,Name_10644,9000010644,Address 10644
10645,English,Male,332102230,Name_10645,9000010645,Address 10645
10646,Hindi,Female,332102230,Name_10646,9000010646,Address 10646
10647,Telugu,Male,332102230,Name_10647,9000010647,Address 10647
10648,English,Female,332102230,Name_10648,9000010648,Address 10648
10649,Hindi,Male,332102240,Name_10649,9000010649,Address 10649
10650,Telugu,Female,332102240,Name_10650,9000010650,Address 10650
10651,English,Male,332102240,Name_10651,9000010651,Address 10651
10652,Hindi,Female,332102240,Name_10652,9000010652,Address 10652
10653,Telugu,Male,332102240,Name_10653,9000010653,Address 10653
10654,English,Female,332102240,Name_10654,9000010654,Address 10654
10655,Hindi,Male,332102240,Name_10655,9000010655,Address 10655
10656,Telugu,Female,332102240,Name_10656,9000010656,Address 10656
10657,English,Male,332102240,Name_10657,9000010657,Address 10657
10658,Hindi,Female,332102240,Name_10658,9000010658,Address 10658
10659,Telugu,Male,332102240,Name_10659,9000010659,Address 10659
10660,English,Female,332102240,Name_10660,9000010660,Address 10660
10661,Hindi,Male,332102240,Name_10661,9000010661,Address 10661
10662,Telugu,Female,332102240,Name_10662,9000010662,Address 10662
10663,English,Male,332102240,Name_10663,9000010663,Address 10663
10664,Hindi,Female,332102240,Name_10664,9000010664,Address 10664
10665,Telugu,Male,332102240,Name_10665,9000010665,Address 10665
10666,English,Female,332102240,Name_10666,9000010666,Address 10666
10667,Hindi,Male,332102240,Name_10667,9000010667,Address 10667
10668,Telugu,Female,332102240,Name_10668,9000010668,Address 10668
10669,English,Male,332102240,Name_10669,9000010669,Address 10669
10670,Hindi,Female,332102240,Name_10670,9000010670,Address 10670
10671,Telugu,Male,332102267,Name_10671,9000010671,Address 10671
10672,English,Female,332102267,Name_10672,9000010672,Address 10672
10673,Hindi,Male,332102267,Name_10673,9000010673,Address 10673
10674,Telugu,Female,332102267,Name_10674,9000010674,Address 10674
10675,English,Male,332102267,Name_10675,9000010675,Address 10675
10676,Hindi,Female,332102267,Name_10676,9000010676,Address 10676
10677,Telugu,Male,332102267,Name_10677,9000010677,Address 10677
10678,English,Female,332102267,Name_10678,9000010678,Address 10678
10679,Hindi,Male,332102267,Name_10679,9000010679,Address 10679
10680,Telugu,Female,332102267,Name_10680,9000010680,Address 10680
10681,English,Male,332102267,Name_10681,9000010681,Address 10681
10682,Hindi,Female,332102267,Name_10682,9000010682,Address 10682
10683,Telugu,Male,332102267,Name_10683,9000010683,Address 10683
10684,English,Female,332102267,Name_10684,9000010684,Address 10684
10685,Hindi,Male,332102267,Name_10685,9000010685,Address 10685
10686,Telugu,Female,332102267,Name_10686,9000010686,Address 10686
10687,English,Male,332102267,Name_10687,9000010687,Address 10687
10688,Hindi,Female,332102267,Name_10688,9000010688,Address 10688
10689,Telugu,Male,332102267,Name_10689,9000010689,Address 10689
10690,English,Female,332102267,Name_10690,9000010690,Address 10690
10691,Hindi,Male,332102267,Name_10691,9000010691,Address 10691
10692,Telugu,Female,332102267,Name_10692,9000010692,Address 10692
10693,English,Male,332105268,Name_10693,9000010693,Address 10693
10694,Hindi,Female,332105268,Name_10694,9000010694,Address 10694
10695,Telugu,Male,332105268,Name_10695,9000010695,Address 10695
10696,English,Female,332105268,Name_10696,9000010696,Address 10696
10697,Hindi,Male,332105268,Name_10697,9000010697,Address 10697
10698,Telugu,Female,332105268,Name_10698,9000010698,Address 10698
10699,English,Male,332105268,Name_10699,9000010699,Address 10699
10700,Hindi,Female,332105268,Name_10700,9000010700,Address 10700
10701,Telugu,Male,332105268,Name_10701,9000010701,Address 10701
10702,English,Female,332105268,Name_10702,9000010702,Address 10702
10703,Hindi,Male,332105268,Name_10703,9000010703,Address 10703
10704,Telugu,Female,332105268,Name_10704,9000010704,Address 10704
10705,English,Male,332105268,Name_10705,9000010705,Address 10705
10706,Hindi,Female,332105268,Name_10706,9000010706,Address 10706
10707,Telugu,Male,332105268,Name_10707,9000010707,Address 10707
10708,English,Female,332105268,Name_10708,9000010708,Address 10708
10709,Hindi,Male,332105268,Name_10709,9000010709,Address 10709
10710,Telugu,Female,332105268,Name_10710,9000010710,Address 10710
10711,English,Male,332105268,Name_10711,9000010711,Address 10711
10712,Hindi,Female,332105268,Name_10712,9000010712,Address 10712
10713,Telugu,Male,332105268,Name_10713,9000010713,Address 10713
10714,English,Female,332105268,Name_10714,9000010714,Address 10714
10715,Hindi,Male,332105270,Name_10715,9000010715,Address 10715
10716,Telugu,Female,332105270,Name_10716,9000010716,Address 10716
10717,English,Male,332105270,Name_10717,9000010717,Address 10717
10718,Hindi,Female,332105270,Name_10718,9000010718,Address 10718
10719,Telugu,Male,332105270,Name_10719,9000010719,Address 10719
10720,English,Female,332105270,Name_10720,9000010720,Address 10720
10721,Hindi,Male,332105270,Name_10721,9000010721,Address 10721
10722,Telugu,Female,332105270,Name_10722,9000010722,Address 10722
10723,English,Male,332105270,Name_10723,9000010723,Address 10723
10724,Hindi,Female,332105270,Name_10724,9000010724,Address 10724
10725,Telugu,Male,332105270,Name_10725,9000010725,Address 10725
10726,English,Female,332105270,Name_10726,9000010726,Address 10726
10727,Hindi,Male,332105270,Name_10727,9000010727,Address 10727
10728,Telugu,Female,332105270,Name_10728,9000010728,Address 10728
10729,English,Male,332105270,Name_10729,9000010729,Address 10729
10730,Hindi,Female,332105270,Name_10730,9000010730,Address 10730
10731,Telugu,Male,332105270,Name_10731,9000010731,Address 10731
10732,English,Female,332105270,Name_10732,9000010732,Address 10732
10733,Hindi,Male,332105270,Name_10733,9000010733,Address 10733
10734,Telugu,Female,332105270,Name_10734,9000010734,Address 10734
10735,English,Male,332105270,Name_10735,9000010735,Address 10735
10736,Hindi,Female,332105270,Name_10736,9000010736,Address 10736
10737,Telugu,Male,332105272,Name_10737,9000010737,Address 10737
10738,English,Female,332105272,Name_10738,9000010738,Address 10738
10739,Hindi,Male,332105272,Name_10739,9000010739,Address 10739
10740,Telugu,Female,332105272,Name_10740,9000010740,Address 10740
10741,English,Male,332105272,Name_10741,9000010741,Address 10741
10742,Hindi,Female,332105272,Name_10742,9000010742,Address 10742
10743,Telugu,Male,332105272,Name_10743,9000010743,Address 10743
10744,English,Female,332105272,Name_10744,9000010744,Address 10744
10745,Hindi,Male,332105272,Name_10745,9000010745,Address 10745
10746,Telugu,Female,332105272,Name_10746,9000010746,Address 10746
10747,English,Male,332105272,Name_10747,9000010747,Address 10747
10748,Hindi,Female,332105272,Name_10748,9000010748,Address 10748
10749,Telugu,Male,332105272,Name_10749,9000010749,Address 10749
10750,English,Female,332105272,Name_10750,9000010750,Address 10750
10751,Hindi,Male,332105272,Name_10751,9000010751,Address 10751
10752,Telugu,Female,332105272,Name_10752,9000010752,Address 10752
10753,English,Male,332105272,Name_10753,9000010753,Address 10753
10754,Hindi,Female,332105272,Name_10754,9000010754,Address 10754
10755,Telugu,Male,332105272,Name_10755,9000010755,Address 10755
10756,English,Female,332105272,Name_10756,9000010756,Address 10756
10757,Hindi,Male,332105272,Name_10757,9000010757,Address 10757
10758,Telugu,Female,332105272,Name_10758,9000010758,Address 10758
10759,English,Male,332105276,Name_10759,9000010759,Address 10759
10760,Hindi,Female,332105276,Name_10760,9000010760,Address 10760
10761,Telugu,Male,332105276,Name_10761,9000010761,Address 10761
10762,English,Female,332105276,Name_10762,9000010762,Address 10762
10763,Hindi,Male,332105276,Name_10763,9000010763,Address 10763
10764,Telugu,Female,332105276,Name_10764,9000010764,Address 10764
10765,English,Male,332105276,Name_10765,9000010765,Address 10765
10766,Hindi,Female,332105276,Name_10766,9000010766,Address 10766
10767,Telugu,Male,332105276,Name_10767,9000010767,Address 10767
10768,English,Female,332105276,Name_10768,9000010768,Address 10768
10769,Hindi,Male,332105276,Name_10769,9000010769,Address 10769
10770,Telugu,Female,332105276,Name_10770,9000010770,Address 10770
10771,English,Male,332105276,Name_10771,9000010771,Address 10771
10772,Hindi,Female,332105276,Name_10772,9000010772,Address 10772
10773,Telugu,Male,332105276,Name_10773,9000010773,Address 10773
10774,English,Female,332105276,Name_10774,9000010774,Address 10774
10775,Hindi,Male,332105276,Name_10775,9000010775,Address 10775
10776,Telugu,Female,332105276,Name_10776,9000010776,Address 10776
10777,English,Male,332105276,Name_10777,9000010777,Address 10777
10778,Hindi,Female,332105276,Name_10778,9000010778,Address 10778
10779,Telugu,Male,332105276,Name_10779,9000010779,Address 10779
10780,English,Female,332105276,Name_10780,9000010780,Address 10780
10781,Hindi,Male,332105283,Name_10781,9000010781,Address 10781
10782,Telugu,Female,332105283,Name_10782,9000010782,Address 10782
10783,English,Male,332105283,Name_10783,9000010783,Address 10783
10784,Hindi,Female,332105283,Name_10784,9000010784,Address 10784
10785,Telugu,Male,332105283,Name_10785,9000010785,Address 10785
10786,English,Female,332105283,Name_10786,9000010786,Address 10786
10787,Hindi,Male,332105283,Name_10787,9000010787,Address 10787
10788,Telugu,Female,332105283,Name_10788,9000010788,Address 10788
10789,English,Male,332105283,Name_10789,9000010789,Address 10789
10790,Hindi,Female,332105283,Name_10790,9000010790,Address 10790
10791,Telugu,Male,332105283,Name_10791,9000010791,Address 10791
10792,English,Female,332105283,Name_10792,9000010792,Address 10792
10793,Hindi,Male,332105283,Name_10793,9000010793,Address 10793
10794,Telugu,Female,332105283,Name_10794,9000010794,Address 10794
10795,English,Male,332105283,Name_10795,9000010795,Address 10795
10796,Hindi,Female,332105283,Name_10796,9000010796,Address 10796
10797,Telugu,Male,332105283,Name_10797,9000010797,Address 10797
10798,English,Female,332105283,Name_10798,9000010798,Address 10798
10799,Hindi,Male,332105283,Name_10799,9000010799,Address 10799
10800,Telugu,Female,332105283,Name_10800,9000010800,Address 10800
10801,English,Male,332105283,Name_10801,9000010801,Address 10801
10802,Hindi,Female,332105283,Name_10802,9000010802,Address 10802
10803,Telugu,Male,332105288,Name_10803,9000010803,Address 10803
10804,English,Female,332105288,Name_10804,9000010804,Address 10804
10805,Hindi,Male,332105288,Name_10805,9000010805,Address 10805
10806,Telugu,Female,332105288,Name_10806,9000010806,Address 10806
10807,English,Male,332105288,Name_10807,9000010807,Address 10807
10808,Hindi,Female,332105288,Name_10808,9000010808,Address 10808
10809,Telugu,Male,332105288,Name_10809,9000010809,Address 10809
10810,English,Female,332105288,Name_10810,9000010810,Address 10810
10811,Hindi,Male,332105288,Name_10811,9000010811,Address 10811
10812,Telugu,Female,332105288,Name_10812,9000010812,Address 10812
10813,English,Male,332105288,Name_10813,9000010813,Address 10813
10814,Hindi,Female,332105288,Name_10814,9000010814,Address 10814
10815,Telugu,Male,332105288,Name_10815,9000010815,Address 10815
10816,English,Female,332105288,Name_10816,9000010816,Address 10816
10817,Hindi,Male,332105288,Name_10817,9000010817,Address 10817
10818,Telugu,Female,332105288,Name_10818,9000010818,Address 10818
10819,English,Male,332105288,Name_10819,9000010819,Address 10819
10820,Hindi,Female,332105288,Name_10820,9000010820,Address 10820
10821,Telugu,Male,332105288,Name_10821,9000010821,Address 10821
10822,English,Female,332105288,Name_10822,9000010822,Address 10822
10823,Hindi,Male,332105288,Name_10823,9000010823,Address 10823
10824,Telugu,Female,332105288,Name_10824,9000010824,Address 10824
10825,English,Male,39910420,Name_10825,9000010825,Address 10825
10826,Hindi,Female,39910420,Name_10826,9000010826,Address 10826
10827,Telugu,Male,39910420,Name_10827,9000010827,Address 10827
10828,English,Female,39910420,Name_10828,9000010828,Address 10828
10829,Hindi,Male,39910420,Name_10829,9000010829,Address 10829
10830,Telugu,Female,39910420,Name_10830,9000010830,Address 10830
10831,English,Male,39910420,Name_10831,9000010831,Address 10831
10832,Hindi,Female,39910420,Name_10832,9000010832,Address 10832
10833,Telugu,Male,39910420,Name_10833,9000010833,Address 10833
10834,English,Female,39910420,Name_10834,9000010834,Address 10834
10835,Hindi,Male,39910420,Name_10835,9000010835,Address 10835
10836,Telugu,Female,39910420,Name_10836,9000010836,Address 10836
10837,English,Male,39910420,Name_10837,9000010837,Address 10837
10838,Hindi,Female,39910420,Name_10838,9000010838,Address 10838
10839,Telugu,Male,39910420,Name_10839,9000010839,Address 10839
10840,English,Female,39910420,Name_10840,9000010840,Address 10840
10841,Hindi,Male,39910420,Name_10841,9000010841,Address 10841
10842,Telugu,Female,39910420,Name_10842,9000010842,Address 10842
10843,English,Male,39910420,Name_10843,9000010843,Address 10843
10844,Hindi,Female,39910420,Name_10844,9000010844,Address 10844
10845,Telugu,Male,39910420,Name_10845,9000010845,Address 10845
10846,English,Female,39910420,Name_10846,9000010846,Address 10846
10847,Hindi,Male,39910423,Name_10847,9000010847,Address 10847
10848,Telugu,Female,39910423,Name_10848,9000010848,Address 10848
10849,English,Male,39910423,Name_10849,9000010849,Address 10849
10850,Hindi,Female,39910423,Name_10850,9000010850,Address 10850
10851,Telugu,Male,39910423,Name_10851,9000010851,Address 10851
10852,English,Female,39910423,Name_10852,9000010852,Address 10852
10853,Hindi,Male,39910423,Name_10853,9000010853,Address 10853
10854,Telugu,Female,39910423,Name_10854,9000010854,Address 10854
10855,English,Male,39910423,Name_10855,9000010855,Address 10855
10856,Hindi,Female,39910423,Name_10856,9000010856,Address 10856
10857,Telugu,Male,39910423,Name_10857,9000010857,Address 10857
10858,English,Female,39910423,Name_10858,9000010858,Address 10858
10859,Hindi,Male,39910423,Name_10859,9000010859,Address 10859
10860,Telugu,Female,39910423,Name_10860,9000010860,Address 10860
10861,English,Male,39910423,Name_10861,9000010861,Address 10861
10862,Hindi,Female,39910423,Name_10862,9000010862,Address 10862
10863,Telugu,Male,39910423,Name_10863,9000010863,Address 10863
10864,English,Female,39910423,Name_10864,9000010864,Address 10864
10865,Hindi,Male,39910423,Name_10865,9000010865,Address 10865
10866,Telugu,Female,39910423,Name_10866,9000010866,Address 10866
10867,English,Male,39910423,Name_10867,9000010867,Address 10867
10868,Hindi,Female,39910423,Name_10868,9000010868,Address 10868
10869,Telugu,Male,39910426,Name_10869,9000010869,Address 10869
10870,English,Female,39910426,Name_10870,9000010870,Address 10870
10871,Hindi,Male,39910426,Name_10871,9000010871,Address 10871
10872,Telugu,Female,39910426,Name_10872,9000010872,Address 10872
10873,English,Male,39910426,Name_10873,9000010873,Address 10873
10874,Hindi,Female,39910426,Name_10874,9000010874,Address 10874
10875,Telugu,Male,39910426,Name_10875,9000010875,Address 10875
10876,English,Female,39910426,Name_10876,9000010876,Address 10876
10877,Hindi,Male,39910426,Name_10877,9000010877,Address 10877
10878,Telugu,Female,39910426,Name_10878,9000010878,Address 10878
10879,English,Male,39910426,Name_10879,9000010879,Address 10879
10880,Hindi,Female,39910426,Name_10880,9000010880,Address 10880
10881,Telugu,Male,39910426,Name_10881,9000010881,Address 10881
10882,English,Female,39910426,Name_10882,9000010882,Address 10882
10883,Hindi,Male,39910426,Name_10883,9000010883,Address 10883
10884,Telugu,Female,39910426,Name_10884,9000010884,Address 10884
10885,English,Male,39910426,Name_10885,9000010885,Address 10885
10886,Hindi,Female,39910426,Name_10886,9000010886,Address 10886
10887,Telugu,Male,39910426,Name_10887,9000010887,Address 10887
10888,English,Female,39910426,Name_10888,9000010888,Address 10888
10889,Hindi,Male,39910426,Name_10889,9000010889,Address 10889
10890,Telugu,Female,39910426,Name_10890,9000010890,Address 10890
10891,English,Male,39910440,Name_10891,9000010891,Address 10891
10892,Hindi,Female,39910440,Name_10892,9000010892,Address 10892
10893,Telugu,Male,39910440,Name_10893,9000010893,Address 10893
10894,English,Female,39910440,Name_10894,9000010894,Address 10894
10895,Hindi,Male,39910440,Name_10895,9000010895,Address 10895
10896,Telugu,Female,39910440,Name_10896,9000010896,Address 10896
10897,English,Male,39910440,Name_10897,9000010897,Address 10897
10898,Hindi,Female,39910440,Name_10898,9000010898,Address 10898
10899,Telugu,Male,39910440,Name_10899,9000010899,Address 10899
10900,English,Female,39910440,Name_10900,9000010900,Address 10900
10901,Hindi,Male,39910440,Name_10901,9000010901,Address 10901
10902,Telugu,Female,39910440,Name_10902,9000010902,Address 10902
10903,English,Male,39910440,Name_10903,9000010903,Address 10903
10904,Hindi,Female,39910440,Name_10904,9000010904,Address 10904
10905,Telugu,Male,39910440,Name_10905,9000010905,Address 10905
10906,English,Female,39910440,Name_10906,9000010906,Address 10906
10907,Hindi,Male,39910440,Name_10907,9000010907,Address 10907
10908,Telugu,Female,39910440,Name_10908,9000010908,Address 10908
10909,English,Male,39910440,Name_10909,9000010909,Address 10909
10910,Hindi,Female,39910440,Name_10910,9000010910,Address 10910
10911,Telugu,Male,39910440,Name_10911,9000010911,Address 10911
10912,English,Female,39910440,Name_10912,9000010912,Address 10912
10913,Hindi,Male,39910482,Name_10913,9000010913,Address 10913
10914,Telugu,Female,39910482,Name_10914,9000010914,Address 10914
10915,English,Male,39910482,Name_10915,9000010915,Address 10915
10916,Hindi,Female,39910482,Name_10916,9000010916,Address 10916
10917,Telugu,Male,39910482,Name_10917,9000010917,Address 10917
10918,English,Female,39910482,Name_10918,9000010918,Address 10918
10919,Hindi,Male,39910482,Name_10919,9000010919,Address 10919
10920,Telugu,Female,39910482,Name_10920,9000010920,Address 10920
10921,English,Male,39910482,Name_10921,9000010921,Address 10921
10922,Hindi,Female,39910482,Name_10922,9000010922,Address 10922
10923,Telugu,Male,39910482,Name_10923,9000010923,Address 10923
10924,English,Female,39910482,Name_10924,9000010924,Address 10924
10925,Hindi,Male,39910482,Name_10925,9000010925,Address 10925
10926,Telugu,Female,39910482,Name_10926,9000010926,Address 10926
10927,English,Male,39910482,Name_10927,9000010927,Address 10927
10928,Hindi,Female,39910482,Name_10928,9000010928,Address 10928
10929,Telugu,Male,39910482,Name_10929,9000010929,Address 10929
10930,English,Female,39910482,Name_10930,9000010930,Address 10930
10931,Hindi,Male,39910482,Name_10931,9000010931,Address 10931
10932,Telugu,Female,39910482,Name_10932,9000010932,Address 10932
10933,English,Male,39910482,Name_10933,9000010933,Address 10933
10934,Hindi,Female,39910482,Name_10934,9000010934,Address 10934
10935,Telugu,Male,39910499,Name_10935,9000010935,Address 10935
10936,English,Female,39910499,Name_10936,9000010936,Address 10936
10937,Hindi,Male,39910499,Name_10937,9000010937,Address 10937
10938,Telugu,Female,39910499,Name_10938,9000010938,Address 10938
10939,English,Male,39910499,Name_10939,9000010939,Address 10939
10940,Hindi,Female,39910499,Name_10940,9000010940,Address 10940
10941,Telugu,Male,39910499,Name_10941,9000010941,Address 10941
10942,English,Female,39910499,Name_10942,9000010942,Address 10942
10943,Hindi,Male,39910499,Name_10943,9000010943,Address 10943
10944,Telugu,Female,39910499,Name_10944,9000010944,Address 10944
10945,English,Male,39910499,Name_10945,9000010945,Address 10945
10946,Hindi,Female,39910499,Name_10946,9000010946,Address 10946
10947,Telugu,Male,39910499,Name_10947,9000010947,Address 10947
10948,English,Female,39910499,Name_10948,9000010948,Address 10948
10949,Hindi,Male,39910499,Name_10949,9000010949,Address 10949
10950,Telugu,Female,39910499,Name_10950,9000010950,Address 10950
10951,English,Male,39910499,Name_10951,9000010951,Address 10951
10952,Hindi,Female,39910499,Name_10952,9000010952,Address 10952
10953,Telugu,Male,39910499,Name_10953,9000010953,Address 10953
10954,English,Female,39910499,Name_10954,9000010954,Address 10954
10955,Hindi,Male,39910499,Name_10955,9000010955,Address 10955
10956,Telugu,Female,39910499,Name_10956,9000010956,Address 10956
10957,English,Male,399108171,Name_10957,9000010957,Address 10957
10958,Hindi,Female,399108171,Name_10958,9000010958,Address 10958
10959,Telugu,Male,399108171,Name_10959,9000010959,Address 10959
10960,English,Female,399108171,Name_10960,9000010960,Address 10960
10961,Hindi,Male,399108171,Name_10961,9000010961,Address 10961
10962,Telugu,Female,399108171,Name_10962,9000010962,Address 10962
10963,English,Male,399108171,Name_10963,9000010963,Address 10963
10964,Hindi,Female,399108171,Name_10964,9000010964,Address 10964
10965,Telugu,Male,399108171,Name_10965,9000010965,Address 10965
10966,English,Female,399108171,Name_10966,9000010966,Address 10966
10967,Hindi,Male,399108171,Name_10967,9000010967,Address 10967
10968,Telugu,Female,399108171,Name_10968,9000010968,Address 10968
10969,English,Male,399108171,Name_10969,9000010969,Address 10969
10970,Hindi,Female,399108171,Name_10970,9000010970,Address 10970
10971,Telugu,Male,399108171,Name_10971,9000010971,Address 10971
10972,English,Female,399108171,Name_10972,9000010972,Address 10972
10973,Hindi,Male,399108171,Name_10973,9000010973,Address 10973
10974,Telugu,Female,399108171,Name_10974,9000010974,Address 10974
10975,English,Male,399108171,Name_10975,9000010975,Address 10975
10976,Hindi,Female,399108171,Name_10976,9000010976,Address 10976
10977,Telugu,Male,399108171,Name_10977,9000010977,Address 10977
10978,English,Female,399108171,Name_10978,9000010978,Address 10978
10979,Hindi,Male,399108173,Name_10979,9000010979,Address 10979
10980,Telugu,Female,399108173,Name_10980,9000010980,Address 10980
10981,English,Male,399108173,Name_10981,9000010981,Address 10981
10982,Hindi,Female,399108173,Name_10982,9000010982,Address 10982
10983,Telugu,Male,399108173,Name_10983,9000010983,Address 10983
10984,English,Female,399108173,Name_10984,9000010984,Address 10984
10985,Hindi,Male,399108173,Name_10985,9000010985,Address 10985
10986,Telugu,Female,399108173,Name_10986,9000010986,Address 10986
10987,English,Male,399108173,Name_10987,9000010987,Address 10987
10988,Hindi,Female,399108173,Name_10988,9000010988,Address 10988
10989,Telugu,Male,399108173,Name_10989,9000010989,Address 10989
10990,English,Female,399108173,Name_10990,9000010990,Address 10990
10991,Hindi,Male,399108173,Name_10991,9000010991,Address 10991
10992,Telugu,Female,399108173,Name_10992,9000010992,Address 10992
10993,English,Male,399108173,Name_10993,9000010993,Address 10993
10994,Hindi,Female,399108173,Name_10994,9000010994,Address 10994
10995,Telugu,Male,399108173,Name_10995,9000010995,Address 10995
10996,English,Female,399108173,Name_10996,9000010996,Address 10996
10997,Hindi,Male,399108173,Name_10997,9000010997,Address 10997
10998,Telugu,Female,399108173,Name_10998,9000010998,Address 10998
10999,English,Male,399108173,Name_10999,9000010999,Address 10999
11000,Hindi,Female,399108173,Name_11000,9000011000,Address 11000
11001,Telugu,Male,39911414,Name_11001,9000011001,Address 11001
11002,English,Female,39911414,Name_11002,9000011002,Address 11002
11003,Hindi,Male,39911414,Name_11003,9000011003,Address 11003
11004,Telugu,Female,39911414,Name_11004,9000011004,Address 11004
11005,English,Male,39911414,Name_11005,9000011005,Address 11005
11006,Hindi,Female,39911414,Name_11006,9000011006,Address 11006
11007,Telugu,Male,39911414,Name_11007,9000011007,Address 11007
11008,English,Female,39911414,Name_11008,9000011008,Address 11008
11009,Hindi,Male,39911414,Name_11009,9000011009,Address 11009
11010,Telugu,Female,39911414,Name_11010,9000011010,Address 11010
11011,English,Male,39911414,Name_11011,9000011011,Address 11011
11012,Hindi,Female,39911414,Name_11012,9000011012,Address 11012
11013,Telugu,Male,39911414,Name_11013,9000011013,Address 11013
11014,English,Female,39911414,Name_11014,9000011014,Address 11014
11015,Hindi,Male,39911414,Name_11015,9000011015,Address 11015
11016,Telugu,Female,39911414,Name_11016,9000011016,Address 11016
11017,English,Male,39911414,Name_11017,9000011017,Address 11017
11018,Hindi,Female,39911414,Name_11018,9000011018,Address 11018
11019,Telugu,Male,39911414,Name_11019,9000011019,Address 11019
11020,English,Female,39911414,Name_11020,9000011020,Address 11020
11021,Hindi,Male,39911414,Name_11021,9000011021,Address 11021
11022,Telugu,Female,39911414,Name_11022,9000011022,Address 11022
11023,English,Male,3991146,Name_11023,9000011023,Address 11023
11024,Hindi,Female,3991146,Name_11024,9000011024,Address 11024
11025,Telugu,Male,3991146,Name_11025,9000011025,Address 11025
11026,English,Female,3991146,Name_11026,9000011026,Address 11026
11027,Hindi,Male,3991146,Name_11027,9000011027,Address 11027
11028,Telugu,Female,3991146,Name_11028,9000011028,Address 11028
11029,English,Male,3991146,Name_11029,9000011029,Address 11029
11030,Hindi,Female,3991146,Name_11030,9000011030,Address 11030
11031,Telugu,Male,3991146,Name_11031,9000011031,Address 11031
11032,English,Female,3991146,Name_11032,9000011032,Address 11032
11033,Hindi,Male,3991146,Name_11033,9000011033,Address 11033
11034,Telugu,Female,3991146,Name_11034,9000011034,Address 11034
11035,English,Male,3991146,Name_11035,9000011035,Address 11035
11036,Hindi,Female,3991146,Name_11036,9000011036,Address 11036
11037,Telugu,Male,3991146,Name_11037,9000011037,Address 11037
11038,English,Female,3991146,Name_11038,9000011038,Address 11038
11039,Hindi,Male,3991146,Name_11039,9000011039,Address 11039
11040,Telugu,Female,3991146,Name_11040,9000011040,Address 11040
11041,English,Male,3991146,Name_11041,9000011041,Address 11041
11042,Hindi,Female,3991146,Name_11042,9000011042,Address 11042
11043,Telugu,Male,3991146,Name_11043,9000011043,Address 11043
11044,English,Female,3991146,Name_11044,9000011044,Address 11044
11045,Hindi,Male,3991149,Name_11045,9000011045,Address 11045
11046,Telugu,Female,3991149,Name_11046,9000011046,Address 11046
11047,English,Male,3991149,Name_11047,9000011047,Address 11047
11048,Hindi,Female,3991149,Name_11048,9000011048,Address 11048
11049,Telugu,Male,3991149,Name_11049,9000011049,Address 11049
11050,English,Female,3991149,Name_11050,9000011050,Address 11050
11051,Hindi,Male,3991149,Name_11051,9000011051,Address 11051
11052,Telugu,Female,3991149,Name_11052,9000011052,Address 11052
11053,English,Male,3991149,Name_11053,9000011053,Address 11053
11054,Hindi,Female,3991149,Name_11054,9000011054,Address 11054
11055,Telugu,Male,3991149,Name_11055,9000011055,Address 11055
11056,English,Female,3991149,Name_11056,9000011056,Address 11056
11057,Hindi,Male,3991149,Name_11057,9000011057,Address 11057
11058,Telugu,Female,3991149,Name_11058,9000011058,Address 11058
11059,English,Male,3991149,Name_11059,9000011059,Address 11059
11060,Hindi,Female,3991149,Name_11060,9000011060,Address 11060
11061,Telugu,Male,3991149,Name_11061,9000011061,Address 11061
11062,English,Female,3991149,Name_11062,9000011062,Address 11062
11063,Hindi,Male,3991149,Name_11063,9000011063,Address 11063
11064,Telugu,Female,3991149,Name_11064,9000011064,Address 11064
11065,English,Male,3991149,Name_11065,9000011065,Address 11065
11066,Hindi,Female,3991149,Name_11066,9000011066,Address 11066
11067,Telugu,Male,52010510,Name_11067,9000011067,Address 11067
11068,English,Female,52010510,Name_11068,9000011068,Address 11068
11069,Hindi,Male,52010510,Name_11069,9000011069,Address 11069
11070,Telugu,Female,52010510,Name_11070,9000011070,Address 11070
11071,English,Male,52010510,Name_11071,9000011071,Address 11071
11072,Hindi,Female,52010510,Name_11072,9000011072,Address 11072
11073,Telugu,Male,52010510,Name_11073,9000011073,Address 11073
11074,English,Female,52010510,Name_11074,9000011074,Address 11074
11075,Hindi,Male,52010510,Name_11075,9000011075,Address 11075
11076,Telugu,Female,52010510,Name_11076,9000011076,Address 11076
11077,English,Male,52010510,Name_11077,9000011077,Address 11077
11078,Hindi,Female,52010510,Name_11078,9000011078,Address 11078
11079,Telugu,Male,52010510,Name_11079,9000011079,Address 11079
11080,English,Female,52010510,Name_11080,9000011080,Address 11080
11081,Hindi,Male,52010510,Name_11081,9000011081,Address 11081
11082,Telugu,Female,52010510,Name_11082,9000011082,Address 11082
11083,English,Male,52010510,Name_11083,9000011083,Address 11083
11084,Hindi,Female,52010510,Name_11084,9000011084,Address 11084
11085,Telugu,Male,52010510,Name_11085,9000011085,Address 11085
11086,English,Female,52010510,Name_11086,9000011086,Address 11086
11087,Hindi,Male,52010510,Name_11087,9000011087,Address 11087
11088,Telugu,Female,52010510,Name_11088,9000011088,Address 11088
11089,English,Male,52010511,Name_11089,9000011089,Address 11089
11090,Hindi,Female,52010511,Name_11090,9000011090,Address 11090
11091,Telugu,Male,52010511,Name_11091,9000011091,Address 11091
11092,English,Female,52010511,Name_11092,9000011092,Address 11092
11093,Hindi,Male,52010511,Name_11093,9000011093,Address 11093
11094,Telugu,Female,52010511,Name_11094,9000011094,Address 11094
11095,English,Male,52010511,Name_11095,9000011095,Address 11095
11096,Hindi,Female,52010511,Name_11096,9000011096,Address 11096
11097,Telugu,Male,52010511,Name_11097,9000011097,Address 11097
11098,English,Female,52010511,Name_11098,9000011098,Address 11098
11099,Hindi,Male,52010511,Name_11099,9000011099,Address 11099
11100,Telugu,Female,52010511,Name_11100,9000011100,Address 11100
11101,English,Male,52010511,Name_11101,9000011101,Address 11101
11102,Hindi,Female,52010511,Name_11102,9000011102,Address 11102
11103,Telugu,Male,52010511,Name_11103,9000011103,Address 11103
11104,English,Female,52010511,Name_11104,9000011104,Address 11104
11105,Hindi,Male,52010511,Name_11105,9000011105,Address 11105
11106,Telugu,Female,52010511,Name_11106,9000011106,Address 11106
11107,English,Male,52010511,Name_11107,9000011107,Address 11107
11108,Hindi,Female,52010511,Name_11108,9000011108,Address 11108
11109,Telugu,Male,52010511,Name_11109,9000011109,Address 11109
11110,English,Female,52010511,Name_11110,9000011110,Address 11110
11111,Hindi,Male,52010518,Name_11111,9000011111,Address 11111
11112,Telugu,Female,52010518,Name_11112,9000011112,Address 11112
11113,English,Male,52010518,Name_11113,9000011113,Address 11113
11114,Hindi,Female,52010518,Name_11114,9000011114,Address 11114
11115,Telugu,Male,52010518,Name_11115,9000011115,Address 11115
11116,English,Female,52010518,Name_11116,9000011116,Address 11116
11117,Hindi,Male,52010518,Name_11117,9000011117,Address 11117
11118,Telugu,Female,52010518,Name_11118,9000011118,Address 11118
11119,English,Male,52010518,Name_11119,9000011119,Address 11119
11120,Hindi,Female,52010518,Name_11120,9000011120,Address 11120
11121,Telugu,Male,52010518,Name_11121,9000011121,Address 11121
11122,English,Female,52010518,Name_11122,9000011122,Address 11122
11123,Hindi,Male,52010518,Name_11123,9000011123,Address 11123
11124,Telugu,Female,52010518,Name_11124,9000011124,Address 11124
11125,English,Male,52010518,Name_11125,9000011125,Address 11125
11126,Hindi,Female,52010518,Name_11126,9000011126,Address 11126
11127,Telugu,Male,52010518,Name_11127,9000011127,Address 11127
11128,English,Female,52010518,Name_11128,9000011128,Address 11128
11129,Hindi,Male,52010518,Name_11129,9000011129,Address 11129
11130,Telugu,Female,52010518,Name_11130,9000011130,Address 11130
11131,English,Male,52010518,Name_11131,9000011131,Address 11131
11132,Hindi,Female,52010518,Name_11132,9000011132,Address 11132
11133,Telugu,Male,52010520,Name_11133,9000011133,Address 11133
11134,English,Female,52010520,Name_11134,9000011134,Address 11134
11135,Hindi,Male,52010520,Name_11135,9000011135,Address 11135
11136,Telugu,Female,52010520,Name_11136,9000011136,Address 11136
11137,English,Male,52010520,Name_11137,9000011137,Address 11137
11138,Hindi,Female,52010520,Name_11138,9000011138,Address 11138
11139,Telugu,Male,52010520,Name_11139,9000011139,Address 11139
11140,English,Female,52010520,Name_11140,9000011140,Address 11140
11141,Hindi,Male,52010520,Name_11141,9000011141,Address 11141
11142,Telugu,Female,52010520,Name_11142,9000011142,Address 11142
11143,English,Male,52010520,Name_11143,9000011143,Address 11143
11144,Hindi,Female,52010520,Name_11144,9000011144,Address 11144
11145,Telugu,Male,52010520,Name_11145,9000011145,Address 11145
11146,English,Female,52010520,Name_11146,9000011146,Address 11146
11147,Hindi,Male,52010520,Name_11147,9000011147,Address 11147
11148,Telugu,Female,52010520,Name_11148,9000011148,Address 11148
11149,English,Male,52010520,Name_11149,9000011149,Address 11149
11150,Hindi,Female,52010520,Name_11150,9000011150,Address 11150
11151,Telugu,Male,52010520,Name_11151,9000011151,Address 11151
11152,English,Female,52010520,Name_11152,9000011152,Address 11152
11153,Hindi,Male,52010520,Name_11153,9000011153,Address 11153
11154,Telugu,Female,52010520,Name_11154,9000011154,Address 11154
11155,English,Male,52010531,Name_11155,9000011155,Address 11155
11156,Hindi,Female,52010531,Name_11156,9000011156,Address 11156
11157,Telugu,Male,52010531,Name_11157,9000011157,Address 11157
11158,English,Female,52010531,Name_11158,9000011158,Address 11158
11159,Hindi,Male,52010531,Name_11159,9000011159,Address 11159
11160,Telugu,Female,52010531,Name_11160,9000011160,Address 11160
11161,English,Male,52010531,Name_11161,9000011161,Address 11161
11162,Hindi,Female,52010531,Name_11162,9000011162,Address 11162
11163,Telugu,Male,52010531,Name_11163,9000011163,Address 11163
11164,English,Female,52010531,Name_11164,9000011164,Address 11164
11165,Hindi,Male,52010531,Name_11165,9000011165,Address 11165
11166,Telugu,Female,52010531,Name_11166,9000011166,Address 11166
11167,English,Male,52010531,Name_11167,9000011167,Address 11167
11168,Hindi,Female,52010531,Name_11168,9000011168,Address 11168
11169,Telugu,Male,52010531,Name_11169,9000011169,Address 11169
11170,English,Female,52010531,Name_11170,9000011170,Address 11170
11171,Hindi,Male,52010531,Name_11171,9000011171,Address 11171
11172,Telugu,Female,52010531,Name_11172,9000011172,Address 11172
11173,English,Male,52010531,Name_11173,9000011173,Address 11173
11174,Hindi,Female,52010531,Name_11174,9000011174,Address 11174
11175,Telugu,Male,52010531,Name_11175,9000011175,Address 11175
11176,English,Female,52010531,Name_11176,9000011176,Address 11176
11177,Hindi,Male,5201059,Name_11177,9000011177,Address 11177
11178,Telugu,Female,5201059,Name_11178,9000011178,Address 11178
11179,English,Male,5201059,Name_11179,9000011179,Address 11179
11180,Hindi,Female,5201059,Name_11180,9000011180,Address 11180
11181,Telugu,Male,5201059,Name_11181,9000011181,Address 11181
11182,English,Female,5201059,Name_11182,9000011182,Address 11182
11183,Hindi,Male,5201059,Name_11183,9000011183,Address 11183
11184,Telugu,Female,5201059,Name_11184,9000011184,Address 11184
11185,English,Male,5201059,Name_11185,9000011185,Address 11185
11186,Hindi,Female,5201059,Name_11186,9000011186,Address 11186
11187,Telugu,Male,5201059,Name_11187,9000011187,Address 11187
11188,English,Female,5201059,Name_11188,9000011188,Address 11188
11189,Hindi,Male,5201059,Name_11189,9000011189,Address 11189
11190,Telugu,Female,5201059,Name_11190,9000011190,Address 11190
11191,English,Male,5201059,Name_11191,9000011191,Address 11191
11192,Hindi,Female,5201059,Name_11192,9000011192,Address 11192
11193,Telugu,Male,5201059,Name_11193,9000011193,Address 11193
11194,English,Female,5201059,Name_11194,9000011194,Address 11194
11195,Hindi,Male,5201059,Name_11195,9000011195,Address 11195
11196,Telugu,Female,5201059,Name_11196,9000011196,Address 11196
11197,English,Male,5201059,Name_11197,9000011197,Address 11197
11198,Hindi,Female,5201059,Name_11198,9000011198,Address 11198
11199,Telugu,Male,52011251,Name_11199,9000011199,Address 11199
11200,English,Female,52011251,Name_11200,9000011200,Address 11200
11201,Hindi,Male,52011251,Name_11201,9000011201,Address 11201
11202,Telugu,Female,52011251,Name_11202,9000011202,Address 11202
11203,English,Male,52011251,Name_11203,9000011203,Address 11203
11204,Hindi,Female,52011251,Name_11204,9000011204,Address 11204
11205,Telugu,Male,52011251,Name_11205,9000011205,Address 11205
11206,English,Female,52011251,Name_11206,9000011206,Address 11206
11207,Hindi,Male,52011251,Name_11207,9000011207,Address 11207
11208,Telugu,Female,52011251,Name_11208,9000011208,Address 11208
11209,English,Male,52011251,Name_11209,9000011209,Address 11209
11210,Hindi,Female,52011251,Name_11210,9000011210,Address 11210
11211,Telugu,Male,52011251,Name_11211,9000011211,Address 11211
11212,English,Female,52011251,Name_11212,9000011212,Address 11212
11213,Hindi,Male,52011251,Name_11213,9000011213,Address 11213
11214,Telugu,Female,52011251,Name_11214,9000011214,Address 11214
11215,English,Male,52011251,Name_11215,9000011215,Address 11215
11216,Hindi,Female,52011251,Name_11216,9000011216,Address 11216
11217,Telugu,Male,52011251,Name_11217,9000011217,Address 11217
11218,English,Female,52011251,Name_11218,9000011218,Address 11218
11219,Hindi,Male,52011251,Name_11219,9000011219,Address 11219
11220,Telugu,Female,52011251,Name_11220,9000011220,Address 11220
11221,English,Male,52011252,Name_11221,9000011221,Address 11221
11222,Hindi,Female,52011252,Name_11222,9000011222,Address 11222
11223,Telugu,Male,52011252,Name_11223,9000011223,Address 11223
11224,English,Female,52011252,Name_11224,9000011224,Address 11224
11225,Hindi,Male,52011252,Name_11225,9000011225,Address 11225
11226,Telugu,Female,52011252,Name_11226,9000011226,Address 11226
11227,English,Male,52011252,Name_11227,9000011227,Address 11227
11228,Hindi,Female,52011252,Name_11228,9000011228,Address 11228
11229,Telugu,Male,52011252,Name_11229,9000011229,Address 11229
11230,English,Female,52011252,Name_11230,9000011230,Address 11230
11231,Hindi,Male,52011252,Name_11231,9000011231,Address 11231
11232,Telugu,Female,52011252,Name_11232,9000011232,Address 11232
11233,English,Male,52011252,Name_11233,9000011233,Address 11233
11234,Hindi,Female,52011252,Name_11234,9000011234,Address 11234
11235,Telugu,Male,52011252,Name_11235,9000011235,Address 11235
11236,English,Female,52011252,Name_11236,9000011236,Address 11236
11237,Hindi,Male,52011252,Name_11237,9000011237,Address 11237
11238,Telugu,Female,52011252,Name_11238,9000011238,Address 11238
11239,English,Male,52011252,Name_11239,9000011239,Address 11239
11240,Hindi,Female,52011252,Name_11240,9000011240,Address 11240
11241,Telugu,Male,52011252,Name_11241,9000011241,Address 11241
11242,English,Female,52011252,Name_11242,9000011242,Address 11242
11243,Hindi,Male,52011260,Name_11243,9000011243,Address 11243
11244,Telugu,Female,52011260,Name_11244,9000011244,Address 11244
11245,English,Male,52011260,Name_11245,9000011245,Address 11245
11246,Hindi,Female,52011260,Name_11246,9000011246,Address 11246
11247,Telugu,Male,52011260,Name_11247,9000011247,Address 11247
11248,English,Female,52011260,Name_11248,9000011248,Address 11248
11249,Hindi,Male,52011260,Name_11249,9000011249,Address 11249
11250,Telugu,Female,52011260,Name_11250,9000011250,Address 11250
11251,English,Male,52011260,Name_11251,9000011251,Address 11251
11252,Hindi,Female,52011260,Name_11252,9000011252,Address 11252
11253,Telugu,Male,52011260,Name_11253,9000011253,Address 11253
11254,English,Female,52011260,Name_11254,9000011254,Address 11254
11255,Hindi,Male,52011260,Name_11255,9000011255,Address 11255
11256,Telugu,Female,52011260,Name_11256,9000011256,Address 11256
11257,English,Male,52011260,Name_11257,9000011257,Address 11257
11258,Hindi,Female,52011260,Name_11258,9000011258,Address 11258
11259,Telugu,Male,52011260,Name_11259,9000011259,Address 11259
11260,English,Female,52011260,Name_11260,9000011260,Address 11260
11261,Hindi,Male,52011260,Name_11261,9000011261,Address 11261
11262,Telugu,Female,52011260,Name_11262,9000011262,Address 11262
11263,English,Male,52011260,Name_11263,9000011263,Address 11263
11264,Hindi,Female,52011260,Name_11264,9000011264,Address 11264
11265,Telugu,Male,52011263,Name_11265,9000011265,Address 11265
11266,English,Female,52011263,Name_11266,9000011266,Address 11266
11267,Hindi,Male,52011263,Name_11267,9000011267,Address 11267
11268,Telugu,Female,52011263,Name_11268,9000011268,Address 11268
11269,English,Male,52011263,Name_11269,9000011269,Address 11269
11270,Hindi,Female,52011263,Name_11270,9000011270,Address 11270
11271,Telugu,Male,52011263,Name_11271,9000011271,Address 11271
11272,English,Female,52011263,Name_11272,9000011272,Address 11272
11273,Hindi,Male,52011263,Name_11273,9000011273,Address 11273
11274,Telugu,Female,52011263,Name_11274,9000011274,Address 11274
11275,English,Male,52011263,Name_11275,9000011275,Address 11275
11276,Hindi,Female,52011263,Name_11276,9000011276,Address 11276
11277,Telugu,Male,52011263,Name_11277,9000011277,Address 11277
11278,English,Female,52011263,Name_11278,9000011278,Address 11278
11279,Hindi,Male,52011263,Name_11279,9000011279,Address 11279
11280,Telugu,Female,52011263,Name_11280,9000011280,Address 11280
11281,English,Male,52011263,Name_11281,9000011281,Address 11281
11282,Hindi,Female,52011263,Name_11282,9000011282,Address 11282
11283,Telugu,Male,52011263,Name_11283,9000011283,Address 11283
11284,English,Female,52011263,Name_11284,9000011284,Address 11284
11285,Hindi,Male,52011263,Name_11285,9000011285,Address 11285
11286,Telugu,Female,52011263,Name_11286,9000011286,Address 11286
11287,English,Male,52011267,Name_11287,9000011287,Address 11287
11288,Hindi,Female,52011267,Name_11288,9000011288,Address 11288
11289,Telugu,Male,52011267,Name_11289,9000011289,Address 11289
11290,English,Female,52011267,Name_11290,9000011290,Address 11290
11291,Hindi,Male,52011267,Name_11291,9000011291,Address 11291
11292,Telugu,Female,52011267,Name_11292,9000011292,Address 11292
11293,English,Male,52011267,Name_11293,9000011293,Address 11293
11294,Hindi,Female,52011267,Name_11294,9000011294,Address 11294
11295,Telugu,Male,52011267,Name_11295,9000011295,Address 11295
11296,English,Female,52011267,Name_11296,9000011296,Address 11296
11297,Hindi,Male,52011267,Name_11297,9000011297,Address 11297
11298,Telugu,Female,52011267,Name_11298,9000011298,Address 11298
11299,English,Male,52011267,Name_11299,9000011299,Address 11299
11300,Hindi,Female,52011267,Name_11300,9000011300,Address 11300
11301,Telugu,Male,52011267,Name_11301,9000011301,Address 11301
11302,English,Female,52011267,Name_11302,9000011302,Address 11302
11303,Hindi,Male,52011267,Name_11303,9000011303,Address 11303
11304,Telugu,Female,52011267,Name_11304,9000011304,Address 11304
11305,English,Male,52011267,Name_11305,9000011305,Address 11305
11306,Hindi,Female,52011267,Name_11306,9000011306,Address 11306
11307,Telugu,Male,52011267,Name_11307,9000011307,Address 11307
11308,English,Female,52011267,Name_11308,9000011308,Address 11308
11309,Hindi,Male,52011276,Name_11309,9000011309,Address 11309
11310,Telugu,Female,52011276,Name_11310,9000011310,Address 11310
11311,English,Male,52011276,Name_11311,9000011311,Address 11311
11312,Hindi,Female,52011276,Name_11312,9000011312,Address 11312
11313,Telugu,Male,52011276,Name_11313,9000011313,Address 11313
11314,English,Female,52011276,Name_11314,9000011314,Address 11314
11315,Hindi,Male,52011276,Name_11315,9000011315,Address 11315
11316,Telugu,Female,52011276,Name_11316,9000011316,Address 11316
11317,English,Male,52011276,Name_11317,9000011317,Address 11317
11318,Hindi,Female,52011276,Name_11318,9000011318,Address 11318
11319,Telugu,Male,52011276,Name_11319,9000011319,Address 11319
11320,English,Female,52011276,Name_11320,9000011320,Address 11320
11321,Hindi,Male,52011276,Name_11321,9000011321,Address 11321
11322,Telugu,Female,52011276,Name_11322,9000011322,Address 11322
11323,English,Male,52011276,Name_11323,9000011323,Address 11323
11324,Hindi,Female,52011276,Name_11324,9000011324,Address 11324
11325,Telugu,Male,52011276,Name_11325,9000011325,Address 11325
11326,English,Female,52011276,Name_11326,9000011326,Address 11326
11327,Hindi,Male,52011276,Name_11327,9000011327,Address 11327
11328,Telugu,Female,52011276,Name_11328,9000011328,Address 11328
11329,English,Male,52011276,Name_11329,9000011329,Address 11329
11330,Hindi,Female,52011276,Name_11330,9000011330,Address 11330
11331,Telugu,Male,52011284,Name_11331,9000011331,Address 11331
11332,English,Female,52011284,Name_11332,9000011332,Address 11332
11333,Hindi,Male,52011284,Name_11333,9000011333,Address 11333
11334,Telugu,Female,52011284,Name_11334,9000011334,Address 11334
11335,English,Male,52011284,Name_11335,9000011335,Address 11335
11336,Hindi,Female,52011284,Name_11336,9000011336,Address 11336
11337,Telugu,Male,52011284,Name_11337,9000011337,Address 11337
11338,English,Female,52011284,Name_11338,9000011338,Address 11338
11339,Hindi,Male,52011284,Name_11339,9000011339,Address 11339
11340,Telugu,Female,52011284,Name_11340,9000011340,Address 11340
11341,English,Male,52011284,Name_11341,9000011341,Address 11341
11342,Hindi,Female,52011284,Name_11342,9000011342,Address 11342
11343,Telugu,Male,52011284,Name_11343,9000011343,Address 11343
11344,English,Female,52011284,Name_11344,9000011344,Address 11344
11345,Hindi,Male,52011284,Name_11345,9000011345,Address 11345
11346,Telugu,Female,52011284,Name_11346,9000011346,Address 11346
11347,English,Male,52011284,Name_11347,9000011347,Address 11347
11348,Hindi,Female,52011284,Name_11348,9000011348,Address 11348
11349,Telugu,Male,52011284,Name_11349,9000011349,Address 11349
11350,English,Female,52011284,Name_11350,9000011350,Address 11350
11351,Hindi,Male,52011284,Name_11351,9000011351,Address 11351
11352,Telugu,Female,52011284,Name_11352,9000011352,Address 11352
11353,English,Male,52011285,Name_11353,9000011353,Address 11353
11354,Hindi,Female,52011285,Name_11354,9000011354,Address 11354
11355,Telugu,Male,52011285,Name_11355,9000011355,Address 11355
11356,English,Female,52011285,Name_11356,9000011356,Address 11356
11357,Hindi,Male,52011285,Name_11357,9000011357,Address 11357
11358,Telugu,Female,52011285,Name_11358,9000011358,Address 11358
11359,English,Male,52011285,Name_11359,9000011359,Address 11359
11360,Hindi,Female,52011285,Name_11360,9000011360,Address 11360
11361,Telugu,Male,52011285,Name_11361,9000011361,Address 11361
11362,English,Female,52011285,Name_11362,9000011362,Address 11362
11363,Hindi,Male,52011285,Name_11363,9000011363,Address 11363
11364,Telugu,Female,52011285,Name_11364,9000011364,Address 11364
11365,English,Male,52011285,Name_11365,9000011365,Address 11365
11366,Hindi,Female,52011285,Name_11366,9000011366,Address 11366
11367,Telugu,Male,52011285,Name_11367,9000011367,Address 11367
11368,English,Female,52011285,Name_11368,9000011368,Address 11368
11369,Hindi,Male,52011285,Name_11369,9000011369,Address 11369
11370,Telugu,Female,52011285,Name_11370,9000011370,Address 11370
11371,English,Male,52011285,Name_11371,9000011371,Address 11371
11372,Hindi,Female,52011285,Name_11372,9000011372,Address 11372
11373,Telugu,Male,52011285,Name_11373,9000011373,Address 11373
11374,English,Female,52011285,Name_11374,9000011374,Address 11374
11375,Hindi,Male,520114192,Name_11375,9000011375,Address 11375
11376,Telugu,Female,520114192,Name_11376,9000011376,Address 11376
11377,English,Male,520114192,Name_11377,9000011377,Address 11377
11378,Hindi,Female,520114192,Name_11378,9000011378,Address 11378
11379,Telugu,Male,520114192,Name_11379,9000011379,Address 11379
11380,English,Female,520114192,Name_11380,9000011380,Address 11380
11381,Hindi,Male,520114192,Name_11381,9000011381,Address 11381
11382,Telugu,Female,520114192,Name_11382,9000011382,Address 11382
11383,English,Male,520114192,Name_11383,9000011383,Address 11383
11384,Hindi,Female,520114192,Name_11384,9000011384,Address 11384
11385,Telugu,Male,520114192,Name_11385,9000011385,Address 11385
11386,English,Female,520114192,Name_11386,9000011386,Address 11386
11387,Hindi,Male,520114192,Name_11387,9000011387,Address 11387
11388,Telugu,Female,520114192,Name_11388,9000011388,Address 11388
11389,English,Male,520114192,Name_11389,9000011389,Address 11389
11390,Hindi,Female,520114192,Name_11390,9000011390,Address 11390
11391,Telugu,Male,520114192,Name_11391,9000011391,Address 11391
11392,English,Female,520114192,Name_11392,9000011392,Address 11392
11393,Hindi,Male,520114192,Name_11393,9000011393,Address 11393
11394,Telugu,Female,520114192,Name_11394,9000011394,Address 11394
11395,English,Male,520114192,Name_11395,9000011395,Address 11395
11396,Hindi,Female,520114192,Name_11396,9000011396,Address 11396
11397,Telugu,Male,520114195,Name_11397,9000011397,Address 11397
11398,English,Female,520114195,Name_11398,9000011398,Address 11398
11399,Hindi,Male,520114195,Name_11399,9000011399,Address 11399
11400,Telugu,Female,520114195,Name_11400,9000011400,Address 11400
11401,English,Male,520114195,Name_11401,9000011401,Address 11401
11402,Hindi,Female,520114195,Name_11402,9000011402,Address 11402
11403,Telugu,Male,520114195,Name_11403,9000011403,Address 11403
11404,English,Female,520114195,Name_11404,9000011404,Address 11404
11405,Hindi,Male,520114195,Name_11405,9000011405,Address 11405
11406,Telugu,Female,520114195,Name_11406,9000011406,Address 11406
11407,English,Male,520114195,Name_11407,9000011407,Address 11407
11408,Hindi,Female,520114195,Name_11408,9000011408,Address 11408
11409,Telugu,Male,520114195,Name_11409,9000011409,Address 11409
11410,English,Female,520114195,Name_11410,9000011410,Address 11410
11411,Hindi,Male,520114195,Name_11411,9000011411,Address 11411
11412,Telugu,Female,520114195,Name_11412,9000011412,Address 11412
11413,English,Male,520114195,Name_11413,9000011413,Address 11413
11414,Hindi,Female,520114195,Name_11414,9000011414,Address 11414
11415,Telugu,Male,520114195,Name_11415,9000011415,Address 11415
11416,English,Female,520114195,Name_11416,9000011416,Address 11416
11417,Hindi,Male,520114195,Name_11417,9000011417,Address 11417
11418,Telugu,Female,520114195,Name_11418,9000011418,Address 11418
11419,English,Male,520114205,Name_11419,9000011419,Address 11419
11420,Hindi,Female,520114205,Name_11420,9000011420,Address 11420
11421,Telugu,Male,520114205,Name_11421,9000011421,Address 11421
11422,English,Female,520114205,Name_11422,9000011422,Address 11422
11423,Hindi,Male,520114205,Name_11423,9000011423,Address 11423
11424,Telugu,Female,520114205,Name_11424,9000011424,Address 11424
11425,English,Male,520114205,Name_11425,9000011425,Address 11425
11426,Hindi,Female,520114205,Name_11426,9000011426,Address 11426
11427,Telugu,Male,520114205,Name_11427,9000011427,Address 11427
11428,English,Female,520114205,Name_11428,9000011428,Address 11428
11429,Hindi,Male,520114205,Name_11429,9000011429,Address 11429
11430,Telugu,Female,520114205,Name_11430,9000011430,Address 11430
11431,English,Male,520114205,Name_11431,9000011431,Address 11431
11432,Hindi,Female,520114205,Name_11432,9000011432,Address 11432
11433,Telugu,Male,520114205,Name_11433,9000011433,Address 11433
11434,English,Female,520114205,Name_11434,9000011434,Address 11434
11435,Hindi,Male,520114205,Name_11435,9000011435,Address 11435
11436,Telugu,Female,520114205,Name_11436,9000011436,Address 11436
11437,English,Male,520114205,Name_11437,9000011437,Address 11437
11438,Hindi,Female,520114205,Name_11438,9000011438,Address 11438
11439,Telugu,Male,520114205,Name_11439,9000011439,Address 11439
11440,English,Female,520114205,Name_11440,9000011440,Address 11440
11441,Hindi,Male,520114206,Name_11441,9000011441,Address 11441
11442,Telugu,Female,520114206,Name_11442,9000011442,Address 11442
11443,English,Male,520114206,Name_11443,9000011443,Address 11443
11444,Hindi,Female,520114206,Name_11444,9000011444,Address 11444
11445,Telugu,Male,520114206,Name_11445,9000011445,Address 11445
11446,English,Female,520114206,Name_11446,9000011446,Address 11446
11447,Hindi,Male,520114206,Name_11447,9000011447,Address 11447
11448,Telugu,Female,520114206,Name_11448,9000011448,Address 11448
11449,English,Male,520114206,Name_11449,9000011449,Address 11449
11450,Hindi,Female,520114206,Name_11450,9000011450,Address 11450
11451,Telugu,Male,520114206,Name_11451,9000011451,Address 11451
11452,English,Female,520114206,Name_11452,9000011452,Address 11452
11453,Hindi,Male,520114206,Name_11453,9000011453,Address 11453
11454,Telugu,Female,520114206,Name_11454,9000011454,Address 11454
11455,English,Male,520114206,Name_11455,9000011455,Address 11455
11456,Hindi,Female,520114206,Name_11456,9000011456,Address 11456
11457,Telugu,Male,520114206,Name_11457,9000011457,Address 11457
11458,English,Female,520114206,Name_11458,9000011458,Address 11458
11459,Hindi,Male,520114206,Name_11459,9000011459,Address 11459
11460,Telugu,Female,520114206,Name_11460,9000011460,Address 11460
11461,English,Male,520114206,Name_11461,9000011461,Address 11461
11462,Hindi,Female,520114206,Name_11462,9000011462,Address 11462
11463,Telugu,Male,520114211,Name_11463,9000011463,Address 11463
11464,English,Female,520114211,Name_11464,9000011464,Address 11464
11465,Hindi,Male,520114211,Name_11465,9000011465,Address 11465
11466,Telugu,Female,520114211,Name_11466,9000011466,Address 11466
11467,English,Male,520114211,Name_11467,9000011467,Address 11467
11468,Hindi,Female,520114211,Name_11468,9000011468,Address 11468
11469,Telugu,Male,520114211,Name_11469,9000011469,Address 11469
11470,English,Female,520114211,Name_11470,9000011470,Address 11470
11471,Hindi,Male,520114211,Name_11471,9000011471,Address 11471
11472,Telugu,Female,520114211,Name_11472,9000011472,Address 11472
11473,English,Male,520114211,Name_11473,9000011473,Address 11473
11474,Hindi,Female,520114211,Name_11474,9000011474,Address 11474
11475,Telugu,Male,520114211,Name_11475,9000011475,Address 11475
11476,English,Female,520114211,Name_11476,9000011476,Address 11476
11477,Hindi,Male,520114211,Name_11477,9000011477,Address 11477
11478,Telugu,Female,520114211,Name_11478,9000011478,Address 11478
11479,English,Male,520114211,Name_11479,9000011479,Address 11479
11480,Hindi,Female,520114211,Name_11480,9000011480,Address 11480
11481,Telugu,Male,520114211,Name_11481,9000011481,Address 11481
11482,English,Female,520114211,Name_11482,9000011482,Address 11482
11483,Hindi,Male,520114211,Name_11483,9000011483,Address 11483
11484,Telugu,Female,520114211,Name_11484,9000011484,Address 11484
11485,English,Male,520114216,Name_11485,9000011485,Address 11485
11486,Hindi,Female,520114216,Name_11486,9000011486,Address 11486
11487,Telugu,Male,520114216,Name_11487,9000011487,Address 11487
11488,English,Female,520114216,Name_11488,9000011488,Address 11488
11489,Hindi,Male,520114216,Name_11489,9000011489,Address 11489
11490,Telugu,Female,520114216,Name_11490,9000011490,Address 11490
11491,English,Male,520114216,Name_11491,9000011491,Address 11491
11492,Hindi,Female,520114216,Name_11492,9000011492,Address 11492
11493,Telugu,Male,520114216,Name_11493,9000011493,Address 11493
11494,English,Female,520114216,Name_11494,9000011494,Address 11494
11495,Hindi,Male,520114216,Name_11495,9000011495,Address 11495
11496,Telugu,Female,520114216,Name_11496,9000011496,Address 11496
11497,English,Male,520114216,Name_11497,9000011497,Address 11497
11498,Hindi,Female,520114216,Name_11498,9000011498,Address 11498
11499,Telugu,Male,520114216,Name_11499,9000011499,Address 11499
11500,English,Female,520114216,Name_11500,9000011500,Address 11500
11501,Hindi,Male,520114216,Name_11501,9000011501,Address 11501
11502,Telugu,Female,520114216,Name_11502,9000011502,Address 11502
11503,English,Male,520114216,Name_11503,9000011503,Address 11503
11504,Hindi,Female,520114216,Name_11504,9000011504,Address 11504
11505,Telugu,Male,520114216,Name_11505,9000011505,Address 11505
11506,English,Female,520114216,Name_11506,9000011506,Address 11506
11507,Hindi,Male,520114218,Name_11507,9000011507,Address 11507
11508,Telugu,Female,520114218,Name_11508,9000011508,Address 11508
11509,English,Male,520114218,Name_11509,9000011509,Address 11509
11510,Hindi,Female,520114218,Name_11510,9000011510,Address 11510
11511,Telugu,Male,520114218,Name_11511,9000011511,Address 11511
11512,English,Female,520114218,Name_11512,9000011512,Address 11512
11513,Hindi,Male,520114218,Name_11513,9000011513,Address 11513
11514,Telugu,Female,520114218,Name_11514,9000011514,Address 11514
11515,English,Male,520114218,Name_11515,9000011515,Address 11515
11516,Hindi,Female,520114218,Name_11516,9000011516,Address 11516
11517,Telugu,Male,520114218,Name_11517,9000011517,Address 11517
11518,English,Female,520114218,Name_11518,9000011518,Address 11518
11519,Hindi,Male,520114218,Name_11519,9000011519,Address 11519
11520,Telugu,Female,520114218,Name_11520,9000011520,Address 11520
11521,English,Male,520114218,Name_11521,9000011521,Address 11521
11522,Hindi,Female,520114218,Name_11522,9000011522,Address 11522
11523,Telugu,Male,520114218,Name_11523,9000011523,Address 11523
11524,English,Female,520114218,Name_11524,9000011524,Address 11524
11525,Hindi,Male,520114218,Name_11525,9000011525,Address 11525
11526,Telugu,Female,520114218,Name_11526,9000011526,Address 11526
11527,English,Male,520114218,Name_11527,9000011527,Address 11527
11528,Hindi,Female,520114218,Name_11528,9000011528,Address 11528
11529,Telugu,Male,520114221,Name_11529,9000011529,Address 11529
11530,English,Female,520114221,Name_11530,9000011530,Address 11530
11531,Hindi,Male,520114221,Name_11531,9000011531,Address 11531
11532,Telugu,Female,520114221,Name_11532,9000011532,Address 11532
11533,English,Male,520114221,Name_11533,9000011533,Address 11533
11534,Hindi,Female,520114221,Name_11534,9000011534,Address 11534
11535,Telugu,Male,520114221,Name_11535,9000011535,Address 11535
11536,English,Female,520114221,Name_11536,9000011536,Address 11536
11537,Hindi,Male,520114221,Name_11537,9000011537,Address 11537
11538,Telugu,Female,520114221,Name_11538,9000011538,Address 11538
11539,English,Male,520114221,Name_11539,9000011539,Address 11539
11540,Hindi,Female,520114221,Name_11540,9000011540,Address 11540
11541,Telugu,Male,520114221,Name_11541,9000011541,Address 11541
11542,English,Female,520114221,Name_11542,9000011542,Address 11542
11543,Hindi,Male,520114221,Name_11543,9000011543,Address 11543
11544,Telugu,Female,520114221,Name_11544,9000011544,Address 11544
11545,English,Male,520114221,Name_11545,9000011545,Address 11545
11546,Hindi,Female,520114221,Name_11546,9000011546,Address 11546
11547,Telugu,Male,520114221,Name_11547,9000011547,Address 11547
11548,English,Female,520114221,Name_11548,9000011548,Address 11548
11549,Hindi,Male,520114221,Name_11549,9000011549,Address 11549
11550,Telugu,Female,520114221,Name_11550,9000011550,Address 11550
11551,English,Male,520114222,Name_11551,9000011551,Address 11551
11552,Hindi,Female,520114222,Name_11552,9000011552,Address 11552
11553,Telugu,Male,520114222,Name_11553,9000011553,Address 11553
11554,English,Female,520114222,Name_11554,9000011554,Address 11554
11555,Hindi,Male,520114222,Name_11555,9000011555,Address 11555
11556,Telugu,Female,520114222,Name_11556,9000011556,Address 11556
11557,English,Male,520114222,Name_11557,9000011557,Address 11557
11558,Hindi,Female,520114222,Name_11558,9000011558,Address 11558
11559,Telugu,Male,520114222,Name_11559,9000011559,Address 11559
11560,English,Female,520114222,Name_11560,9000011560,Address 11560
11561,Hindi,Male,520114222,Name_11561,9000011561,Address 11561
11562,Telugu,Female,520114222,Name_11562,9000011562,Address 11562
11563,English,Male,520114222,Name_11563,9000011563,Address 11563
11564,Hindi,Female,520114222,Name_11564,9000011564,Address 11564
11565,Telugu,Male,520114222,Name_11565,9000011565,Address 11565
11566,English,Female,520114222,Name_11566,9000011566,Address 11566
11567,Hindi,Male,520114222,Name_11567,9000011567,Address 11567
11568,Telugu,Female,520114222,Name_11568,9000011568,Address 11568
11569,English,Male,520114222,Name_11569,9000011569,Address 11569
11570,Hindi,Female,520114222,Name_11570,9000011570,Address 11570
11571,Telugu,Male,520114222,Name_11571,9000011571,Address 11571
11572,English,Female,520114222,Name_11572,9000011572,Address 11572
11573,Hindi,Male,520114232,Name_11573,9000011573,Address 11573
11574,Telugu,Female,520114232,Name_11574,9000011574,Address 11574
11575,English,Male,520114232,Name_11575,9000011575,Address 11575
11576,Hindi,Female,520114232,Name_11576,9000011576,Address 11576
11577,Telugu,Male,520114232,Name_11577,9000011577,Address 11577
11578,English,Female,520114232,Name_11578,9000011578,Address 11578
11579,Hindi,Male,520114232,Name_11579,9000011579,Address 11579
11580,Telugu,Female,520114232,Name_11580,9000011580,Address 11580
11581,English,Male,520114232,Name_11581,9000011581,Address 11581
11582,Hindi,Female,520114232,Name_11582,9000011582,Address 11582
11583,Telugu,Male,520114232,Name_11583,9000011583,Address 11583
11584,English,Female,520114232,Name_11584,9000011584,Address 11584
11585,Hindi,Male,520114232,Name_11585,9000011585,Address 11585
11586,Telugu,Female,520114232,Name_11586,9000011586,Address 11586
11587,English,Male,520114232,Name_11587,9000011587,Address 11587
11588,Hindi,Female,520114232,Name_11588,9000011588,Address 11588
11589,Telugu,Male,520114232,Name_11589,9000011589,Address 11589
11590,English,Female,520114232,Name_11590,9000011590,Address 11590
11591,Hindi,Male,520114232,Name_11591,9000011591,Address 11591
11592,Telugu,Female,520114232,Name_11592,9000011592,Address 11592
11593,English,Male,520114232,Name_11593,9000011593,Address 11593
11594,Hindi,Female,520114232,Name_11594,9000011594,Address 11594
11595,Telugu,Male,520114237,Name_11595,9000011595,Address 11595
11596,English,Female,520114237,Name_11596,9000011596,Address 11596
11597,Hindi,Male,520114237,Name_11597,9000011597,Address 11597
11598,Telugu,Female,520114237,Name_11598,9000011598,Address 11598
11599,English,Male,520114237,Name_11599,9000011599,Address 11599
11600,Hindi,Female,520114237,Name_11600,9000011600,Address 11600
11601,Telugu,Male,520114237,Name_11601,9000011601,Address 11601
11602,English,Female,520114237,Name_11602,9000011602,Address 11602
11603,Hindi,Male,520114237,Name_11603,9000011603,Address 11603
11604,Telugu,Female,520114237,Name_11604,9000011604,Address 11604
11605,English,Male,520114237,Name_11605,9000011605,Address 11605
11606,Hindi,Female,520114237,Name_11606,9000011606,Address 11606
11607,Telugu,Male,520114237,Name_11607,9000011607,Address 11607
11608,English,Female,520114237,Name_11608,9000011608,Address 11608
11609,Hindi,Male,520114237,Name_11609,9000011609,Address 11609
11610,Telugu,Female,520114237,Name_11610,9000011610,Address 11610
11611,English,Male,520114237,Name_11611,9000011611,Address 11611
11612,Hindi,Female,520114237,Name_11612,9000011612,Address 11612
11613,Telugu,Male,520114237,Name_11613,9000011613,Address 11613
11614,English,Female,520114237,Name_11614,9000011614,Address 11614
11615,Hindi,Male,520114237,Name_11615,9000011615,Address 11615
11616,Telugu,Female,520114237,Name_11616,9000011616,Address 11616
11617,English,Male,520114238,Name_11617,9000011617,Address 11617
11618,Hindi,Female,520114238,Name_11618,9000011618,Address 11618
11619,Telugu,Male,520114238,Name_11619,9000011619,Address 11619
11620,English,Female,520114238,Name_11620,9000011620,Address 11620
11621,Hindi,Male,520114238,Name_11621,9000011621,Address 11621
11622,Telugu,Female,520114238,Name_11622,9000011622,Address 11622
11623,English,Male,520114238,Name_11623,9000011623,Address 11623
11624,Hindi,Female,520114238,Name_11624,9000011624,Address 11624
11625,Telugu,Male,520114238,Name_11625,9000011625,Address 11625
11626,English,Female,520114238,Name_11626,9000011626,Address 11626
11627,Hindi,Male,520114238,Name_11627,9000011627,Address 11627
11628,Telugu,Female,520114238,Name_11628,9000011628,Address 11628
11629,English,Male,520114238,Name_11629,9000011629,Address 11629
11630,Hindi,Female,520114238,Name_11630,9000011630,Address 11630
11631,Telugu,Male,520114238,Name_11631,9000011631,Address 11631
11632,English,Female,520114238,Name_11632,9000011632,Address 11632
11633,Hindi,Male,520114238,Name_11633,9000011633,Address 11633
11634,Telugu,Female,520114238,Name_11634,9000011634,Address 11634
11635,English,Male,520114238,Name_11635,9000011635,Address 11635
11636,Hindi,Female,520114238,Name_11636,9000011636,Address 11636
11637,Telugu,Male,520114238,Name_11637,9000011637,Address 11637
11638,English,Female,520114238,Name_11638,9000011638,Address 11638
11639,Hindi,Male,520114248,Name_11639,9000011639,Address 11639
11640,Telugu,Female,520114248,Name_11640,9000011640,Address 11640
11641,English,Male,520114248,Name_11641,9000011641,Address 11641
11642,Hindi,Female,520114248,Name_11642,9000011642,Address 11642
11643,Telugu,Male,520114248,Name_11643,9000011643,Address 11643
11644,English,Female,520114248,Name_11644,9000011644,Address 11644
11645,Hindi,Male,520114248,Name_11645,9000011645,Address 11645
11646,Telugu,Female,520114248,Name_11646,9000011646,Address 11646
11647,English,Male,520114248,Name_11647,9000011647,Address 11647
11648,Hindi,Female,520114248,Name_11648,9000011648,Address 11648
11649,Telugu,Male,520114248,Name_11649,9000011649,Address 11649
11650,English,Female,520114248,Name_11650,9000011650,Address 11650
11651,Hindi,Male,520114248,Name_11651,9000011651,Address 11651
11652,Telugu,Female,520114248,Name_11652,9000011652,Address 11652
11653,English,Male,520114248,Name_11653,9000011653,Address 11653
11654,Hindi,Female,520114248,Name_11654,9000011654,Address 11654
11655,Telugu,Male,520114248,Name_11655,9000011655,Address 11655
11656,English,Female,520114248,Name_11656,9000011656,Address 11656
11657,Hindi,Male,520114248,Name_11657,9000011657,Address 11657
11658,Telugu,Female,520114248,Name_11658,9000011658,Address 11658
11659,English,Male,520114248,Name_11659,9000011659,Address 11659
11660,Hindi,Female,520114248,Name_11660,9000011660,Address 11660
11661,Telugu,Male,520114257,Name_11661,9000011661,Address 11661
11662,English,Female,520114257,Name_11662,9000011662,Address 11662
11663,Hindi,Male,520114257,Name_11663,9000011663,Address 11663
11664,Telugu,Female,520114257,Name_11664,9000011664,Address 11664
11665,English,Male,520114257,Name_11665,9000011665,Address 11665
11666,Hindi,Female,520114257,Name_11666,9000011666,Address 11666
11667,Telugu,Male,520114257,Name_11667,9000011667,Address 11667
11668,English,Female,520114257,Name_11668,9000011668,Address 11668
11669,Hindi,Male,520114257,Name_11669,9000011669,Address 11669
11670,Telugu,Female,520114257,Name_11670,9000011670,Address 11670
11671,English,Male,520114257,Name_11671,9000011671,Address 11671
11672,Hindi,Female,520114257,Name_11672,9000011672,Address 11672
11673,Telugu,Male,520114257,Name_11673,9000011673,Address 11673
11674,English,Female,520114257,Name_11674,9000011674,Address 11674
11675,Hindi,Male,520114257,Name_11675,9000011675,Address 11675
11676,Telugu,Female,520114257,Name_11676,9000011676,Address 11676
11677,English,Male,520114257,Name_11677,9000011677,Address 11677
11678,Hindi,Female,520114257,Name_11678,9000011678,Address 11678
11679,Telugu,Male,520114257,Name_11679,9000011679,Address 11679
11680,English,Female,520114257,Name_11680,9000011680,Address 11680
11681,Hindi,Male,520114257,Name_11681,9000011681,Address 11681
11682,Telugu,Female,520114259,Name_11682,9000011682,Address 11682
11683,English,Male,520114259,Name_11683,9000011683,Address 11683
11684,Hindi,Female,520114259,Name_11684,9000011684,Address 11684
11685,Telugu,Male,520114259,Name_11685,9000011685,Address 11685
11686,English,Female,520114259,Name_11686,9000011686,Address 11686
11687,Hindi,Male,520114259,Name_11687,9000011687,Address 11687
11688,Telugu,Female,520114259,Name_11688,9000011688,Address 11688
11689,English,Male,520114259,Name_11689,9000011689,Address 11689
11690,Hindi,Female,520114259,Name_11690,9000011690,Address 11690
11691,Telugu,Male,520114259,Name_11691,9000011691,Address 11691
11692,English,Female,520114259,Name_11692,9000011692,Address 11692
11693,Hindi,Male,520114259,Name_11693,9000011693,Address 11693
11694,Telugu,Female,520114259,Name_11694,9000011694,Address 11694
11695,English,Male,520114259,Name_11695,9000011695,Address 11695
11696,Hindi,Female,520114259,Name_11696,9000011696,Address 11696
11697,Telugu,Male,520114259,Name_11697,9000011697,Address 11697
11698,English,Female,520114259,Name_11698,9000011698,Address 11698
11699,Hindi,Male,520114259,Name_11699,9000011699,Address 11699
11700,Telugu,Female,520114259,Name_11700,9000011700,Address 11700
11701,English,Male,520114259,Name_11701,9000011701,Address 11701
11702,Hindi,Female,520114259,Name_11702,9000011702,Address 11702
11703,Telugu,Male,52011446,Name_11703,9000011703,Address 11703
11704,English,Female,52011446,Name_11704,9000011704,Address 11704
11705,Hindi,Male,52011446,Name_11705,9000011705,Address 11705
11706,Telugu,Female,52011446,Name_11706,9000011706,Address 11706
11707,English,Male,52011446,Name_11707,9000011707,Address 11707
11708,Hindi,Female,52011446,Name_11708,9000011708,Address 11708
11709,Telugu,Male,52011446,Name_11709,9000011709,Address 11709
11710,English,Female,52011446,Name_11710,9000011710,Address 11710
11711,Hindi,Male,52011446,Name_11711,9000011711,Address 11711
11712,Telugu,Female,52011446,Name_11712,9000011712,Address 11712
11713,English,Male,52011446,Name_11713,9000011713,Address 11713
11714,Hindi,Female,52011446,Name_11714,9000011714,Address 11714
11715,Telugu,Male,52011446,Name_11715,9000011715,Address 11715
11716,English,Female,52011446,Name_11716,9000011716,Address 11716
11717,Hindi,Male,52011446,Name_11717,9000011717,Address 11717
11718,Telugu,Female,52011446,Name_11718,9000011718,Address 11718
11719,English,Male,52011446,Name_11719,9000011719,Address 11719
11720,Hindi,Female,52011446,Name_11720,9000011720,Address 11720
11721,Telugu,Male,52011446,Name_11721,9000011721,Address 11721
11722,English,Female,52011446,Name_11722,9000011722,Address 11722
11723,Hindi,Male,52011446,Name_11723,9000011723,Address 11723
11724,Telugu,Female,52110165,Name_11724,9000011724,Address 11724
11725,English,Male,52110165,Name_11725,9000011725,Address 11725
11726,Hindi,Female,52110165,Name_11726,9000011726,Address 11726
11727,Telugu,Male,52110165,Name_11727,9000011727,Address 11727
11728,English,Female,52110165,Name_11728,9000011728,Address 11728
11729,Hindi,Male,52110165,Name_11729,9000011729,Address 11729
11730,Telugu,Female,52110165,Name_11730,9000011730,Address 11730
11731,English,Male,52110165,Name_11731,9000011731,Address 11731
11732,Hindi,Female,52110165,Name_11732,9000011732,Address 11732
11733,Telugu,Male,52110165,Name_11733,9000011733,Address 11733
11734,English,Female,52110165,Name_11734,9000011734,Address 11734
11735,Hindi,Male,52110165,Name_11735,9000011735,Address 11735
11736,Telugu,Female,52110165,Name_11736,9000011736,Address 11736
11737,English,Male,52110165,Name_11737,9000011737,Address 11737
11738,Hindi,Female,52110165,Name_11738,9000011738,Address 11738
11739,Telugu,Male,52110165,Name_11739,9000011739,Address 11739
11740,English,Female,52110165,Name_11740,9000011740,Address 11740
11741,Hindi,Male,52110165,Name_11741,9000011741,Address 11741
11742,Telugu,Female,52110165,Name_11742,9000011742,Address 11742
11743,English,Male,52110165,Name_11743,9000011743,Address 11743
11744,Hindi,Female,52110165,Name_11744,9000011744,Address 11744
11745,Telugu,Male,52110166,Name_11745,9000011745,Address 11745
11746,English,Female,52110166,Name_11746,9000011746,Address 11746
11747,Hindi,Male,52110166,Name_11747,9000011747,Address 11747
11748,Telugu,Female,52110166,Name_11748,9000011748,Address 11748
11749,English,Male,52110166,Name_11749,9000011749,Address 11749
11750,Hindi,Female,52110166,Name_11750,9000011750,Address 11750
11751,Telugu,Male,52110166,Name_11751,9000011751,Address 11751
11752,English,Female,52110166,Name_11752,9000011752,Address 11752
11753,Hindi,Male,52110166,Name_11753,9000011753,Address 11753
11754,Telugu,Female,52110166,Name_11754,9000011754,Address 11754
11755,English,Male,52110166,Name_11755,9000011755,Address 11755
11756,Hindi,Female,52110166,Name_11756,9000011756,Address 11756
11757,Telugu,Male,52110166,Name_11757,9000011757,Address 11757
11758,English,Female,52110166,Name_11758,9000011758,Address 11758
11759,Hindi,Male,52110166,Name_11759,9000011759,Address 11759
11760,Telugu,Female,52110166,Name_11760,9000011760,Address 11760
11761,English,Male,52110166,Name_11761,9000011761,Address 11761
11762,Hindi,Female,52110166,Name_11762,9000011762,Address 11762
11763,Telugu,Male,52110166,Name_11763,9000011763,Address 11763
11764,English,Female,52110166,Name_11764,9000011764,Address 11764
11765,Hindi,Male,52110166,Name_11765,9000011765,Address 11765
11766,Telugu,Female,52110179,Name_11766,9000011766,Address 11766
11767,English,Male,52110179,Name_11767,9000011767,Address 11767
11768,Hindi,Female,52110179,Name_11768,9000011768,Address 11768
11769,Telugu,Male,52110179,Name_11769,9000011769,Address 11769
11770,English,Female,52110179,Name_11770,9000011770,Address 11770
11771,Hindi,Male,52110179,Name_11771,9000011771,Address 11771
11772,Telugu,Female,52110179,Name_11772,9000011772,Address 11772
11773,English,Male,52110179,Name_11773,9000011773,Address 11773
11774,Hindi,Female,52110179,Name_11774,9000011774,Address 11774
11775,Telugu,Male,52110179,Name_11775,9000011775,Address 11775
11776,English,Female,52110179,Name_11776,9000011776,Address 11776
11777,Hindi,Male,52110179,Name_11777,9000011777,Address 11777
11778,Telugu,Female,52110179,Name_11778,9000011778,Address 11778
11779,English,Male,52110179,Name_11779,9000011779,Address 11779
11780,Hindi,Female,52110179,Name_11780,9000011780,Address 11780
11781,Telugu,Male,52110179,Name_11781,9000011781,Address 11781
11782,English,Female,52110179,Name_11782,9000011782,Address 11782
11783,Hindi,Male,52110179,Name_11783,9000011783,Address 11783
11784,Telugu,Female,52110179,Name_11784,9000011784,Address 11784
11785,English,Male,52110179,Name_11785,9000011785,Address 11785
11786,Hindi,Female,52110179,Name_11786,9000011786,Address 11786
11787,Telugu,Male,521106107,Name_11787,9000011787,Address 11787
11788,English,Female,521106107,Name_11788,9000011788,Address 11788
11789,Hindi,Male,521106107,Name_11789,9000011789,Address 11789
11790,Telugu,Female,521106107,Name_11790,9000011790,Address 11790
11791,English,Male,521106107,Name_11791,9000011791,Address 11791
11792,Hindi,Female,521106107,Name_11792,9000011792,Address 11792
11793,Telugu,Male,521106107,Name_11793,9000011793,Address 11793
11794,English,Female,521106107,Name_11794,9000011794,Address 11794
11795,Hindi,Male,521106107,Name_11795,9000011795,Address 11795
11796,Telugu,Female,521106107,Name_11796,9000011796,Address 11796
11797,English,Male,521106107,Name_11797,9000011797,Address 11797
11798,Hindi,Female,521106107,Name_11798,9000011798,Address 11798
11799,Telugu,Male,521106107,Name_11799,9000011799,Address 11799
11800,English,Female,521106107,Name_11800,9000011800,Address 11800
11801,Hindi,Male,521106107,Name_11801,9000011801,Address 11801
11802,Telugu,Female,521106107,Name_11802,9000011802,Address 11802
11803,English,Male,521106107,Name_11803,9000011803,Address 11803
11804,Hindi,Female,521106107,Name_11804,9000011804,Address 11804
11805,Telugu,Male,521106107,Name_11805,9000011805,Address 11805
11806,English,Female,521106107,Name_11806,9000011806,Address 11806
11807,Hindi,Male,521106107,Name_11807,9000011807,Address 11807
11808,Telugu,Female,521106108,Name_11808,9000011808,Address 11808
11809,English,Male,521106108,Name_11809,9000011809,Address 11809
11810,Hindi,Female,521106108,Name_11810,9000011810,Address 11810
11811,Telugu,Male,521106108,Name_11811,9000011811,Address 11811
11812,English,Female,521106108,Name_11812,9000011812,Address 11812
11813,Hindi,Male,521106108,Name_11813,9000011813,Address 11813
11814,Telugu,Female,521106108,Name_11814,9000011814,Address 11814
11815,English,Male,521106108,Name_11815,9000011815,Address 11815
11816,Hindi,Female,521106108,Name_11816,9000011816,Address 11816
11817,Telugu,Male,521106108,Name_11817,9000011817,Address 11817
11818,English,Female,521106108,Name_11818,9000011818,Address 11818
11819,Hindi,Male,521106108,Name_11819,9000011819,Address 11819
11820,Telugu,Female,521106108,Name_11820,9000011820,Address 11820
11821,English,Male,521106108,Name_11821,9000011821,Address 11821
11822,Hindi,Female,521106108,Name_11822,9000011822,Address 11822
11823,Telugu,Male,521106108,Name_11823,9000011823,Address 11823
11824,English,Female,521106108,Name_11824,9000011824,Address 11824
11825,Hindi,Male,521106108,Name_11825,9000011825,Address 11825
11826,Telugu,Female,521106108,Name_11826,9000011826,Address 11826
11827,English,Male,521106108,Name_11827,9000011827,Address 11827
11828,Hindi,Female,521106108,Name_11828,9000011828,Address 11828
11829,Telugu,Male,521106109,Name_11829,9000011829,Address 11829
11830,English,Female,521106109,Name_11830,9000011830,Address 11830
11831,Hindi,Male,521106109,Name_11831,9000011831,Address 11831
11832,Telugu,Female,521106109,Name_11832,9000011832,Address 11832
11833,English,Male,521106109,Name_11833,9000011833,Address 11833
11834,Hindi,Female,521106109,Name_11834,9000011834,Address 11834
11835,Telugu,Male,521106109,Name_11835,9000011835,Address 11835
11836,English,Female,521106109,Name_11836,9000011836,Address 11836
11837,Hindi,Male,521106109,Name_11837,9000011837,Address 11837
11838,Telugu,Female,521106109,Name_11838,9000011838,Address 11838
11839,English,Male,521106109,Name_11839,9000011839,Address 11839
11840,Hindi,Female,521106109,Name_11840,9000011840,Address 11840
11841,Telugu,Male,521106109,Name_11841,9000011841,Address 11841
11842,English,Female,521106109,Name_11842,9000011842,Address 11842
11843,Hindi,Male,521106109,Name_11843,9000011843,Address 11843
11844,Telugu,Female,521106109,Name_11844,9000011844,Address 11844
11845,English,Male,521106109,Name_11845,9000011845,Address 11845
11846,Hindi,Female,521106109,Name_11846,9000011846,Address 11846
11847,Telugu,Male,521106109,Name_11847,9000011847,Address 11847
11848,English,Female,521106109,Name_11848,9000011848,Address 11848
11849,Hindi,Male,521106109,Name_11849,9000011849,Address 11849
11850,Telugu,Female,521106110,Name_11850,9000011850,Address 11850
11851,English,Male,521106110,Name_11851,9000011851,Address 11851
11852,Hindi,Female,521106110,Name_11852,9000011852,Address 11852
11853,Telugu,Male,521106110,Name_11853,9000011853,Address 11853
11854,English,Female,521106110,Name_11854,9000011854,Address 11854
11855,Hindi,Male,521106110,Name_11855,9000011855,Address 11855
11856,Telugu,Female,521106110,Name_11856,9000011856,Address 11856
11857,English,Male,521106110,Name_11857,9000011857,Address 11857
11858,Hindi,Female,521106110,Name_11858,9000011858,Address 11858
11859,Telugu,Male,521106110,Name_11859,9000011859,Address 11859
11860,English,Female,521106110,Name_11860,9000011860,Address 11860
11861,Hindi,Male,521106110,Name_11861,9000011861,Address 11861
11862,Telugu,Female,521106110,Name_11862,9000011862,Address 11862
11863,English,Male,521106110,Name_11863,9000011863,Address 11863
11864,Hindi,Female,521106110,Name_11864,9000011864,Address 11864
11865,Telugu,Male,521106110,Name_11865,9000011865,Address 11865
11866,English,Female,521106110,Name_11866,9000011866,Address 11866
11867,Hindi,Male,521106110,Name_11867,9000011867,Address 11867
11868,Telugu,Female,521106110,Name_11868,9000011868,Address 11868
11869,English,Male,521106110,Name_11869,9000011869,Address 11869
11870,Hindi,Female,521106110,Name_11870,9000011870,Address 11870
11871,Telugu,Male,521106111,Name_11871,9000011871,Address 11871
11872,English,Female,521106111,Name_11872,9000011872,Address 11872
11873,Hindi,Male,521106111,Name_11873,9000011873,Address 11873
11874,Telugu,Female,521106111,Name_11874,9000011874,Address 11874
11875,English,Male,521106111,Name_11875,9000011875,Address 11875
11876,Hindi,Female,521106111,Name_11876,9000011876,Address 11876
11877,Telugu,Male,521106111,Name_11877,9000011877,Address 11877
11878,English,Female,521106111,Name_11878,9000011878,Address 11878
11879,Hindi,Male,521106111,Name_11879,9000011879,Address 11879
11880,Telugu,Female,521106111,Name_11880,9000011880,Address 11880
11881,English,Male,521106111,Name_11881,9000011881,Address 11881
11882,Hindi,Female,521106111,Name_11882,9000011882,Address 11882
11883,Telugu,Male,521106111,Name_11883,9000011883,Address 11883
11884,English,Female,521106111,Name_11884,9000011884,Address 11884
11885,Hindi,Male,521106111,Name_11885,9000011885,Address 11885
11886,Telugu,Female,521106111,Name_11886,9000011886,Address 11886
11887,English,Male,521106111,Name_11887,9000011887,Address 11887
11888,Hindi,Female,521106111,Name_11888,9000011888,Address 11888
11889,Telugu,Male,521106111,Name_11889,9000011889,Address 11889
11890,English,Female,521106111,Name_11890,9000011890,Address 11890
11891,Hindi,Male,521106111,Name_11891,9000011891,Address 11891
11892,Telugu,Female,521106116,Name_11892,9000011892,Address 11892
11893,English,Male,521106116,Name_11893,9000011893,Address 11893
11894,Hindi,Female,521106116,Name_11894,9000011894,Address 11894
11895,Telugu,Male,521106116,Name_11895,9000011895,Address 11895
11896,English,Female,521106116,Name_11896,9000011896,Address 11896
11897,Hindi,Male,521106116,Name_11897,9000011897,Address 11897
11898,Telugu,Female,521106116,Name_11898,9000011898,Address 11898
11899,English,Male,521106116,Name_11899,9000011899,Address 11899
11900,Hindi,Female,521106116,Name_11900,9000011900,Address 11900
11901,Telugu,Male,521106116,Name_11901,9000011901,Address 11901
11902,English,Female,521106116,Name_11902,9000011902,Address 11902
11903,Hindi,Male,521106116,Name_11903,9000011903,Address 11903
11904,Telugu,Female,521106116,Name_11904,9000011904,Address 11904
11905,English,Male,521106116,Name_11905,9000011905,Address 11905
11906,Hindi,Female,521106116,Name_11906,9000011906,Address 11906
11907,Telugu,Male,521106116,Name_11907,9000011907,Address 11907
11908,English,Female,521106116,Name_11908,9000011908,Address 11908
11909,Hindi,Male,521106116,Name_11909,9000011909,Address 11909
11910,Telugu,Female,521106116,Name_11910,9000011910,Address 11910
11911,English,Male,521106116,Name_11911,9000011911,Address 11911
11912,Hindi,Female,521106116,Name_11912,9000011912,Address 11912
11913,Telugu,Male,521106117,Name_11913,9000011913,Address 11913
11914,English,Female,521106117,Name_11914,9000011914,Address 11914
11915,Hindi,Male,521106117,Name_11915,9000011915,Address 11915
11916,Telugu,Female,521106117,Name_11916,9000011916,Address 11916
11917,English,Male,521106117,Name_11917,9000011917,Address 11917
11918,Hindi,Female,521106117,Name_11918,9000011918,Address 11918
11919,Telugu,Male,521106117,Name_11919,9000011919,Address 11919
11920,English,Female,521106117,Name_11920,9000011920,Address 11920
11921,Hindi,Male,521106117,Name_11921,9000011921,Address 11921
11922,Telugu,Female,521106117,Name_11922,9000011922,Address 11922
11923,English,Male,521106117,Name_11923,9000011923,Address 11923
11924,Hindi,Female,521106117,Name_11924,9000011924,Address 11924
11925,Telugu,Male,521106117,Name_11925,9000011925,Address 11925
11926,English,Female,521106117,Name_11926,9000011926,Address 11926
11927,Hindi,Male,521106117,Name_11927,9000011927,Address 11927
11928,Telugu,Female,521106117,Name_11928,9000011928,Address 11928
11929,English,Male,521106117,Name_11929,9000011929,Address 11929
11930,Hindi,Female,521106117,Name_11930,9000011930,Address 11930
11931,Telugu,Male,521106117,Name_11931,9000011931,Address 11931
11932,English,Female,521106117,Name_11932,9000011932,Address 11932
11933,Hindi,Male,521106117,Name_11933,9000011933,Address 11933
11934,Telugu,Female,521106118,Name_11934,9000011934,Address 11934
11935,English,Male,521106118,Name_11935,9000011935,Address 11935
11936,Hindi,Female,521106118,Name_11936,9000011936,Address 11936
11937,Telugu,Male,521106118,Name_11937,9000011937,Address 11937
11938,English,Female,521106118,Name_11938,9000011938,Address 11938
11939,Hindi,Male,521106118,Name_11939,9000011939,Address 11939
11940,Telugu,Female,521106118,Name_11940,9000011940,Address 11940
11941,English,Male,521106118,Name_11941,9000011941,Address 11941
11942,Hindi,Female,521106118,Name_11942,9000011942,Address 11942
11943,Telugu,Male,521106118,Name_11943,9000011943,Address 11943
11944,English,Female,521106118,Name_11944,9000011944,Address 11944
11945,Hindi,Male,521106118,Name_11945,9000011945,Address 11945
11946,Telugu,Female,521106118,Name_11946,9000011946,Address 11946
11947,English,Male,521106118,Name_11947,9000011947,Address 11947
11948,Hindi,Female,521106118,Name_11948,9000011948,Address 11948
11949,Telugu,Male,521106118,Name_11949,9000011949,Address 11949
11950,English,Female,521106118,Name_11950,9000011950,Address 11950
11951,Hindi,Male,521106118,Name_11951,9000011951,Address 11951
11952,Telugu,Female,521106118,Name_11952,9000011952,Address 11952
11953,English,Male,521106118,Name_11953,9000011953,Address 11953
11954,Hindi,Female,521106118,Name_11954,9000011954,Address 11954
11955,Telugu,Male,521106119,Name_11955,9000011955,Address 11955
11956,English,Female,521106119,Name_11956,9000011956,Address 11956
11957,Hindi,Male,521106119,Name_11957,9000011957,Address 11957
11958,Telugu,Female,521106119,Name_11958,9000011958,Address 11958
11959,English,Male,521106119,Name_11959,9000011959,Address 11959
11960,Hindi,Female,521106119,Name_11960,9000011960,Address 11960
11961,Telugu,Male,521106119,Name_11961,9000011961,Address 11961
11962,English,Female,521106119,Name_11962,9000011962,Address 11962
11963,Hindi,Male,521106119,Name_11963,9000011963,Address 11963
11964,Telugu,Female,521106119,Name_11964,9000011964,Address 11964
11965,English,Male,521106119,Name_11965,9000011965,Address 11965
11966,Hindi,Female,521106119,Name_11966,9000011966,Address 11966
11967,Telugu,Male,521106119,Name_11967,9000011967,Address 11967
11968,English,Female,521106119,Name_11968,9000011968,Address 11968
11969,Hindi,Male,521106119,Name_11969,9000011969,Address 11969
11970,Telugu,Female,521106119,Name_11970,9000011970,Address 11970
11971,English,Male,521106119,Name_11971,9000011971,Address 11971
11972,Hindi,Female,521106119,Name_11972,9000011972,Address 11972
11973,Telugu,Male,521106119,Name_11973,9000011973,Address 11973
11974,English,Female,521106119,Name_11974,9000011974,Address 11974
11975,Hindi,Male,521106119,Name_11975,9000011975,Address 11975
11976,Telugu,Female,521106120,Name_11976,9000011976,Address 11976
11977,English,Male,521106120,Name_11977,9000011977,Address 11977
11978,Hindi,Female,521106120,Name_11978,9000011978,Address 11978
11979,Telugu,Male,521106120,Name_11979,9000011979,Address 11979
11980,English,Female,521106120,Name_11980,9000011980,Address 11980
11981,Hindi,Male,521106120,Name_11981,9000011981,Address 11981
11982,Telugu,Female,521106120,Name_11982,9000011982,Address 11982
11983,English,Male,521106120,Name_11983,9000011983,Address 11983
11984,Hindi,Female,521106120,Name_11984,9000011984,Address 11984
11985,Telugu,Male,521106120,Name_11985,9000011985,Address 11985
11986,English,Female,521106120,Name_11986,9000011986,Address 11986
11987,Hindi,Male,521106120,Name_11987,9000011987,Address 11987
11988,Telugu,Female,521106120,Name_11988,9000011988,Address 11988
11989,English,Male,521106120,Name_11989,9000011989,Address 11989
11990,Hindi,Female,521106120,Name_11990,9000011990,Address 11990
11991,Telugu,Male,521106120,Name_11991,9000011991,Address 11991
11992,English,Female,521106120,Name_11992,9000011992,Address 11992
11993,Hindi,Male,521106120,Name_11993,9000011993,Address 11993
11994,Telugu,Female,521106120,Name_11994,9000011994,Address 11994
11995,English,Male,521106120,Name_11995,9000011995,Address 11995
11996,Hindi,Female,521106120,Name_11996,9000011996,Address 11996
11997,Telugu,Male,521106121,Name_11997,9000011997,Address 11997
11998,English,Female,521106121,Name_11998,9000011998,Address 11998
11999,Hindi,Male,521106121,Name_11999,9000011999,Address 11999
12000,Telugu,Female,521106121,Name_12000,9000012000,Address 12000
12001,English,Male,521106121,Name_12001,9000012001,Address 12001
12002,Hindi,Female,521106121,Name_12002,9000012002,Address 12002
12003,Telugu,Male,521106121,Name_12003,9000012003,Address 12003
12004,English,Female,521106121,Name_12004,9000012004,Address 12004
12005,Hindi,Male,521106121,Name_12005,9000012005,Address 12005
12006,Telugu,Female,521106121,Name_12006,9000012006,Address 12006
12007,English,Male,521106121,Name_12007,9000012007,Address 12007
12008,Hindi,Female,521106121,Name_12008,9000012008,Address 12008
12009,Telugu,Male,521106121,Name_12009,9000012009,Address 12009
12010,English,Female,521106121,Name_12010,9000012010,Address 12010
12011,Hindi,Male,521106121,Name_12011,9000012011,Address 12011
12012,Telugu,Female,521106121,Name_12012,9000012012,Address 12012
12013,English,Male,521106121,Name_12013,9000012013,Address 12013
12014,Hindi,Female,521106121,Name_12014,9000012014,Address 12014
12015,Telugu,Male,521106121,Name_12015,9000012015,Address 12015
12016,English,Female,521106121,Name_12016,9000012016,Address 12016
12017,Hindi,Male,521106121,Name_12017,9000012017,Address 12017
12018,Telugu,Female,521106122,Name_12018,9000012018,Address 12018
12019,English,Male,521106122,Name_12019,9000012019,Address 12019
12020,Hindi,Female,521106122,Name_12020,9000012020,Address 12020
12021,Telugu,Male,521106122,Name_12021,9000012021,Address 12021
12022,English,Female,521106122,Name_12022,9000012022,Address 12022
12023,Hindi,Male,521106122,Name_12023,9000012023,Address 12023
12024,Telugu,Female,521106122,Name_12024,9000012024,Address 12024
12025,English,Male,521106122,Name_12025,9000012025,Address 12025
12026,Hindi,Female,521106122,Name_12026,9000012026,Address 12026
12027,Telugu,Male,521106122,Name_12027,9000012027,Address 12027
12028,English,Female,521106122,Name_12028,9000012028,Address 12028
12029,Hindi,Male,521106122,Name_12029,9000012029,Address 12029
12030,Telugu,Female,521106122,Name_12030,9000012030,Address 12030
12031,English,Male,521106122,Name_12031,9000012031,Address 12031
12032,Hindi,Female,521106122,Name_12032,9000012032,Address 12032
12033,Telugu,Male,521106122,Name_12033,9000012033,Address 12033
12034,English,Female,521106122,Name_12034,9000012034,Address 12034
12035,Hindi,Male,521106122,Name_12035,9000012035,Address 12035
12036,Telugu,Female,521106122,Name_12036,9000012036,Address 12036
12037,English,Male,521106122,Name_12037,9000012037,Address 12037
12038,Hindi,Female,521106122,Name_12038,9000012038,Address 12038
12039,Telugu,Male,521106123,Name_12039,9000012039,Address 12039
12040,English,Female,521106123,Name_12040,9000012040,Address 12040
12041,Hindi,Male,521106123,Name_12041,9000012041,Address 12041
12042,Telugu,Female,521106123,Name_12042,9000012042,Address 12042
12043,English,Male,521106123,Name_12043,9000012043,Address 12043
12044,Hindi,Female,521106123,Name_12044,9000012044,Address 12044
12045,Telugu,Male,521106123,Name_12045,9000012045,Address 12045
12046,English,Female,521106123,Name_12046,9000012046,Address 12046
12047,Hindi,Male,521106123,Name_12047,9000012047,Address 12047
12048,Telugu,Female,521106123,Name_12048,9000012048,Address 12048
12049,English,Male,521106123,Name_12049,9000012049,Address 12049
12050,Hindi,Female,521106123,Name_12050,9000012050,Address 12050
12051,Telugu,Male,521106123,Name_12051,9000012051,Address 12051
12052,English,Female,521106123,Name_12052,9000012052,Address 12052
12053,Hindi,Male,521106123,Name_12053,9000012053,Address 12053
12054,Telugu,Female,521106123,Name_12054,9000012054,Address 12054
12055,English,Male,521106123,Name_12055,9000012055,Address 12055
12056,Hindi,Female,521106123,Name_12056,9000012056,Address 12056
12057,Telugu,Male,521106123,Name_12057,9000012057,Address 12057
12058,English,Female,521106123,Name_12058,9000012058,Address 12058
12059,Hindi,Male,521106123,Name_12059,9000012059,Address 12059
12060,Telugu,Female,521106124,Name_12060,9000012060,Address 12060
12061,English,Male,521106124,Name_12061,9000012061,Address 12061
12062,Hindi,Female,521106124,Name_12062,9000012062,Address 12062
12063,Telugu,Male,521106124,Name_12063,9000012063,Address 12063
12064,English,Female,521106124,Name_12064,9000012064,Address 12064
12065,Hindi,Male,521106124,Name_12065,9000012065,Address 12065
12066,Telugu,Female,521106124,Name_12066,9000012066,Address 12066
12067,English,Male,521106124,Name_12067,9000012067,Address 12067
12068,Hindi,Female,521106124,Name_12068,9000012068,Address 12068
12069,Telugu,Male,521106124,Name_12069,9000012069,Address 12069
12070,English,Female,521106124,Name_12070,9000012070,Address 12070
12071,Hindi,Male,521106124,Name_12071,9000012071,Address 12071
12072,Telugu,Female,521106124,Name_12072,9000012072,Address 12072
12073,English,Male,521106124,Name_12073,9000012073,Address 12073
12074,Hindi,Female,521106124,Name_12074,9000012074,Address 12074
12075,Telugu,Male,521106124,Name_12075,9000012075,Address 12075
12076,English,Female,521106124,Name_12076,9000012076,Address 12076
12077,Hindi,Male,521106124,Name_12077,9000012077,Address 12077
12078,Telugu,Female,521106124,Name_12078,9000012078,Address 12078
12079,English,Male,521106124,Name_12079,9000012079,Address 12079
12080,Hindi,Female,521106124,Name_12080,9000012080,Address 12080
12081,Telugu,Male,521106125,Name_12081,9000012081,Address 12081
12082,English,Female,521106125,Name_12082,9000012082,Address 12082
12083,Hindi,Male,521106125,Name_12083,9000012083,Address 12083
12084,Telugu,Female,521106125,Name_12084,9000012084,Address 12084
12085,English,Male,521106125,Name_12085,9000012085,Address 12085
12086,Hindi,Female,521106125,Name_12086,9000012086,Address 12086
12087,Telugu,Male,521106125,Name_12087,9000012087,Address 12087
12088,English,Female,521106125,Name_12088,9000012088,Address 12088
12089,Hindi,Male,521106125,Name_12089,9000012089,Address 12089
12090,Telugu,Female,521106125,Name_12090,9000012090,Address 12090
12091,English,Male,521106125,Name_12091,9000012091,Address 12091
12092,Hindi,Female,521106125,Name_12092,9000012092,Address 12092
12093,Telugu,Male,521106125,Name_12093,9000012093,Address 12093
12094,English,Female,521106125,Name_12094,9000012094,Address 12094
12095,Hindi,Male,521106125,Name_12095,9000012095,Address 12095
12096,Telugu,Female,521106125,Name_12096,9000012096,Address 12096
12097,English,Male,521106125,Name_12097,9000012097,Address 12097
12098,Hindi,Female,521106125,Name_12098,9000012098,Address 12098
12099,Telugu,Male,521106125,Name_12099,9000012099,Address 12099
12100,English,Female,521106125,Name_12100,9000012100,Address 12100
12101,Hindi,Male,521106125,Name_12101,9000012101,Address 12101
12102,Telugu,Female,521106126,Name_12102,9000012102,Address 12102
12103,English,Male,521106126,Name_12103,9000012103,Address 12103
12104,Hindi,Female,521106126,Name_12104,9000012104,Address 12104
12105,Telugu,Male,521106126,Name_12105,9000012105,Address 12105
12106,English,Female,521106126,Name_12106,9000012106,Address 12106
12107,Hindi,Male,521106126,Name_12107,9000012107,Address 12107
12108,Telugu,Female,521106126,Name_12108,9000012108,Address 12108
12109,English,Male,521106126,Name_12109,9000012109,Address 12109
12110,Hindi,Female,521106126,Name_12110,9000012110,Address 12110
12111,Telugu,Male,521106126,Name_12111,9000012111,Address 12111
12112,English,Female,521106126,Name_12112,9000012112,Address 12112
12113,Hindi,Male,521106126,Name_12113,9000012113,Address 12113
12114,Telugu,Female,521106126,Name_12114,9000012114,Address 12114
12115,English,Male,521106126,Name_12115,9000012115,Address 12115
12116,Hindi,Female,521106126,Name_12116,9000012116,Address 12116
12117,Telugu,Male,521106126,Name_12117,9000012117,Address 12117
12118,English,Female,521106126,Name_12118,9000012118,Address 12118
12119,Hindi,Male,521106126,Name_12119,9000012119,Address 12119
12120,Telugu,Female,521106126,Name_12120,9000012120,Address 12120
12121,English,Male,521106126,Name_12121,9000012121,Address 12121
12122,Hindi,Female,521106126,Name_12122,9000012122,Address 12122
12123,Telugu,Male,521106127,Name_12123,9000012123,Address 12123
12124,English,Female,521106127,Name_12124,9000012124,Address 12124
12125,Hindi,Male,521106127,Name_12125,9000012125,Address 12125
12126,Telugu,Female,521106127,Name_12126,9000012126,Address 12126
12127,English,Male,521106127,Name_12127,9000012127,Address 12127
12128,Hindi,Female,521106127,Name_12128,9000012128,Address 12128
12129,Telugu,Male,521106127,Name_12129,9000012129,Address 12129
12130,English,Female,521106127,Name_12130,9000012130,Address 12130
12131,Hindi,Male,521106127,Name_12131,9000012131,Address 12131
12132,Telugu,Female,521106127,Name_12132,9000012132,Address 12132
12133,English,Male,521106127,Name_12133,9000012133,Address 12133
12134,Hindi,Female,521106127,Name_12134,9000012134,Address 12134
12135,Telugu,Male,521106127,Name_12135,9000012135,Address 12135
12136,English,Female,521106127,Name_12136,9000012136,Address 12136
12137,Hindi,Male,521106127,Name_12137,9000012137,Address 12137
12138,Telugu,Female,521106127,Name_12138,9000012138,Address 12138
12139,English,Male,521106127,Name_12139,9000012139,Address 12139
12140,Hindi,Female,521106127,Name_12140,9000012140,Address 12140
12141,Telugu,Male,521106127,Name_12141,9000012141,Address 12141
12142,English,Female,521106127,Name_12142,9000012142,Address 12142
12143,Hindi,Male,521106127,Name_12143,9000012143,Address 12143
12144,Telugu,Female,521106128,Name_12144,9000012144,Address 12144
12145,English,Male,521106128,Name_12145,9000012145,Address 12145
12146,Hindi,Female,521106128,Name_12146,9000012146,Address 12146
12147,Telugu,Male,521106128,Name_12147,9000012147,Address 12147
12148,English,Female,521106128,Name_12148,9000012148,Address 12148
12149,Hindi,Male,521106128,Name_12149,9000012149,Address 12149
12150,Telugu,Female,521106128,Name_12150,9000012150,Address 12150
12151,English,Male,521106128,Name_12151,9000012151,Address 12151
12152,Hindi,Female,521106128,Name_12152,9000012152,Address 12152
12153,Telugu,Male,521106128,Name_12153,9000012153,Address 12153
12154,English,Female,521106128,Name_12154,9000012154,Address 12154
12155,Hindi,Male,521106128,Name_12155,9000012155,Address 12155
12156,Telugu,Female,521106128,Name_12156,9000012156,Address 12156
12157,English,Male,521106128,Name_12157,9000012157,Address 12157
12158,Hindi,Female,521106128,Name_12158,9000012158,Address 12158
12159,Telugu,Male,521106128,Name_12159,9000012159,Address 12159
12160,English,Female,521106128,Name_12160,9000012160,Address 12160
12161,Hindi,Male,521106128,Name_12161,9000012161,Address 12161
12162,Telugu,Female,521106128,Name_12162,9000012162,Address 12162
12163,English,Male,521106128,Name_12163,9000012163,Address 12163
12164,Hindi,Female,521106128,Name_12164,9000012164,Address 12164
12165,Telugu,Male,521106129,Name_12165,9000012165,Address 12165
12166,English,Female,521106129,Name_12166,9000012166,Address 12166
12167,Hindi,Male,521106129,Name_12167,9000012167,Address 12167
12168,Telugu,Female,521106129,Name_12168,9000012168,Address 12168
12169,English,Male,521106129,Name_12169,9000012169,Address 12169
12170,Hindi,Female,521106129,Name_12170,9000012170,Address 12170
12171,Telugu,Male,521106129,Name_12171,9000012171,Address 12171
12172,English,Female,521106129,Name_12172,9000012172,Address 12172
12173,Hindi,Male,521106129,Name_12173,9000012173,Address 12173
12174,Telugu,Female,521106129,Name_12174,9000012174,Address 12174
12175,English,Male,521106129,Name_12175,9000012175,Address 12175
12176,Hindi,Female,521106129,Name_12176,9000012176,Address 12176
12177,Telugu,Male,521106129,Name_12177,9000012177,Address 12177
12178,English,Female,521106129,Name_12178,9000012178,Address 12178
12179,Hindi,Male,521106129,Name_12179,9000012179,Address 12179
12180,Telugu,Female,521106129,Name_12180,9000012180,Address 12180
12181,English,Male,521106129,Name_12181,9000012181,Address 12181
12182,Hindi,Female,521106129,Name_12182,9000012182,Address 12182
12183,Telugu,Male,521106129,Name_12183,9000012183,Address 12183
12184,English,Female,521106129,Name_12184,9000012184,Address 12184
12185,Hindi,Male,521106129,Name_12185,9000012185,Address 12185
12186,Telugu,Female,521106130,Name_12186,9000012186,Address 12186
12187,English,Male,521106130,Name_12187,9000012187,Address 12187
12188,Hindi,Female,521106130,Name_12188,9000012188,Address 12188
12189,Telugu,Male,521106130,Name_12189,9000012189,Address 12189
12190,English,Female,521106130,Name_12190,9000012190,Address 12190
12191,Hindi,Male,521106130,Name_12191,9000012191,Address 12191
12192,Telugu,Female,521106130,Name_12192,9000012192,Address 12192
12193,English,Male,521106130,Name_12193,9000012193,Address 12193
12194,Hindi,Female,521106130,Name_12194,9000012194,Address 12194
12195,Telugu,Male,521106130,Name_12195,9000012195,Address 12195
12196,English,Female,521106130,Name_12196,9000012196,Address 12196
12197,Hindi,Male,521106130,Name_12197,9000012197,Address 12197
12198,Telugu,Female,521106130,Name_12198,9000012198,Address 12198
12199,English,Male,521106130,Name_12199,9000012199,Address 12199
12200,Hindi,Female,521106130,Name_12200,9000012200,Address 12200
12201,Telugu,Male,521106130,Name_12201,9000012201,Address 12201
12202,English,Female,521106130,Name_12202,9000012202,Address 12202
12203,Hindi,Male,521106130,Name_12203,9000012203,Address 12203
12204,Telugu,Female,521106130,Name_12204,9000012204,Address 12204
12205,English,Male,521106130,Name_12205,9000012205,Address 12205
12206,Hindi,Female,521106130,Name_12206,9000012206,Address 12206
12207,Telugu,Male,521106131,Name_12207,9000012207,Address 12207
12208,English,Female,521106131,Name_12208,9000012208,Address 12208
12209,Hindi,Male,521106131,Name_12209,9000012209,Address 12209
12210,Telugu,Female,521106131,Name_12210,9000012210,Address 12210
12211,English,Male,521106131,Name_12211,9000012211,Address 12211
12212,Hindi,Female,521106131,Name_12212,9000012212,Address 12212
12213,Telugu,Male,521106131,Name_12213,9000012213,Address 12213
12214,English,Female,521106131,Name_12214,9000012214,Address 12214
12215,Hindi,Male,521106131,Name_12215,9000012215,Address 12215
12216,Telugu,Female,521106131,Name_12216,9000012216,Address 12216
12217,English,Male,521106131,Name_12217,9000012217,Address 12217
12218,Hindi,Female,521106131,Name_12218,9000012218,Address 12218
12219,Telugu,Male,521106131,Name_12219,9000012219,Address 12219
12220,English,Female,521106131,Name_12220,9000012220,Address 12220
12221,Hindi,Male,521106131,Name_12221,9000012221,Address 12221
12222,Telugu,Female,521106131,Name_12222,9000012222,Address 12222
12223,English,Male,521106131,Name_12223,9000012223,Address 12223
12224,Hindi,Female,521106131,Name_12224,9000012224,Address 12224
12225,Telugu,Male,521106131,Name_12225,9000012225,Address 12225
12226,English,Female,521106131,Name_12226,9000012226,Address 12226
12227,Hindi,Male,521106131,Name_12227,9000012227,Address 12227
12228,Telugu,Female,521106132,Name_12228,9000012228,Address 12228
12229,English,Male,521106132,Name_12229,9000012229,Address 12229
12230,Hindi,Female,521106132,Name_12230,9000012230,Address 12230
12231,Telugu,Male,521106132,Name_12231,9000012231,Address 12231
12232,English,Female,521106132,Name_12232,9000012232,Address 12232
12233,Hindi,Male,521106132,Name_12233,9000012233,Address 12233
12234,Telugu,Female,521106132,Name_12234,9000012234,Address 12234
12235,English,Male,521106132,Name_12235,9000012235,Address 12235
12236,Hindi,Female,521106132,Name_12236,9000012236,Address 12236
12237,Telugu,Male,521106132,Name_12237,9000012237,Address 12237
12238,English,Female,521106132,Name_12238,9000012238,Address 12238
12239,Hindi,Male,521106132,Name_12239,9000012239,Address 12239
12240,Telugu,Female,521106132,Name_12240,9000012240,Address 12240
12241,English,Male,521106132,Name_12241,9000012241,Address 12241
12242,Hindi,Female,521106132,Name_12242,9000012242,Address 12242
12243,Telugu,Male,521106132,Name_12243,9000012243,Address 12243
12244,English,Female,521106132,Name_12244,9000012244,Address 12244
12245,Hindi,Male,521106132,Name_12245,9000012245,Address 12245
12246,Telugu,Female,521106132,Name_12246,9000012246,Address 12246
12247,English,Male,521106132,Name_12247,9000012247,Address 12247
12248,Hindi,Female,521106132,Name_12248,9000012248,Address 12248
12249,Telugu,Male,521106133,Name_12249,9000012249,Address 12249
12250,English,Female,521106133,Name_12250,9000012250,Address 12250
12251,Hindi,Male,521106133,Name_12251,9000012251,Address 12251
12252,Telugu,Female,521106133,Name_12252,9000012252,Address 12252
12253,English,Male,521106133,Name_12253,9000012253,Address 12253
12254,Hindi,Female,521106133,Name_12254,9000012254,Address 12254
12255,Telugu,Male,521106133,Name_12255,9000012255,Address 12255
12256,English,Female,521106133,Name_12256,9000012256,Address 12256
12257,Hindi,Male,521106133,Name_12257,9000012257,Address 12257
12258,Telugu,Female,521106133,Name_12258,9000012258,Address 12258
12259,English,Male,521106133,Name_12259,9000012259,Address 12259
12260,Hindi,Female,521106133,Name_12260,9000012260,Address 12260
12261,Telugu,Male,521106133,Name_12261,9000012261,Address 12261
12262,English,Female,521106133,Name_12262,9000012262,Address 12262
12263,Hindi,Male,521106133,Name_12263,9000012263,Address 12263
12264,Telugu,Female,521106133,Name_12264,9000012264,Address 12264
12265,English,Male,521106133,Name_12265,9000012265,Address 12265
12266,Hindi,Female,521106133,Name_12266,9000012266,Address 12266
12267,Telugu,Male,521106133,Name_12267,9000012267,Address 12267
12268,English,Female,521106133,Name_12268,9000012268,Address 12268
12269,Hindi,Male,521106133,Name_12269,9000012269,Address 12269
12270,Telugu,Female,521106134,Name_12270,9000012270,Address 12270
12271,English,Male,521106134,Name_12271,9000012271,Address 12271
12272,Hindi,Female,521106134,Name_12272,9000012272,Address 12272
12273,Telugu,Male,521106134,Name_12273,9000012273,Address 12273
12274,English,Female,521106134,Name_12274,9000012274,Address 12274
12275,Hindi,Male,521106134,Name_12275,9000012275,Address 12275
12276,Telugu,Female,521106134,Name_12276,9000012276,Address 12276
12277,English,Male,521106134,Name_12277,9000012277,Address 12277
12278,Hindi,Female,521106134,Name_12278,9000012278,Address 12278
12279,Telugu,Male,521106134,Name_12279,9000012279,Address 12279
12280,English,Female,521106134,Name_12280,9000012280,Address 12280
12281,Hindi,Male,521106134,Name_12281,9000012281,Address 12281
12282,Telugu,Female,521106134,Name_12282,9000012282,Address 12282
12283,English,Male,521106134,Name_12283,9000012283,Address 12283
12284,Hindi,Female,521106134,Name_12284,9000012284,Address 12284
12285,Telugu,Male,521106134,Name_12285,9000012285,Address 12285
12286,English,Female,521106134,Name_12286,9000012286,Address 12286
12287,Hindi,Male,521106134,Name_12287,9000012287,Address 12287
12288,Telugu,Female,521106134,Name_12288,9000012288,Address 12288
12289,English,Male,521106134,Name_12289,9000012289,Address 12289
12290,Hindi,Female,521106134,Name_12290,9000012290,Address 12290
12291,Telugu,Male,521106135,Name_12291,9000012291,Address 12291
12292,English,Female,521106135,Name_12292,9000012292,Address 12292
12293,Hindi,Male,521106135,Name_12293,9000012293,Address 12293
12294,Telugu,Female,521106135,Name_12294,9000012294,Address 12294
12295,English,Male,521106135,Name_12295,9000012295,Address 12295
12296,Hindi,Female,521106135,Name_12296,9000012296,Address 12296
12297,Telugu,Male,521106135,Name_12297,9000012297,Address 12297
12298,English,Female,521106135,Name_12298,9000012298,Address 12298
12299,Hindi,Male,521106135,Name_12299,9000012299,Address 12299
12300,Telugu,Female,521106135,Name_12300,9000012300,Address 12300
12301,English,Male,521106135,Name_12301,9000012301,Address 12301
12302,Hindi,Female,521106135,Name_12302,9000012302,Address 12302
12303,Telugu,Male,521106135,Name_12303,9000012303,Address 12303
12304,English,Female,521106135,Name_12304,9000012304,Address 12304
12305,Hindi,Male,521106135,Name_12305,9000012305,Address 12305
12306,Telugu,Female,521106135,Name_12306,9000012306,Address 12306
12307,English,Male,521106135,Name_12307,9000012307,Address 12307
12308,Hindi,Female,521106135,Name_12308,9000012308,Address 12308
12309,Telugu,Male,521106135,Name_12309,9000012309,Address 12309
12310,English,Female,521106135,Name_12310,9000012310,Address 12310
12311,Hindi,Male,521106135,Name_12311,9000012311,Address 12311
12312,Telugu,Female,521106136,Name_12312,9000012312,Address 12312
12313,English,Male,521106136,Name_12313,9000012313,Address 12313
12314,Hindi,Female,521106136,Name_12314,9000012314,Address 12314
12315,Telugu,Male,521106136,Name_12315,9000012315,Address 12315
12316,English,Female,521106136,Name_12316,9000012316,Address 12316
12317,Hindi,Male,521106136,Name_12317,9000012317,Address 12317
12318,Telugu,Female,521106136,Name_12318,9000012318,Address 12318
12319,English,Male,521106136,Name_12319,9000012319,Address 12319
12320,Hindi,Female,521106136,Name_12320,9000012320,Address 12320
12321,Telugu,Male,521106136,Name_12321,9000012321,Address 12321
12322,English,Female,521106136,Name_12322,9000012322,Address 12322
12323,Hindi,Male,521106136,Name_12323,9000012323,Address 12323
12324,Telugu,Female,521106136,Name_12324,9000012324,Address 12324
12325,English,Male,521106136,Name_12325,9000012325,Address 12325
12326,Hindi,Female,521106136,Name_12326,9000012326,Address 12326
12327,Telugu,Male,521106136,Name_12327,9000012327,Address 12327
12328,English,Female,521106136,Name_12328,9000012328,Address 12328
12329,Hindi,Male,521106136,Name_12329,9000012329,Address 12329
12330,Telugu,Female,521106136,Name_12330,9000012330,Address 12330
12331,English,Male,521106136,Name_12331,9000012331,Address 12331
12332,Hindi,Female,521106136,Name_12332,9000012332,Address 12332
12333,Telugu,Male,521106137,Name_12333,9000012333,Address 12333
12334,English,Female,521106137,Name_12334,9000012334,Address 12334
12335,Hindi,Male,521106137,Name_12335,9000012335,Address 12335
12336,Telugu,Female,521106137,Name_12336,9000012336,Address 12336
12337,English,Male,521106137,Name_12337,9000012337,Address 12337
12338,Hindi,Female,521106137,Name_12338,9000012338,Address 12338
12339,Telugu,Male,521106137,Name_12339,9000012339,Address 12339
12340,English,Female,521106137,Name_12340,9000012340,Address 12340
12341,Hindi,Male,521106137,Name_12341,9000012341,Address 12341
12342,Telugu,Female,521106137,Name_12342,9000012342,Address 12342
12343,English,Male,521106137,Name_12343,9000012343,Address 12343
12344,Hindi,Female,521106137,Name_12344,9000012344,Address 12344
12345,Telugu,Male,521106137,Name_12345,9000012345,Address 12345
12346,English,Female,521106137,Name_12346,9000012346,Address 12346
12347,Hindi,Male,521106137,Name_12347,9000012347,Address 12347
12348,Telugu,Female,521106137,Name_12348,9000012348,Address 12348
12349,English,Male,521106137,Name_12349,9000012349,Address 12349
12350,Hindi,Female,521106137,Name_12350,9000012350,Address 12350
12351,Telugu,Male,521106137,Name_12351,9000012351,Address 12351
12352,English,Female,521106137,Name_12352,9000012352,Address 12352
12353,Hindi,Male,521106137,Name_12353,9000012353,Address 12353
12354,Telugu,Female,521106220,Name_12354,9000012354,Address 12354
12355,English,Male,521106220,Name_12355,9000012355,Address 12355
12356,Hindi,Female,521106220,Name_12356,9000012356,Address 12356
12357,Telugu,Male,521106220,Name_12357,9000012357,Address 12357
12358,English,Female,521106220,Name_12358,9000012358,Address 12358
12359,Hindi,Male,521106220,Name_12359,9000012359,Address 12359
12360,Telugu,Female,521106220,Name_12360,9000012360,Address 12360
12361,English,Male,521106220,Name_12361,9000012361,Address 12361
12362,Hindi,Female,521106220,Name_12362,9000012362,Address 12362
12363,Telugu,Male,521106220,Name_12363,9000012363,Address 12363
12364,English,Female,521106220,Name_12364,9000012364,Address 12364
12365,Hindi,Male,521106220,Name_12365,9000012365,Address 12365
12366,Telugu,Female,521106220,Name_12366,9000012366,Address 12366
12367,English,Male,521106220,Name_12367,9000012367,Address 12367
12368,Hindi,Female,521106220,Name_12368,9000012368,Address 12368
12369,Telugu,Male,521106220,Name_12369,9000012369,Address 12369
12370,English,Female,521106220,Name_12370,9000012370,Address 12370
12371,Hindi,Male,521106220,Name_12371,9000012371,Address 12371
12372,Telugu,Female,521106220,Name_12372,9000012372,Address 12372
12373,English,Male,521106220,Name_12373,9000012373,Address 12373
12374,Hindi,Female,521106220,Name_12374,9000012374,Address 12374
12375,Telugu,Male,521106221,Name_12375,9000012375,Address 12375
12376,English,Female,521106221,Name_12376,9000012376,Address 12376
12377,Hindi,Male,521106221,Name_12377,9000012377,Address 12377
12378,Telugu,Female,521106221,Name_12378,9000012378,Address 12378
12379,English,Male,521106221,Name_12379,9000012379,Address 12379
12380,Hindi,Female,521106221,Name_12380,9000012380,Address 12380
12381,Telugu,Male,521106221,Name_12381,9000012381,Address 12381
12382,English,Female,521106221,Name_12382,9000012382,Address 12382
12383,Hindi,Male,521106221,Name_12383,9000012383,Address 12383
12384,Telugu,Female,521106221,Name_12384,9000012384,Address 12384
12385,English,Male,521106221,Name_12385,9000012385,Address 12385
12386,Hindi,Female,521106221,Name_12386,9000012386,Address 12386
12387,Telugu,Male,521106221,Name_12387,9000012387,Address 12387
12388,English,Female,521106221,Name_12388,9000012388,Address 12388
12389,Hindi,Male,521106221,Name_12389,9000012389,Address 12389
12390,Telugu,Female,521106221,Name_12390,9000012390,Address 12390
12391,English,Male,521106221,Name_12391,9000012391,Address 12391
12392,Hindi,Female,521106221,Name_12392,9000012392,Address 12392
12393,Telugu,Male,521106221,Name_12393,9000012393,Address 12393
12394,English,Female,521106221,Name_12394,9000012394,Address 12394
12395,Hindi,Male,521106221,Name_12395,9000012395,Address 12395
12396,Telugu,Female,521106222,Name_12396,9000012396,Address 12396
12397,English,Male,521106222,Name_12397,9000012397,Address 12397
12398,Hindi,Female,521106222,Name_12398,9000012398,Address 12398
12399,Telugu,Male,521106222,Name_12399,9000012399,Address 12399
12400,English,Female,521106222,Name_12400,9000012400,Address 12400
12401,Hindi,Male,521106222,Name_12401,9000012401,Address 12401
12402,Telugu,Female,521106222,Name_12402,9000012402,Address 12402
12403,English,Male,521106222,Name_12403,9000012403,Address 12403
12404,Hindi,Female,521106222,Name_12404,9000012404,Address 12404
12405,Telugu,Male,521106222,Name_12405,9000012405,Address 12405
12406,English,Female,521106222,Name_12406,9000012406,Address 12406
12407,Hindi,Male,521106222,Name_12407,9000012407,Address 12407
12408,Telugu,Female,521106222,Name_12408,9000012408,Address 12408
12409,English,Male,521106222,Name_12409,9000012409,Address 12409
12410,Hindi,Female,521106222,Name_12410,9000012410,Address 12410
12411,Telugu,Male,521106222,Name_12411,9000012411,Address 12411
12412,English,Female,521106222,Name_12412,9000012412,Address 12412
12413,Hindi,Male,521106222,Name_12413,9000012413,Address 12413
12414,Telugu,Female,521106222,Name_12414,9000012414,Address 12414
12415,English,Male,521106222,Name_12415,9000012415,Address 12415
12416,Hindi,Female,521106222,Name_12416,9000012416,Address 12416
12417,Telugu,Male,521106223,Name_12417,9000012417,Address 12417
12418,English,Female,521106223,Name_12418,9000012418,Address 12418
12419,Hindi,Male,521106223,Name_12419,9000012419,Address 12419
12420,Telugu,Female,521106223,Name_12420,9000012420,Address 12420
12421,English,Male,521106223,Name_12421,9000012421,Address 12421
12422,Hindi,Female,521106223,Name_12422,9000012422,Address 12422
12423,Telugu,Male,521106223,Name_12423,9000012423,Address 12423
12424,English,Female,521106223,Name_12424,9000012424,Address 12424
12425,Hindi,Male,521106223,Name_12425,9000012425,Address 12425
12426,Telugu,Female,521106223,Name_12426,9000012426,Address 12426
12427,English,Male,521106223,Name_12427,9000012427,Address 12427
12428,Hindi,Female,521106223,Name_12428,9000012428,Address 12428
12429,Telugu,Male,521106223,Name_12429,9000012429,Address 12429
12430,English,Female,521106223,Name_12430,9000012430,Address 12430
12431,Hindi,Male,521106223,Name_12431,9000012431,Address 12431
12432,Telugu,Female,521106223,Name_12432,9000012432,Address 12432
12433,English,Male,521106223,Name_12433,9000012433,Address 12433
12434,Hindi,Female,521106223,Name_12434,9000012434,Address 12434
12435,Telugu,Male,521106223,Name_12435,9000012435,Address 12435
12436,English,Female,521106223,Name_12436,9000012436,Address 12436
12437,Hindi,Male,521106223,Name_12437,9000012437,Address 12437
12438,Telugu,Female,521106224,Name_12438,9000012438,Address 12438
12439,English,Male,521106224,Name_12439,9000012439,Address 12439
12440,Hindi,Female,521106224,Name_12440,9000012440,Address 12440
12441,Telugu,Male,521106224,Name_12441,9000012441,Address 12441
12442,English,Female,521106224,Name_12442,9000012442,Address 12442
12443,Hindi,Male,521106224,Name_12443,9000012443,Address 12443
12444,Telugu,Female,521106224,Name_12444,9000012444,Address 12444
12445,English,Male,521106224,Name_12445,9000012445,Address 12445
12446,Hindi,Female,521106224,Name_12446,9000012446,Address 12446
12447,Telugu,Male,521106224,Name_12447,9000012447,Address 12447
12448,English,Female,521106224,Name_12448,9000012448,Address 12448
12449,Hindi,Male,521106224,Name_12449,9000012449,Address 12449
12450,Telugu,Female,521106224,Name_12450,9000012450,Address 12450
12451,English,Male,521106224,Name_12451,9000012451,Address 12451
12452,Hindi,Female,521106224,Name_12452,9000012452,Address 12452
12453,Telugu,Male,521106224,Name_12453,9000012453,Address 12453
12454,English,Female,521106224,Name_12454,9000012454,Address 12454
12455,Hindi,Male,521106224,Name_12455,9000012455,Address 12455
12456,Telugu,Female,521106224,Name_12456,9000012456,Address 12456
12457,English,Male,521106224,Name_12457,9000012457,Address 12457
12458,Hindi,Female,521106224,Name_12458,9000012458,Address 12458
12459,Telugu,Male,521106225,Name_12459,9000012459,Address 12459
12460,English,Female,521106225,Name_12460,9000012460,Address 12460
12461,Hindi,Male,521106225,Name_12461,9000012461,Address 12461
12462,Telugu,Female,521106225,Name_12462,9000012462,Address 12462
12463,English,Male,521106225,Name_12463,9000012463,Address 12463
12464,Hindi,Female,521106225,Name_12464,9000012464,Address 12464
12465,Telugu,Male,521106225,Name_12465,9000012465,Address 12465
12466,English,Female,521106225,Name_12466,9000012466,Address 12466
12467,Hindi,Male,521106225,Name_12467,9000012467,Address 12467
12468,Telugu,Female,521106225,Name_12468,9000012468,Address 12468
12469,English,Male,521106225,Name_12469,9000012469,Address 12469
12470,Hindi,Female,521106225,Name_12470,9000012470,Address 12470
12471,Telugu,Male,521106225,Name_12471,9000012471,Address 12471
12472,English,Female,521106225,Name_12472,9000012472,Address 12472
12473,Hindi,Male,521106225,Name_12473,9000012473,Address 12473
12474,Telugu,Female,521106225,Name_12474,9000012474,Address 12474
12475,English,Male,521106225,Name_12475,9000012475,Address 12475
12476,Hindi,Female,521106225,Name_12476,9000012476,Address 12476
12477,Telugu,Male,521106225,Name_12477,9000012477,Address 12477
12478,English,Female,521106225,Name_12478,9000012478,Address 12478
12479,Hindi,Male,521106225,Name_12479,9000012479,Address 12479
12480,Telugu,Female,521106226,Name_12480,9000012480,Address 12480
12481,English,Male,521106226,Name_12481,9000012481,Address 12481
12482,Hindi,Female,521106226,Name_12482,9000012482,Address 12482
12483,Telugu,Male,521106226,Name_12483,9000012483,Address 12483
12484,English,Female,521106226,Name_12484,9000012484,Address 12484
12485,Hindi,Male,521106226,Name_12485,9000012485,Address 12485
12486,Telugu,Female,521106226,Name_12486,9000012486,Address 12486
12487,English,Male,521106226,Name_12487,9000012487,Address 12487
12488,Hindi,Female,521106226,Name_12488,9000012488,Address 12488
12489,Telugu,Male,521106226,Name_12489,9000012489,Address 12489
12490,English,Female,521106226,Name_12490,9000012490,Address 12490
12491,Hindi,Male,521106226,Name_12491,9000012491,Address 12491
12492,Telugu,Female,521106226,Name_12492,9000012492,Address 12492
12493,English,Male,521106226,Name_12493,9000012493,Address 12493
12494,Hindi,Female,521106226,Name_12494,9000012494,Address 12494
12495,Telugu,Male,521106226,Name_12495,9000012495,Address 12495
12496,English,Female,521106226,Name_12496,9000012496,Address 12496
12497,Hindi,Male,521106226,Name_12497,9000012497,Address 12497
12498,Telugu,Female,521106226,Name_12498,9000012498,Address 12498
12499,English,Male,521106226,Name_12499,9000012499,Address 12499
12500,Hindi,Female,521106226,Name_12500,9000012500,Address 12500
12501,Telugu,Male,521106227,Name_12501,9000012501,Address 12501
12502,English,Female,521106227,Name_12502,9000012502,Address 12502
12503,Hindi,Male,521106227,Name_12503,9000012503,Address 12503
12504,Telugu,Female,521106227,Name_12504,9000012504,Address 12504
12505,English,Male,521106227,Name_12505,9000012505,Address 12505
12506,Hindi,Female,521106227,Name_12506,9000012506,Address 12506
12507,Telugu,Male,521106227,Name_12507,9000012507,Address 12507
12508,English,Female,521106227,Name_12508,9000012508,Address 12508
12509,Hindi,Male,521106227,Name_12509,9000012509,Address 12509
12510,Telugu,Female,521106227,Name_12510,9000012510,Address 12510
12511,English,Male,521106227,Name_12511,9000012511,Address 12511
12512,Hindi,Female,521106227,Name_12512,9000012512,Address 12512
12513,Telugu,Male,521106227,Name_12513,9000012513,Address 12513
12514,English,Female,521106227,Name_12514,9000012514,Address 12514
12515,Hindi,Male,521106227,Name_12515,9000012515,Address 12515
12516,Telugu,Female,521106227,Name_12516,9000012516,Address 12516
12517,English,Male,521106227,Name_12517,9000012517,Address 12517
12518,Hindi,Female,521106227,Name_12518,9000012518,Address 12518
12519,Telugu,Male,521106227,Name_12519,9000012519,Address 12519
12520,English,Female,521106227,Name_12520,9000012520,Address 12520
12521,Hindi,Male,521106227,Name_12521,9000012521,Address 12521
12522,Telugu,Female,521106228,Name_12522,9000012522,Address 12522
12523,English,Male,521106228,Name_12523,9000012523,Address 12523
12524,Hindi,Female,521106228,Name_12524,9000012524,Address 12524
12525,Telugu,Male,521106228,Name_12525,9000012525,Address 12525
12526,English,Female,521106228,Name_12526,9000012526,Address 12526
12527,Hindi,Male,521106228,Name_12527,9000012527,Address 12527
12528,Telugu,Female,521106228,Name_12528,9000012528,Address 12528
12529,English,Male,521106228,Name_12529,9000012529,Address 12529
12530,Hindi,Female,521106228,Name_12530,9000012530,Address 12530
12531,Telugu,Male,521106228,Name_12531,9000012531,Address 12531
12532,English,Female,521106228,Name_12532,9000012532,Address 12532
12533,Hindi,Male,521106228,Name_12533,9000012533,Address 12533
12534,Telugu,Female,521106228,Name_12534,9000012534,Address 12534
12535,English,Male,521106228,Name_12535,9000012535,Address 12535
12536,Hindi,Female,521106228,Name_12536,9000012536,Address 12536
12537,Telugu,Male,521106228,Name_12537,9000012537,Address 12537
12538,English,Female,521106228,Name_12538,9000012538,Address 12538
12539,Hindi,Male,521106228,Name_12539,9000012539,Address 12539
12540,Telugu,Female,521106228,Name_12540,9000012540,Address 12540
12541,English,Male,521106228,Name_12541,9000012541,Address 12541
12542,Hindi,Female,521106228,Name_12542,9000012542,Address 12542
12543,Telugu,Male,521106229,Name_12543,9000012543,Address 12543
12544,English,Female,521106229,Name_12544,9000012544,Address 12544
12545,Hindi,Male,521106229,Name_12545,9000012545,Address 12545
12546,Telugu,Female,521106229,Name_12546,9000012546,Address 12546
12547,English,Male,521106229,Name_12547,9000012547,Address 12547
12548,Hindi,Female,521106229,Name_12548,9000012548,Address 12548
12549,Telugu,Male,521106229,Name_12549,9000012549,Address 12549
12550,English,Female,521106229,Name_12550,9000012550,Address 12550
12551,Hindi,Male,521106229,Name_12551,9000012551,Address 12551
12552,Telugu,Female,521106229,Name_12552,9000012552,Address 12552
12553,English,Male,521106229,Name_12553,9000012553,Address 12553
12554,Hindi,Female,521106229,Name_12554,9000012554,Address 12554
12555,Telugu,Male,521106229,Name_12555,9000012555,Address 12555
12556,English,Female,521106229,Name_12556,9000012556,Address 12556
12557,Hindi,Male,521106229,Name_12557,9000012557,Address 12557
12558,Telugu,Female,521106229,Name_12558,9000012558,Address 12558
12559,English,Male,521106229,Name_12559,9000012559,Address 12559
12560,Hindi,Female,521106229,Name_12560,9000012560,Address 12560
12561,Telugu,Male,521106229,Name_12561,9000012561,Address 12561
12562,English,Female,521106229,Name_12562,9000012562,Address 12562
12563,Hindi,Male,521106229,Name_12563,9000012563,Address 12563
12564,Telugu,Female,521106230,Name_12564,9000012564,Address 12564
12565,English,Male,521106230,Name_12565,9000012565,Address 12565
12566,Hindi,Female,521106230,Name_12566,9000012566,Address 12566
12567,Telugu,Male,521106230,Name_12567,9000012567,Address 12567
12568,English,Female,521106230,Name_12568,9000012568,Address 12568
12569,Hindi,Male,521106230,Name_12569,9000012569,Address 12569
12570,Telugu,Female,521106230,Name_12570,9000012570,Address 12570
12571,English,Male,521106230,Name_12571,9000012571,Address 12571
12572,Hindi,Female,521106230,Name_12572,9000012572,Address 12572
12573,Telugu,Male,521106230,Name_12573,9000012573,Address 12573
12574,English,Female,521106230,Name_12574,9000012574,Address 12574
12575,Hindi,Male,521106230,Name_12575,9000012575,Address 12575
12576,Telugu,Female,521106230,Name_12576,9000012576,Address 12576
12577,English,Male,521106230,Name_12577,9000012577,Address 12577
12578,Hindi,Female,521106230,Name_12578,9000012578,Address 12578
12579,Telugu,Male,521106230,Name_12579,9000012579,Address 12579
12580,English,Female,521106230,Name_12580,9000012580,Address 12580
12581,Hindi,Male,521106230,Name_12581,9000012581,Address 12581
12582,Telugu,Female,521106230,Name_12582,9000012582,Address 12582
12583,English,Male,521106230,Name_12583,9000012583,Address 12583
12584,Hindi,Female,521106230,Name_12584,9000012584,Address 12584
12585,Telugu,Male,521106231,Name_12585,9000012585,Address 12585
12586,English,Female,521106231,Name_12586,9000012586,Address 12586
12587,Hindi,Male,521106231,Name_12587,9000012587,Address 12587
12588,Telugu,Female,521106231,Name_12588,9000012588,Address 12588
12589,English,Male,521106231,Name_12589,9000012589,Address 12589
12590,Hindi,Female,521106231,Name_12590,9000012590,Address 12590
12591,Telugu,Male,521106231,Name_12591,9000012591,Address 12591
12592,English,Female,521106231,Name_12592,9000012592,Address 12592
12593,Hindi,Male,521106231,Name_12593,9000012593,Address 12593
12594,Telugu,Female,521106231,Name_12594,9000012594,Address 12594
12595,English,Male,521106231,Name_12595,9000012595,Address 12595
12596,Hindi,Female,521106231,Name_12596,9000012596,Address 12596
12597,Telugu,Male,521106231,Name_12597,9000012597,Address 12597
12598,English,Female,521106231,Name_12598,9000012598,Address 12598
12599,Hindi,Male,521106231,Name_12599,9000012599,Address 12599
12600,Telugu,Female,521106231,Name_12600,9000012600,Address 12600
12601,English,Male,521106231,Name_12601,9000012601,Address 12601
12602,Hindi,Female,521106231,Name_12602,9000012602,Address 12602
12603,Telugu,Male,521106231,Name_12603,9000012603,Address 12603
12604,English,Female,521106231,Name_12604,9000012604,Address 12604
12605,Hindi,Male,521106231,Name_12605,9000012605,Address 12605
12606,Telugu,Female,521106232,Name_12606,9000012606,Address 12606
12607,English,Male,521106232,Name_12607,9000012607,Address 12607
12608,Hindi,Female,521106232,Name_12608,9000012608,Address 12608
12609,Telugu,Male,521106232,Name_12609,9000012609,Address 12609
12610,English,Female,521106232,Name_12610,9000012610,Address 12610
12611,Hindi,Male,521106232,Name_12611,9000012611,Address 12611
12612,Telugu,Female,521106232,Name_12612,9000012612,Address 12612
12613,English,Male,521106232,Name_12613,9000012613,Address 12613
12614,Hindi,Female,521106232,Name_12614,9000012614,Address 12614
12615,Telugu,Male,521106232,Name_12615,9000012615,Address 12615
12616,English,Female,521106232,Name_12616,9000012616,Address 12616
12617,Hindi,Male,521106232,Name_12617,9000012617,Address 12617
12618,Telugu,Female,521106232,Name_12618,9000012618,Address 12618
12619,English,Male,521106232,Name_12619,9000012619,Address 12619
12620,Hindi,Female,521106232,Name_12620,9000012620,Address 12620
12621,Telugu,Male,521106232,Name_12621,9000012621,Address 12621
12622,English,Female,521106232,Name_12622,9000012622,Address 12622
12623,Hindi,Male,521106232,Name_12623,9000012623,Address 12623
12624,Telugu,Female,521106232,Name_12624,9000012624,Address 12624
12625,English,Male,521106232,Name_12625,9000012625,Address 12625
12626,Hindi,Female,521106232,Name_12626,9000012626,Address 12626
12627,Telugu,Male,521106233,Name_12627,9000012627,Address 12627
12628,English,Female,521106233,Name_12628,9000012628,Address 12628
12629,Hindi,Male,521106233,Name_12629,9000012629,Address 12629
12630,Telugu,Female,521106233,Name_12630,9000012630,Address 12630
12631,English,Male,521106233,Name_12631,9000012631,Address 12631
12632,Hindi,Female,521106233,Name_12632,9000012632,Address 12632
12633,Telugu,Male,521106233,Name_12633,9000012633,Address 12633
12634,English,Female,521106233,Name_12634,9000012634,Address 12634
12635,Hindi,Male,521106233,Name_12635,9000012635,Address 12635
12636,Telugu,Female,521106233,Name_12636,9000012636,Address 12636
12637,English,Male,521106233,Name_12637,9000012637,Address 12637
12638,Hindi,Female,521106233,Name_12638,9000012638,Address 12638
12639,Telugu,Male,521106233,Name_12639,9000012639,Address 12639
12640,English,Female,521106233,Name_12640,9000012640,Address 12640
12641,Hindi,Male,521106233,Name_12641,9000012641,Address 12641
12642,Telugu,Female,521106233,Name_12642,9000012642,Address 12642
12643,English,Male,521106233,Name_12643,9000012643,Address 12643
12644,Hindi,Female,521106233,Name_12644,9000012644,Address 12644
12645,Telugu,Male,521106233,Name_12645,9000012645,Address 12645
12646,English,Female,521106233,Name_12646,9000012646,Address 12646
12647,Hindi,Male,521106233,Name_12647,9000012647,Address 12647
12648,Telugu,Female,521106234,Name_12648,9000012648,Address 12648
12649,English,Male,521106234,Name_12649,9000012649,Address 12649
12650,Hindi,Female,521106234,Name_12650,9000012650,Address 12650
12651,Telugu,Male,521106234,Name_12651,9000012651,Address 12651
12652,English,Female,521106234,Name_12652,9000012652,Address 12652
12653,Hindi,Male,521106234,Name_12653,9000012653,Address 12653
12654,Telugu,Female,521106234,Name_12654,9000012654,Address 12654
12655,English,Male,521106234,Name_12655,9000012655,Address 12655
12656,Hindi,Female,521106234,Name_12656,9000012656,Address 12656
12657,Telugu,Male,521106234,Name_12657,9000012657,Address 12657
12658,English,Female,521106234,Name_12658,9000012658,Address 12658
12659,Hindi,Male,521106234,Name_12659,9000012659,Address 12659
12660,Telugu,Female,521106234,Name_12660,9000012660,Address 12660
12661,English,Male,521106234,Name_12661,9000012661,Address 12661
12662,Hindi,Female,521106234,Name_12662,9000012662,Address 12662
12663,Telugu,Male,521106234,Name_12663,9000012663,Address 12663
12664,English,Female,521106234,Name_12664,9000012664,Address 12664
12665,Hindi,Male,521106234,Name_12665,9000012665,Address 12665
12666,Telugu,Female,521106234,Name_12666,9000012666,Address 12666
12667,English,Male,521106234,Name_12667,9000012667,Address 12667
12668,Hindi,Female,521106234,Name_12668,9000012668,Address 12668
12669,Telugu,Male,521106238,Name_12669,9000012669,Address 12669
12670,English,Female,521106238,Name_12670,9000012670,Address 12670
12671,Hindi,Male,521106238,Name_12671,9000012671,Address 12671
12672,Telugu,Female,521106238,Name_12672,9000012672,Address 12672
12673,English,Male,521106238,Name_12673,9000012673,Address 12673
12674,Hindi,Female,521106238,Name_12674,9000012674,Address 12674
12675,Telugu,Male,521106238,Name_12675,9000012675,Address 12675
12676,English,Female,521106238,Name_12676,9000012676,Address 12676
12677,Hindi,Male,521106238,Name_12677,9000012677,Address 12677
12678,Telugu,Female,521106238,Name_12678,9000012678,Address 12678
12679,English,Male,521106238,Name_12679,9000012679,Address 12679
12680,Hindi,Female,521106238,Name_12680,9000012680,Address 12680
12681,Telugu,Male,521106238,Name_12681,9000012681,Address 12681
12682,English,Female,521106238,Name_12682,9000012682,Address 12682
12683,Hindi,Male,521106238,Name_12683,9000012683,Address 12683
12684,Telugu,Female,521106238,Name_12684,9000012684,Address 12684
12685,English,Male,521106238,Name_12685,9000012685,Address 12685
12686,Hindi,Female,521106238,Name_12686,9000012686,Address 12686
12687,Telugu,Male,521106238,Name_12687,9000012687,Address 12687
12688,English,Female,521106238,Name_12688,9000012688,Address 12688
12689,Hindi,Male,521106238,Name_12689,9000012689,Address 12689
12690,Telugu,Female,521106239,Name_12690,9000012690,Address 12690
12691,English,Male,521106239,Name_12691,9000012691,Address 12691
12692,Hindi,Female,521106239,Name_12692,9000012692,Address 12692
12693,Telugu,Male,521106239,Name_12693,9000012693,Address 12693
12694,English,Female,521106239,Name_12694,9000012694,Address 12694
12695,Hindi,Male,521106239,Name_12695,9000012695,Address 12695
12696,Telugu,Female,521106239,Name_12696,9000012696,Address 12696
12697,English,Male,521106239,Name_12697,9000012697,Address 12697
12698,Hindi,Female,521106239,Name_12698,9000012698,Address 12698
12699,Telugu,Male,521106239,Name_12699,9000012699,Address 12699
12700,English,Female,521106239,Name_12700,9000012700,Address 12700
12701,Hindi,Male,521106239,Name_12701,9000012701,Address 12701
12702,Telugu,Female,521106239,Name_12702,9000012702,Address 12702
12703,English,Male,521106239,Name_12703,9000012703,Address 12703
12704,Hindi,Female,521106239,Name_12704,9000012704,Address 12704
12705,Telugu,Male,521106239,Name_12705,9000012705,Address 12705
12706,English,Female,521106239,Name_12706,9000012706,Address 12706
12707,Hindi,Male,521106239,Name_12707,9000012707,Address 12707
12708,Telugu,Female,521106239,Name_12708,9000012708,Address 12708
12709,English,Male,521106239,Name_12709,9000012709,Address 12709
12710,Hindi,Female,521106239,Name_12710,9000012710,Address 12710
12711,Telugu,Male,521106240,Name_12711,9000012711,Address 12711
12712,English,Female,521106240,Name_12712,9000012712,Address 12712
12713,Hindi,Male,521106240,Name_12713,9000012713,Address 12713
12714,Telugu,Female,521106240,Name_12714,9000012714,Address 12714
12715,English,Male,521106240,Name_12715,9000012715,Address 12715
12716,Hindi,Female,521106240,Name_12716,9000012716,Address 12716
12717,Telugu,Male,521106240,Name_12717,9000012717,Address 12717
12718,English,Female,521106240,Name_12718,9000012718,Address 12718
12719,Hindi,Male,521106240,Name_12719,9000012719,Address 12719
12720,Telugu,Female,521106240,Name_12720,9000012720,Address 12720
12721,English,Male,521106240,Name_12721,9000012721,Address 12721
12722,Hindi,Female,521106240,Name_12722,9000012722,Address 12722
12723,Telugu,Male,521106240,Name_12723,9000012723,Address 12723
12724,English,Female,521106240,Name_12724,9000012724,Address 12724
12725,Hindi,Male,521106240,Name_12725,9000012725,Address 12725
12726,Telugu,Female,521106240,Name_12726,9000012726,Address 12726
12727,English,Male,521106240,Name_12727,9000012727,Address 12727
12728,Hindi,Female,521106240,Name_12728,9000012728,Address 12728
12729,Telugu,Male,521106240,Name_12729,9000012729,Address 12729
12730,English,Female,521106240,Name_12730,9000012730,Address 12730
12731,Hindi,Male,521106240,Name_12731,9000012731,Address 12731
12732,Telugu,Female,521106241,Name_12732,9000012732,Address 12732
12733,English,Male,521106241,Name_12733,9000012733,Address 12733
12734,Hindi,Female,521106241,Name_12734,9000012734,Address 12734
12735,Telugu,Male,521106241,Name_12735,9000012735,Address 12735
12736,English,Female,521106241,Name_12736,9000012736,Address 12736
12737,Hindi,Male,521106241,Name_12737,9000012737,Address 12737
12738,Telugu,Female,521106241,Name_12738,9000012738,Address 12738
12739,English,Male,521106241,Name_12739,9000012739,Address 12739
12740,Hindi,Female,521106241,Name_12740,9000012740,Address 12740
12741,Telugu,Male,521106241,Name_12741,9000012741,Address 12741
12742,English,Female,521106241,Name_12742,9000012742,Address 12742
12743,Hindi,Male,521106241,Name_12743,9000012743,Address 12743
12744,Telugu,Female,521106241,Name_12744,9000012744,Address 12744
12745,English,Male,521106241,Name_12745,9000012745,Address 12745
12746,Hindi,Female,521106241,Name_12746,9000012746,Address 12746
12747,Telugu,Male,521106241,Name_12747,9000012747,Address 12747
12748,English,Female,521106241,Name_12748,9000012748,Address 12748
12749,Hindi,Male,521106241,Name_12749,9000012749,Address 12749
12750,Telugu,Female,521106241,Name_12750,9000012750,Address 12750
12751,English,Male,521106241,Name_12751,9000012751,Address 12751
12752,Hindi,Female,521106241,Name_12752,9000012752,Address 12752
12753,Telugu,Male,521106242,Name_12753,9000012753,Address 12753
12754,English,Female,521106242,Name_12754,9000012754,Address 12754
12755,Hindi,Male,521106242,Name_12755,9000012755,Address 12755
12756,Telugu,Female,521106242,Name_12756,9000012756,Address 12756
12757,English,Male,521106242,Name_12757,9000012757,Address 12757
12758,Hindi,Female,521106242,Name_12758,9000012758,Address 12758
12759,Telugu,Male,521106242,Name_12759,9000012759,Address 12759
12760,English,Female,521106242,Name_12760,9000012760,Address 12760
12761,Hindi,Male,521106242,Name_12761,9000012761,Address 12761
12762,Telugu,Female,521106242,Name_12762,9000012762,Address 12762
12763,English,Male,521106242,Name_12763,9000012763,Address 12763
12764,Hindi,Female,521106242,Name_12764,9000012764,Address 12764
12765,Telugu,Male,521106242,Name_12765,9000012765,Address 12765
12766,English,Female,521106242,Name_12766,9000012766,Address 12766
12767,Hindi,Male,521106242,Name_12767,9000012767,Address 12767
12768,Telugu,Female,521106242,Name_12768,9000012768,Address 12768
12769,English,Male,521106242,Name_12769,9000012769,Address 12769
12770,Hindi,Female,521106242,Name_12770,9000012770,Address 12770
12771,Telugu,Male,521106242,Name_12771,9000012771,Address 12771
12772,English,Female,521106242,Name_12772,9000012772,Address 12772
12773,Hindi,Male,521106242,Name_12773,9000012773,Address 12773
12774,Telugu,Female,521106243,Name_12774,9000012774,Address 12774
12775,English,Male,521106243,Name_12775,9000012775,Address 12775
12776,Hindi,Female,521106243,Name_12776,9000012776,Address 12776
12777,Telugu,Male,521106243,Name_12777,9000012777,Address 12777
12778,English,Female,521106243,Name_12778,9000012778,Address 12778
12779,Hindi,Male,521106243,Name_12779,9000012779,Address 12779
12780,Telugu,Female,521106243,Name_12780,9000012780,Address 12780
12781,English,Male,521106243,Name_12781,9000012781,Address 12781
12782,Hindi,Female,521106243,Name_12782,9000012782,Address 12782
12783,Telugu,Male,521106243,Name_12783,9000012783,Address 12783
12784,English,Female,521106243,Name_12784,9000012784,Address 12784
12785,Hindi,Male,521106243,Name_12785,9000012785,Address 12785
12786,Telugu,Female,521106243,Name_12786,9000012786,Address 12786
12787,English,Male,521106243,Name_12787,9000012787,Address 12787
12788,Hindi,Female,521106243,Name_12788,9000012788,Address 12788
12789,Telugu,Male,521106243,Name_12789,9000012789,Address 12789
12790,English,Female,521106243,Name_12790,9000012790,Address 12790
12791,Hindi,Male,521106243,Name_12791,9000012791,Address 12791
12792,Telugu,Female,521106243,Name_12792,9000012792,Address 12792
12793,English,Male,521106243,Name_12793,9000012793,Address 12793
12794,Hindi,Female,521106243,Name_12794,9000012794,Address 12794
12795,Telugu,Male,521106244,Name_12795,9000012795,Address 12795
12796,English,Female,521106244,Name_12796,9000012796,Address 12796
12797,Hindi,Male,521106244,Name_12797,9000012797,Address 12797
12798,Telugu,Female,521106244,Name_12798,9000012798,Address 12798
12799,English,Male,521106244,Name_12799,9000012799,Address 12799
12800,Hindi,Female,521106244,Name_12800,9000012800,Address 12800
12801,Telugu,Male,521106244,Name_12801,9000012801,Address 12801
12802,English,Female,521106244,Name_12802,9000012802,Address 12802
12803,Hindi,Male,521106244,Name_12803,9000012803,Address 12803
12804,Telugu,Female,521106244,Name_12804,9000012804,Address 12804
12805,English,Male,521106244,Name_12805,9000012805,Address 12805
12806,Hindi,Female,521106244,Name_12806,9000012806,Address 12806
12807,Telugu,Male,521106244,Name_12807,9000012807,Address 12807
12808,English,Female,521106244,Name_12808,9000012808,Address 12808
12809,Hindi,Male,521106244,Name_12809,9000012809,Address 12809
12810,Telugu,Female,521106244,Name_12810,9000012810,Address 12810
12811,English,Male,521106244,Name_12811,9000012811,Address 12811
12812,Hindi,Female,521106244,Name_12812,9000012812,Address 12812
12813,Telugu,Male,521106244,Name_12813,9000012813,Address 12813
12814,English,Female,521106244,Name_12814,9000012814,Address 12814
12815,Hindi,Male,521106244,Name_12815,9000012815,Address 12815
12816,Telugu,Female,521106245,Name_12816,9000012816,Address 12816
12817,English,Male,521106245,Name_12817,9000012817,Address 12817
12818,Hindi,Female,521106245,Name_12818,9000012818,Address 12818
12819,Telugu,Male,521106245,Name_12819,9000012819,Address 12819
12820,English,Female,521106245,Name_12820,9000012820,Address 12820
12821,Hindi,Male,521106245,Name_12821,9000012821,Address 12821
12822,Telugu,Female,521106245,Name_12822,9000012822,Address 12822
12823,English,Male,521106245,Name_12823,9000012823,Address 12823
12824,Hindi,Female,521106245,Name_12824,9000012824,Address 12824
12825,Telugu,Male,521106245,Name_12825,9000012825,Address 12825
12826,English,Female,521106245,Name_12826,9000012826,Address 12826
12827,Hindi,Male,521106245,Name_12827,9000012827,Address 12827
12828,Telugu,Female,521106245,Name_12828,9000012828,Address 12828
12829,English,Male,521106245,Name_12829,9000012829,Address 12829
12830,Hindi,Female,521106245,Name_12830,9000012830,Address 12830
12831,Telugu,Male,521106245,Name_12831,9000012831,Address 12831
12832,English,Female,521106245,Name_12832,9000012832,Address 12832
12833,Hindi,Male,521106245,Name_12833,9000012833,Address 12833
12834,Telugu,Female,521106245,Name_12834,9000012834,Address 12834
12835,English,Male,521106245,Name_12835,9000012835,Address 12835
12836,Hindi,Female,521106245,Name_12836,9000012836,Address 12836
12837,Telugu,Male,521106246,Name_12837,9000012837,Address 12837
12838,English,Female,521106246,Name_12838,9000012838,Address 12838
12839,Hindi,Male,521106246,Name_12839,9000012839,Address 12839
12840,Telugu,Female,521106246,Name_12840,9000012840,Address 12840
12841,English,Male,521106246,Name_12841,9000012841,Address 12841
12842,Hindi,Female,521106246,Name_12842,9000012842,Address 12842
12843,Telugu,Male,521106246,Name_12843,9000012843,Address 12843
12844,English,Female,521106246,Name_12844,9000012844,Address 12844
12845,Hindi,Male,521106246,Name_12845,9000012845,Address 12845
12846,Telugu,Female,521106246,Name_12846,9000012846,Address 12846
12847,English,Male,521106246,Name_12847,9000012847,Address 12847
12848,Hindi,Female,521106246,Name_12848,9000012848,Address 12848
12849,Telugu,Male,521106246,Name_12849,9000012849,Address 12849
12850,English,Female,521106246,Name_12850,9000012850,Address 12850
12851,Hindi,Male,521106246,Name_12851,9000012851,Address 12851
12852,Telugu,Female,521106246,Name_12852,9000012852,Address 12852
12853,English,Male,521106246,Name_12853,9000012853,Address 12853
12854,Hindi,Female,521106246,Name_12854,9000012854,Address 12854
12855,Telugu,Male,521106246,Name_12855,9000012855,Address 12855
12856,English,Female,521106246,Name_12856,9000012856,Address 12856
12857,Hindi,Male,521106246,Name_12857,9000012857,Address 12857
12858,Telugu,Female,521106251,Name_12858,9000012858,Address 12858
12859,English,Male,521106251,Name_12859,9000012859,Address 12859
12860,Hindi,Female,521106251,Name_12860,9000012860,Address 12860
12861,Telugu,Male,521106251,Name_12861,9000012861,Address 12861
12862,English,Female,521106251,Name_12862,9000012862,Address 12862
12863,Hindi,Male,521106251,Name_12863,9000012863,Address 12863
12864,Telugu,Female,521106251,Name_12864,9000012864,Address 12864
12865,English,Male,521106251,Name_12865,9000012865,Address 12865
12866,Hindi,Female,521106251,Name_12866,9000012866,Address 12866
12867,Telugu,Male,521106251,Name_12867,9000012867,Address 12867
12868,English,Female,521106251,Name_12868,9000012868,Address 12868
12869,Hindi,Male,521106251,Name_12869,9000012869,Address 12869
12870,Telugu,Female,521106251,Name_12870,9000012870,Address 12870
12871,English,Male,521106251,Name_12871,9000012871,Address 12871
12872,Hindi,Female,521106251,Name_12872,9000012872,Address 12872
12873,Telugu,Male,521106251,Name_12873,9000012873,Address 12873
12874,English,Female,521106251,Name_12874,9000012874,Address 12874
12875,Hindi,Male,521106251,Name_12875,9000012875,Address 12875
12876,Telugu,Female,521106251,Name_12876,9000012876,Address 12876
12877,English,Male,521106251,Name_12877,9000012877,Address 12877
12878,Hindi,Female,521106251,Name_12878,9000012878,Address 12878
12879,Telugu,Male,521106252,Name_12879,9000012879,Address 12879
12880,English,Female,521106252,Name_12880,9000012880,Address 12880
12881,Hindi,Male,521106252,Name_12881,9000012881,Address 12881
12882,Telugu,Female,521106252,Name_12882,9000012882,Address 12882
12883,English,Male,521106252,Name_12883,9000012883,Address 12883
12884,Hindi,Female,521106252,Name_12884,9000012884,Address 12884
12885,Telugu,Male,521106252,Name_12885,9000012885,Address 12885
12886,English,Female,521106252,Name_12886,9000012886,Address 12886
12887,Hindi,Male,521106252,Name_12887,9000012887,Address 12887
12888,Telugu,Female,521106252,Name_12888,9000012888,Address 12888
12889,English,Male,521106252,Name_12889,9000012889,Address 12889
12890,Hindi,Female,521106252,Name_12890,9000012890,Address 12890
12891,Telugu,Male,521106252,Name_12891,9000012891,Address 12891
12892,English,Female,521106252,Name_12892,9000012892,Address 12892
12893,Hindi,Male,521106252,Name_12893,9000012893,Address 12893
12894,Telugu,Female,521106252,Name_12894,9000012894,Address 12894
12895,English,Male,521106252,Name_12895,9000012895,Address 12895
12896,Hindi,Female,521106252,Name_12896,9000012896,Address 12896
12897,Telugu,Male,521106252,Name_12897,9000012897,Address 12897
12898,English,Female,521106252,Name_12898,9000012898,Address 12898
12899,Hindi,Male,521106252,Name_12899,9000012899,Address 12899
12900,Telugu,Female,521106253,Name_12900,9000012900,Address 12900
12901,English,Male,521106253,Name_12901,9000012901,Address 12901
12902,Hindi,Female,521106253,Name_12902,9000012902,Address 12902
12903,Telugu,Male,521106253,Name_12903,9000012903,Address 12903
12904,English,Female,521106253,Name_12904,9000012904,Address 12904
12905,Hindi,Male,521106253,Name_12905,9000012905,Address 12905
12906,Telugu,Female,521106253,Name_12906,9000012906,Address 12906
12907,English,Male,521106253,Name_12907,9000012907,Address 12907
12908,Hindi,Female,521106253,Name_12908,9000012908,Address 12908
12909,Telugu,Male,521106253,Name_12909,9000012909,Address 12909
12910,English,Female,521106253,Name_12910,9000012910,Address 12910
12911,Hindi,Male,521106253,Name_12911,9000012911,Address 12911
12912,Telugu,Female,521106253,Name_12912,9000012912,Address 12912
12913,English,Male,521106253,Name_12913,9000012913,Address 12913
12914,Hindi,Female,521106253,Name_12914,9000012914,Address 12914
12915,Telugu,Male,521106253,Name_12915,9000012915,Address 12915
12916,English,Female,521106253,Name_12916,9000012916,Address 12916
12917,Hindi,Male,521106253,Name_12917,9000012917,Address 12917
12918,Telugu,Female,521106253,Name_12918,9000012918,Address 12918
12919,English,Male,521106253,Name_12919,9000012919,Address 12919
12920,Hindi,Female,521106253,Name_12920,9000012920,Address 12920
12921,Telugu,Male,521106254,Name_12921,9000012921,Address 12921
12922,English,Female,521106254,Name_12922,9000012922,Address 12922
12923,Hindi,Male,521106254,Name_12923,9000012923,Address 12923
12924,Telugu,Female,521106254,Name_12924,9000012924,Address 12924
12925,English,Male,521106254,Name_12925,9000012925,Address 12925
12926,Hindi,Female,521106254,Name_12926,9000012926,Address 12926
12927,Telugu,Male,521106254,Name_12927,9000012927,Address 12927
12928,English,Female,521106254,Name_12928,9000012928,Address 12928
12929,Hindi,Male,521106254,Name_12929,9000012929,Address 12929
12930,Telugu,Female,521106254,Name_12930,9000012930,Address 12930
12931,English,Male,521106254,Name_12931,9000012931,Address 12931
12932,Hindi,Female,521106254,Name_12932,9000012932,Address 12932
12933,Telugu,Male,521106254,Name_12933,9000012933,Address 12933
12934,English,Female,521106254,Name_12934,9000012934,Address 12934
12935,Hindi,Male,521106254,Name_12935,9000012935,Address 12935
12936,Telugu,Female,521106254,Name_12936,9000012936,Address 12936
12937,English,Male,521106254,Name_12937,9000012937,Address 12937
12938,Hindi,Female,521106254,Name_12938,9000012938,Address 12938
12939,Telugu,Male,521106254,Name_12939,9000012939,Address 12939
12940,English,Female,521106254,Name_12940,9000012940,Address 12940
12941,Hindi,Male,521106254,Name_12941,9000012941,Address 12941
12942,Telugu,Female,52111614,Name_12942,9000012942,Address 12942
12943,English,Male,52111614,Name_12943,9000012943,Address 12943
12944,Hindi,Female,52111614,Name_12944,9000012944,Address 12944
12945,Telugu,Male,52111614,Name_12945,9000012945,Address 12945
12946,English,Female,52111614,Name_12946,9000012946,Address 12946
12947,Hindi,Male,52111614,Name_12947,9000012947,Address 12947
12948,Telugu,Female,52111614,Name_12948,9000012948,Address 12948
12949,English,Male,52111614,Name_12949,9000012949,Address 12949
12950,Hindi,Female,52111614,Name_12950,9000012950,Address 12950
12951,Telugu,Male,52111614,Name_12951,9000012951,Address 12951
12952,English,Female,52111614,Name_12952,9000012952,Address 12952
12953,Hindi,Male,52111614,Name_12953,9000012953,Address 12953
12954,Telugu,Female,52111614,Name_12954,9000012954,Address 12954
12955,English,Male,52111614,Name_12955,9000012955,Address 12955
12956,Hindi,Female,52111614,Name_12956,9000012956,Address 12956
12957,Telugu,Male,52111614,Name_12957,9000012957,Address 12957
12958,English,Female,52111614,Name_12958,9000012958,Address 12958
12959,Hindi,Male,52111614,Name_12959,9000012959,Address 12959
12960,Telugu,Female,52111614,Name_12960,9000012960,Address 12960
12961,English,Male,52111614,Name_12961,9000012961,Address 12961
12962,Hindi,Female,52111614,Name_12962,9000012962,Address 12962
12963,Telugu,Male,52111623,Name_12963,9000012963,Address 12963
12964,English,Female,52111623,Name_12964,9000012964,Address 12964
12965,Hindi,Male,52111623,Name_12965,9000012965,Address 12965
12966,Telugu,Female,52111623,Name_12966,9000012966,Address 12966
12967,English,Male,52111623,Name_12967,9000012967,Address 12967
12968,Hindi,Female,52111623,Name_12968,9000012968,Address 12968
12969,Telugu,Male,52111623,Name_12969,9000012969,Address 12969
12970,English,Female,52111623,Name_12970,9000012970,Address 12970
12971,Hindi,Male,52111623,Name_12971,9000012971,Address 12971
12972,Telugu,Female,52111623,Name_12972,9000012972,Address 12972
12973,English,Male,52111623,Name_12973,9000012973,Address 12973
12974,Hindi,Female,52111623,Name_12974,9000012974,Address 12974
12975,Telugu,Male,52111623,Name_12975,9000012975,Address 12975
12976,English,Female,52111623,Name_12976,9000012976,Address 12976
12977,Hindi,Male,52111623,Name_12977,9000012977,Address 12977
12978,Telugu,Female,52111623,Name_12978,9000012978,Address 12978
12979,English,Male,52111623,Name_12979,9000012979,Address 12979
12980,Hindi,Female,52111623,Name_12980,9000012980,Address 12980
12981,Telugu,Male,52111623,Name_12981,9000012981,Address 12981
12982,English,Female,52111623,Name_12982,9000012982,Address 12982
12983,Hindi,Male,52111623,Name_12983,9000012983,Address 12983
12984,Telugu,Female,52111628,Name_12984,9000012984,Address 12984
12985,English,Male,52111628,Name_12985,9000012985,Address 12985
12986,Hindi,Female,52111628,Name_12986,9000012986,Address 12986
12987,Telugu,Male,52111628,Name_12987,9000012987,Address 12987
12988,English,Female,52111628,Name_12988,9000012988,Address 12988
12989,Hindi,Male,52111628,Name_12989,9000012989,Address 12989
12990,Telugu,Female,52111628,Name_12990,9000012990,Address 12990
12991,English,Male,52111628,Name_12991,9000012991,Address 12991
12992,Hindi,Female,52111628,Name_12992,9000012992,Address 12992
12993,Telugu,Male,52111628,Name_12993,9000012993,Address 12993
12994,English,Female,52111628,Name_12994,9000012994,Address 12994
12995,Hindi,Male,52111628,Name_12995,9000012995,Address 12995
12996,Telugu,Female,52111628,Name_12996,9000012996,Address 12996
12997,English,Male,52111628,Name_12997,9000012997,Address 12997
12998,Hindi,Female,52111628,Name_12998,9000012998,Address 12998
12999,Telugu,Male,52111628,Name_12999,9000012999,Address 12999
13000,English,Female,52111628,Name_13000,9000013000,Address 13000
13001,Hindi,Male,52111628,Name_13001,9000013001,Address 13001
13002,Telugu,Female,52111628,Name_13002,9000013002,Address 13002
13003,English,Male,52111628,Name_13003,9000013003,Address 13003
13004,Hindi,Female,52111628,Name_13004,9000013004,Address 13004
13005,Telugu,Male,52111629,Name_13005,9000013005,Address 13005
13006,English,Female,52111629,Name_13006,9000013006,Address 13006
13007,Hindi,Male,52111629,Name_13007,9000013007,Address 13007
13008,Telugu,Female,52111629,Name_13008,9000013008,Address 13008
13009,English,Male,52111629,Name_13009,9000013009,Address 13009
13010,Hindi,Female,52111629,Name_13010,9000013010,Address 13010
13011,Telugu,Male,52111629,Name_13011,9000013011,Address 13011
13012,English,Female,52111629,Name_13012,9000013012,Address 13012
13013,Hindi,Male,52111629,Name_13013,9000013013,Address 13013
13014,Telugu,Female,52111629,Name_13014,9000013014,Address 13014
13015,English,Male,52111629,Name_13015,9000013015,Address 13015
13016,Hindi,Female,52111629,Name_13016,9000013016,Address 13016
13017,Telugu,Male,52111629,Name_13017,9000013017,Address 13017
13018,English,Female,52111629,Name_13018,9000013018,Address 13018
13019,Hindi,Male,52111629,Name_13019,9000013019,Address 13019
13020,Telugu,Female,52111629,Name_13020,9000013020,Address 13020
13021,English,Male,52111629,Name_13021,9000013021,Address 13021
13022,Hindi,Female,52111629,Name_13022,9000013022,Address 13022
13023,Telugu,Male,52111629,Name_13023,9000013023,Address 13023
13024,English,Female,52111629,Name_13024,9000013024,Address 13024
13025,Hindi,Male,52111629,Name_13025,9000013025,Address 13025
13026,Telugu,Female,5211163,Name_13026,9000013026,Address 13026
13027,English,Male,5211163,Name_13027,9000013027,Address 13027
13028,Hindi,Female,5211163,Name_13028,9000013028,Address 13028
13029,Telugu,Male,5211163,Name_13029,9000013029,Address 13029
13030,English,Female,5211163,Name_13030,9000013030,Address 13030
13031,Hindi,Male,5211163,Name_13031,9000013031,Address 13031
13032,Telugu,Female,5211163,Name_13032,9000013032,Address 13032
13033,English,Male,5211163,Name_13033,9000013033,Address 13033
13034,Hindi,Female,5211163,Name_13034,9000013034,Address 13034
13035,Telugu,Male,5211163,Name_13035,9000013035,Address 13035
13036,English,Female,5211163,Name_13036,9000013036,Address 13036
13037,Hindi,Male,5211163,Name_13037,9000013037,Address 13037
13038,Telugu,Female,5211163,Name_13038,9000013038,Address 13038
13039,English,Male,5211163,Name_13039,9000013039,Address 13039
13040,Hindi,Female,5211163,Name_13040,9000013040,Address 13040
13041,Telugu,Male,5211163,Name_13041,9000013041,Address 13041
13042,English,Female,5211163,Name_13042,9000013042,Address 13042
13043,Hindi,Male,5211163,Name_13043,9000013043,Address 13043
13044,Telugu,Female,5211163,Name_13044,9000013044,Address 13044
13045,English,Male,5211163,Name_13045,9000013045,Address 13045
13046,Hindi,Female,5211163,Name_13046,9000013046,Address 13046
13047,Telugu,Male,52111647,Name_13047,9000013047,Address 13047
13048,English,Female,52111647,Name_13048,9000013048,Address 13048
13049,Hindi,Male,52111647,Name_13049,9000013049,Address 13049
13050,Telugu,Female,52111647,Name_13050,9000013050,Address 13050
13051,English,Male,52111647,Name_13051,9000013051,Address 13051
13052,Hindi,Female,52111647,Name_13052,9000013052,Address 13052
13053,Telugu,Male,52111647,Name_13053,9000013053,Address 13053
13054,English,Female,52111647,Name_13054,9000013054,Address 13054
13055,Hindi,Male,52111647,Name_13055,9000013055,Address 13055
13056,Telugu,Female,52111647,Name_13056,9000013056,Address 13056
13057,English,Male,52111647,Name_13057,9000013057,Address 13057
13058,Hindi,Female,52111647,Name_13058,9000013058,Address 13058
13059,Telugu,Male,52111647,Name_13059,9000013059,Address 13059
13060,English,Female,52111647,Name_13060,9000013060,Address 13060
13061,Hindi,Male,52111647,Name_13061,9000013061,Address 13061
13062,Telugu,Female,52111647,Name_13062,9000013062,Address 13062
13063,English,Male,52111647,Name_13063,9000013063,Address 13063
13064,Hindi,Female,52111647,Name_13064,9000013064,Address 13064
13065,Telugu,Male,52111647,Name_13065,9000013065,Address 13065
13066,English,Female,52111647,Name_13066,9000013066,Address 13066
13067,Hindi,Male,52111647,Name_13067,9000013067,Address 13067
13068,Telugu,Female,52111649,Name_13068,9000013068,Address 13068
13069,English,Male,52111649,Name_13069,9000013069,Address 13069
13070,Hindi,Female,52111649,Name_13070,9000013070,Address 13070
13071,Telugu,Male,52111649,Name_13071,9000013071,Address 13071
13072,English,Female,52111649,Name_13072,9000013072,Address 13072
13073,Hindi,Male,52111649,Name_13073,9000013073,Address 13073
13074,Telugu,Female,52111649,Name_13074,9000013074,Address 13074
13075,English,Male,52111649,Name_13075,9000013075,Address 13075
13076,Hindi,Female,52111649,Name_13076,9000013076,Address 13076
13077,Telugu,Male,52111649,Name_13077,9000013077,Address 13077
13078,English,Female,52111649,Name_13078,9000013078,Address 13078
13079,Hindi,Male,52111649,Name_13079,9000013079,Address 13079
13080,Telugu,Female,52111649,Name_13080,9000013080,Address 13080
13081,English,Male,52111649,Name_13081,9000013081,Address 13081
13082,Hindi,Female,52111649,Name_13082,9000013082,Address 13082
13083,Telugu,Male,52111649,Name_13083,9000013083,Address 13083
13084,English,Female,52111649,Name_13084,9000013084,Address 13084
13085,Hindi,Male,52111649,Name_13085,9000013085,Address 13085
13086,Telugu,Female,52111649,Name_13086,9000013086,Address 13086
13087,English,Male,52111649,Name_13087,9000013087,Address 13087
13088,Hindi,Female,52111649,Name_13088,9000013088,Address 13088
13089,Telugu,Male,5211165,Name_13089,9000013089,Address 13089
13090,English,Female,5211165,Name_13090,9000013090,Address 13090
13091,Hindi,Male,5211165,Name_13091,9000013091,Address 13091
13092,Telugu,Female,5211165,Name_13092,9000013092,Address 13092
13093,English,Male,5211165,Name_13093,9000013093,Address 13093
13094,Hindi,Female,5211165,Name_13094,9000013094,Address 13094
13095,Telugu,Male,5211165,Name_13095,9000013095,Address 13095
13096,English,Female,5211165,Name_13096,9000013096,Address 13096
13097,Hindi,Male,5211165,Name_13097,9000013097,Address 13097
13098,Telugu,Female,5211165,Name_13098,9000013098,Address 13098
13099,English,Male,5211165,Name_13099,9000013099,Address 13099
13100,Hindi,Female,5211165,Name_13100,9000013100,Address 13100
13101,Telugu,Male,5211165,Name_13101,9000013101,Address 13101
13102,English,Female,5211165,Name_13102,9000013102,Address 13102
13103,Hindi,Male,5211165,Name_13103,9000013103,Address 13103
13104,Telugu,Female,5211165,Name_13104,9000013104,Address 13104
13105,English,Male,5211165,Name_13105,9000013105,Address 13105
13106,Hindi,Female,5211165,Name_13106,9000013106,Address 13106
13107,Telugu,Male,5211165,Name_13107,9000013107,Address 13107
13108,English,Female,5211165,Name_13108,9000013108,Address 13108
13109,Hindi,Male,5211165,Name_13109,9000013109,Address 13109
13110,Telugu,Female,52111651,Name_13110,9000013110,Address 13110
13111,English,Male,52111651,Name_13111,9000013111,Address 13111
13112,Hindi,Female,52111651,Name_13112,9000013112,Address 13112
13113,Telugu,Male,52111651,Name_13113,9000013113,Address 13113
13114,English,Female,52111651,Name_13114,9000013114,Address 13114
13115,Hindi,Male,52111651,Name_13115,9000013115,Address 13115
13116,Telugu,Female,52111651,Name_13116,9000013116,Address 13116
13117,English,Male,52111651,Name_13117,9000013117,Address 13117
13118,Hindi,Female,52111651,Name_13118,9000013118,Address 13118
13119,Telugu,Male,52111651,Name_13119,9000013119,Address 13119
13120,English,Female,52111651,Name_13120,9000013120,Address 13120
13121,Hindi,Male,52111651,Name_13121,9000013121,Address 13121
13122,Telugu,Female,52111651,Name_13122,9000013122,Address 13122
13123,English,Male,52111651,Name_13123,9000013123,Address 13123
13124,Hindi,Female,52111651,Name_13124,9000013124,Address 13124
13125,Telugu,Male,52111651,Name_13125,9000013125,Address 13125
13126,English,Female,52111651,Name_13126,9000013126,Address 13126
13127,Hindi,Male,52111651,Name_13127,9000013127,Address 13127
13128,Telugu,Female,52111651,Name_13128,9000013128,Address 13128
13129,English,Male,52111651,Name_13129,9000013129,Address 13129
13130,Hindi,Female,52111651,Name_13130,9000013130,Address 13130
13131,Telugu,Male,52111654,Name_13131,9000013131,Address 13131
13132,English,Female,52111654,Name_13132,9000013132,Address 13132
13133,Hindi,Male,52111654,Name_13133,9000013133,Address 13133
13134,Telugu,Female,52111654,Name_13134,9000013134,Address 13134
13135,English,Male,52111654,Name_13135,9000013135,Address 13135
13136,Hindi,Female,52111654,Name_13136,9000013136,Address 13136
13137,Telugu,Male,52111654,Name_13137,9000013137,Address 13137
13138,English,Female,52111654,Name_13138,9000013138,Address 13138
13139,Hindi,Male,52111654,Name_13139,9000013139,Address 13139
13140,Telugu,Female,52111654,Name_13140,9000013140,Address 13140
13141,English,Male,52111654,Name_13141,9000013141,Address 13141
13142,Hindi,Female,52111654,Name_13142,9000013142,Address 13142
13143,Telugu,Male,52111654,Name_13143,9000013143,Address 13143
13144,English,Female,52111654,Name_13144,9000013144,Address 13144
13145,Hindi,Male,52111654,Name_13145,9000013145,Address 13145
13146,Telugu,Female,52111654,Name_13146,9000013146,Address 13146
13147,English,Male,52111654,Name_13147,9000013147,Address 13147
13148,Hindi,Female,52111654,Name_13148,9000013148,Address 13148
13149,Telugu,Male,52111654,Name_13149,9000013149,Address 13149
13150,English,Female,52111654,Name_13150,9000013150,Address 13150
13151,Hindi,Male,52111654,Name_13151,9000013151,Address 13151
13152,Telugu,Female,521117106,Name_13152,9000013152,Address 13152
13153,English,Male,521117106,Name_13153,9000013153,Address 13153
13154,Hindi,Female,521117106,Name_13154,9000013154,Address 13154
13155,Telugu,Male,521117106,Name_13155,9000013155,Address 13155
13156,English,Female,521117106,Name_13156,9000013156,Address 13156
13157,Hindi,Male,521117106,Name_13157,9000013157,Address 13157
13158,Telugu,Female,521117106,Name_13158,9000013158,Address 13158
13159,English,Male,521117106,Name_13159,9000013159,Address 13159
13160,Hindi,Female,521117106,Name_13160,9000013160,Address 13160
13161,Telugu,Male,521117106,Name_13161,9000013161,Address 13161
13162,English,Female,521117106,Name_13162,9000013162,Address 13162
13163,Hindi,Male,521117106,Name_13163,9000013163,Address 13163
13164,Telugu,Female,521117106,Name_13164,9000013164,Address 13164
13165,English,Male,521117106,Name_13165,9000013165,Address 13165
13166,Hindi,Female,521117106,Name_13166,9000013166,Address 13166
13167,Telugu,Male,521117106,Name_13167,9000013167,Address 13167
13168,English,Female,521117106,Name_13168,9000013168,Address 13168
13169,Hindi,Male,521117106,Name_13169,9000013169,Address 13169
13170,Telugu,Female,521117106,Name_13170,9000013170,Address 13170
13171,English,Male,521117106,Name_13171,9000013171,Address 13171
13172,Hindi,Female,521117106,Name_13172,9000013172,Address 13172
13173,Telugu,Male,52111796,Name_13173,9000013173,Address 13173
13174,English,Female,52111796,Name_13174,9000013174,Address 13174
13175,Hindi,Male,52111796,Name_13175,9000013175,Address 13175
13176,Telugu,Female,52111796,Name_13176,9000013176,Address 13176
13177,English,Male,52111796,Name_13177,9000013177,Address 13177
13178,Hindi,Female,52111796,Name_13178,9000013178,Address 13178
13179,Telugu,Male,52111796,Name_13179,9000013179,Address 13179
13180,English,Female,52111796,Name_13180,9000013180,Address 13180
13181,Hindi,Male,52111796,Name_13181,9000013181,Address 13181
13182,Telugu,Female,52111796,Name_13182,9000013182,Address 13182
13183,English,Male,52111796,Name_13183,9000013183,Address 13183
13184,Hindi,Female,52111796,Name_13184,9000013184,Address 13184
13185,Telugu,Male,52111796,Name_13185,9000013185,Address 13185
13186,English,Female,52111796,Name_13186,9000013186,Address 13186
13187,Hindi,Male,52111796,Name_13187,9000013187,Address 13187
13188,Telugu,Female,52111796,Name_13188,9000013188,Address 13188
13189,English,Male,52111796,Name_13189,9000013189,Address 13189
13190,Hindi,Female,52111796,Name_13190,9000013190,Address 13190
13191,Telugu,Male,52111796,Name_13191,9000013191,Address 13191
13192,English,Female,52111796,Name_13192,9000013192,Address 13192
13193,Hindi,Male,52111796,Name_13193,9000013193,Address 13193
13194,Telugu,Female,52111797,Name_13194,9000013194,Address 13194
13195,English,Male,52111797,Name_13195,9000013195,Address 13195
13196,Hindi,Female,52111797,Name_13196,9000013196,Address 13196
13197,Telugu,Male,52111797,Name_13197,9000013197,Address 13197
13198,English,Female,52111797,Name_13198,9000013198,Address 13198
13199,Hindi,Male,52111797,Name_13199,9000013199,Address 13199
13200,Telugu,Female,52111797,Name_13200,9000013200,Address 13200
13201,English,Male,52111797,Name_13201,9000013201,Address 13201
13202,Hindi,Female,52111797,Name_13202,9000013202,Address 13202
13203,Telugu,Male,52111797,Name_13203,9000013203,Address 13203
13204,English,Female,52111797,Name_13204,9000013204,Address 13204
13205,Hindi,Male,52111797,Name_13205,9000013205,Address 13205
13206,Telugu,Female,52111797,Name_13206,9000013206,Address 13206
13207,English,Male,52111797,Name_13207,9000013207,Address 13207
13208,Hindi,Female,52111797,Name_13208,9000013208,Address 13208
13209,Telugu,Male,52111797,Name_13209,9000013209,Address 13209
13210,English,Female,52111797,Name_13210,9000013210,Address 13210
13211,Hindi,Male,52111797,Name_13211,9000013211,Address 13211
13212,Telugu,Female,52111797,Name_13212,9000013212,Address 13212
13213,English,Male,52111797,Name_13213,9000013213,Address 13213
13214,Hindi,Female,52111797,Name_13214,9000013214,Address 13214
13215,Telugu,Male,52111799,Name_13215,9000013215,Address 13215
13216,English,Female,52111799,Name_13216,9000013216,Address 13216
13217,Hindi,Male,52111799,Name_13217,9000013217,Address 13217
13218,Telugu,Female,52111799,Name_13218,9000013218,Address 13218
13219,English,Male,52111799,Name_13219,9000013219,Address 13219
13220,Hindi,Female,52111799,Name_13220,9000013220,Address 13220
13221,Telugu,Male,52111799,Name_13221,9000013221,Address 13221
13222,English,Female,52111799,Name_13222,9000013222,Address 13222
13223,Hindi,Male,52111799,Name_13223,9000013223,Address 13223
13224,Telugu,Female,52111799,Name_13224,9000013224,Address 13224
13225,English,Male,52111799,Name_13225,9000013225,Address 13225
13226,Hindi,Female,52111799,Name_13226,9000013226,Address 13226
13227,Telugu,Male,52111799,Name_13227,9000013227,Address 13227
13228,English,Female,52111799,Name_13228,9000013228,Address 13228
13229,Hindi,Male,52111799,Name_13229,9000013229,Address 13229
13230,Telugu,Female,52111799,Name_13230,9000013230,Address 13230
13231,English,Male,52111799,Name_13231,9000013231,Address 13231
13232,Hindi,Female,52111799,Name_13232,9000013232,Address 13232
13233,Telugu,Male,52111799,Name_13233,9000013233,Address 13233
13234,English,Female,52111799,Name_13234,9000013234,Address 13234
13235,Hindi,Male,52111799,Name_13235,9000013235,Address 13235
13236,Telugu,Female,522102178,Name_13236,9000013236,Address 13236
13237,English,Male,522102178,Name_13237,9000013237,Address 13237
13238,Hindi,Female,522102178,Name_13238,9000013238,Address 13238
13239,Telugu,Male,522102178,Name_13239,9000013239,Address 13239
13240,English,Female,522102178,Name_13240,9000013240,Address 13240
13241,Hindi,Male,522102178,Name_13241,9000013241,Address 13241
13242,Telugu,Female,522102178,Name_13242,9000013242,Address 13242
13243,English,Male,522102178,Name_13243,9000013243,Address 13243
13244,Hindi,Female,522102178,Name_13244,9000013244,Address 13244
13245,Telugu,Male,522102178,Name_13245,9000013245,Address 13245
13246,English,Female,522102178,Name_13246,9000013246,Address 13246
13247,Hindi,Male,522102178,Name_13247,9000013247,Address 13247
13248,Telugu,Female,522102178,Name_13248,9000013248,Address 13248
13249,English,Male,522102178,Name_13249,9000013249,Address 13249
13250,Hindi,Female,522102178,Name_13250,9000013250,Address 13250
13251,Telugu,Male,522102178,Name_13251,9000013251,Address 13251
13252,English,Female,522102178,Name_13252,9000013252,Address 13252
13253,Hindi,Male,522102178,Name_13253,9000013253,Address 13253
13254,Telugu,Female,522102178,Name_13254,9000013254,Address 13254
13255,English,Male,522102178,Name_13255,9000013255,Address 13255
13256,Hindi,Female,522102178,Name_13256,9000013256,Address 13256
13257,Telugu,Male,522102179,Name_13257,9000013257,Address 13257
13258,English,Female,522102179,Name_13258,9000013258,Address 13258
13259,Hindi,Male,522102179,Name_13259,9000013259,Address 13259
13260,Telugu,Female,522102179,Name_13260,9000013260,Address 13260
13261,English,Male,522102179,Name_13261,9000013261,Address 13261
13262,Hindi,Female,522102179,Name_13262,9000013262,Address 13262
13263,Telugu,Male,522102179,Name_13263,9000013263,Address 13263
13264,English,Female,522102179,Name_13264,9000013264,Address 13264
13265,Hindi,Male,522102179,Name_13265,9000013265,Address 13265
13266,Telugu,Female,522102179,Name_13266,9000013266,Address 13266
13267,English,Male,522102179,Name_13267,9000013267,Address 13267
13268,Hindi,Female,522102179,Name_13268,9000013268,Address 13268
13269,Telugu,Male,522102179,Name_13269,9000013269,Address 13269
13270,English,Female,522102179,Name_13270,9000013270,Address 13270
13271,Hindi,Male,522102179,Name_13271,9000013271,Address 13271
13272,Telugu,Female,522102179,Name_13272,9000013272,Address 13272
13273,English,Male,522102179,Name_13273,9000013273,Address 13273
13274,Hindi,Female,522102179,Name_13274,9000013274,Address 13274
13275,Telugu,Male,522102179,Name_13275,9000013275,Address 13275
13276,English,Female,522102179,Name_13276,9000013276,Address 13276
13277,Hindi,Male,522102179,Name_13277,9000013277,Address 13277
13278,Telugu,Female,522102180,Name_13278,9000013278,Address 13278
13279,English,Male,522102180,Name_13279,9000013279,Address 13279
13280,Hindi,Female,522102180,Name_13280,9000013280,Address 13280
13281,Telugu,Male,522102180,Name_13281,9000013281,Address 13281
13282,English,Female,522102180,Name_13282,9000013282,Address 13282
13283,Hindi,Male,522102180,Name_13283,9000013283,Address 13283
13284,Telugu,Female,522102180,Name_13284,9000013284,Address 13284
13285,English,Male,522102180,Name_13285,9000013285,Address 13285
13286,Hindi,Female,522102180,Name_13286,9000013286,Address 13286
13287,Telugu,Male,522102180,Name_13287,9000013287,Address 13287
13288,English,Female,522102180,Name_13288,9000013288,Address 13288
13289,Hindi,Male,522102180,Name_13289,9000013289,Address 13289
13290,Telugu,Female,522102180,Name_13290,9000013290,Address 13290
13291,English,Male,522102180,Name_13291,9000013291,Address 13291
13292,Hindi,Female,522102180,Name_13292,9000013292,Address 13292
13293,Telugu,Male,522102180,Name_13293,9000013293,Address 13293
13294,English,Female,522102180,Name_13294,9000013294,Address 13294
13295,Hindi,Male,522102180,Name_13295,9000013295,Address 13295
13296,Telugu,Female,522102180,Name_13296,9000013296,Address 13296
13297,English,Male,522102180,Name_13297,9000013297,Address 13297
13298,Hindi,Female,522102180,Name_13298,9000013298,Address 13298
13299,Telugu,Male,522102183,Name_13299,9000013299,Address 13299
13300,English,Female,522102183,Name_13300,9000013300,Address 13300
13301,Hindi,Male,522102183,Name_13301,9000013301,Address 13301
13302,Telugu,Female,522102183,Name_13302,9000013302,Address 13302
13303,English,Male,522102183,Name_13303,9000013303,Address 13303
13304,Hindi,Female,522102183,Name_13304,9000013304,Address 13304
13305,Telugu,Male,522102183,Name_13305,9000013305,Address 13305
13306,English,Female,522102183,Name_13306,9000013306,Address 13306
13307,Hindi,Male,522102183,Name_13307,9000013307,Address 13307
13308,Telugu,Female,522102183,Name_13308,9000013308,Address 13308
13309,English,Male,522102183,Name_13309,9000013309,Address 13309
13310,Hindi,Female,522102183,Name_13310,9000013310,Address 13310
13311,Telugu,Male,522102183,Name_13311,9000013311,Address 13311
13312,English,Female,522102183,Name_13312,9000013312,Address 13312
13313,Hindi,Male,522102183,Name_13313,9000013313,Address 13313
13314,Telugu,Female,522102183,Name_13314,9000013314,Address 13314
13315,English,Male,522102183,Name_13315,9000013315,Address 13315
13316,Hindi,Female,522102183,Name_13316,9000013316,Address 13316
13317,Telugu,Male,522102183,Name_13317,9000013317,Address 13317
13318,English,Female,522102183,Name_13318,9000013318,Address 13318
13319,Hindi,Male,522102183,Name_13319,9000013319,Address 13319
13320,Telugu,Female,522102184,Name_13320,9000013320,Address 13320
13321,English,Male,522102184,Name_13321,9000013321,Address 13321
13322,Hindi,Female,522102184,Name_13322,9000013322,Address 13322
13323,Telugu,Male,522102184,Name_13323,9000013323,Address 13323
13324,English,Female,522102184,Name_13324,9000013324,Address 13324
13325,Hindi,Male,522102184,Name_13325,9000013325,Address 13325
13326,Telugu,Female,522102184,Name_13326,9000013326,Address 13326
13327,English,Male,522102184,Name_13327,9000013327,Address 13327
13328,Hindi,Female,522102184,Name_13328,9000013328,Address 13328
13329,Telugu,Male,522102184,Name_13329,9000013329,Address 13329
13330,English,Female,522102184,Name_13330,9000013330,Address 13330
13331,Hindi,Male,522102184,Name_13331,9000013331,Address 13331
13332,Telugu,Female,522102184,Name_13332,9000013332,Address 13332
13333,English,Male,522102184,Name_13333,9000013333,Address 13333
13334,Hindi,Female,522102184,Name_13334,9000013334,Address 13334
13335,Telugu,Male,522102184,Name_13335,9000013335,Address 13335
13336,English,Female,522102184,Name_13336,9000013336,Address 13336
13337,Hindi,Male,522102184,Name_13337,9000013337,Address 13337
13338,Telugu,Female,522102184,Name_13338,9000013338,Address 13338
13339,English,Male,522102184,Name_13339,9000013339,Address 13339
13340,Hindi,Female,522102184,Name_13340,9000013340,Address 13340
13341,Telugu,Male,52210254,Name_13341,9000013341,Address 13341
13342,English,Female,52210254,Name_13342,9000013342,Address 13342
13343,Hindi,Male,52210254,Name_13343,9000013343,Address 13343
13344,Telugu,Female,52210254,Name_13344,9000013344,Address 13344
13345,English,Male,52210254,Name_13345,9000013345,Address 13345
13346,Hindi,Female,52210254,Name_13346,9000013346,Address 13346
13347,Telugu,Male,52210254,Name_13347,9000013347,Address 13347
13348,English,Female,52210254,Name_13348,9000013348,Address 13348
13349,Hindi,Male,52210254,Name_13349,9000013349,Address 13349
13350,Telugu,Female,52210254,Name_13350,9000013350,Address 13350
13351,English,Male,52210254,Name_13351,9000013351,Address 13351
13352,Hindi,Female,52210254,Name_13352,9000013352,Address 13352
13353,Telugu,Male,52210254,Name_13353,9000013353,Address 13353
13354,English,Female,52210254,Name_13354,9000013354,Address 13354
13355,Hindi,Male,52210254,Name_13355,9000013355,Address 13355
13356,Telugu,Female,52210254,Name_13356,9000013356,Address 13356
13357,English,Male,52210254,Name_13357,9000013357,Address 13357
13358,Hindi,Female,52210254,Name_13358,9000013358,Address 13358
13359,Telugu,Male,52210254,Name_13359,9000013359,Address 13359
13360,English,Female,52210254,Name_13360,9000013360,Address 13360
13361,Hindi,Male,52210254,Name_13361,9000013361,Address 13361
13362,Telugu,Female,52210255,Name_13362,9000013362,Address 13362
13363,English,Male,52210255,Name_13363,9000013363,Address 13363
13364,Hindi,Female,52210255,Name_13364,9000013364,Address 13364
13365,Telugu,Male,52210255,Name_13365,9000013365,Address 13365
13366,English,Female,52210255,Name_13366,9000013366,Address 13366
13367,Hindi,Male,52210255,Name_13367,9000013367,Address 13367
13368,Telugu,Female,52210255,Name_13368,9000013368,Address 13368
13369,English,Male,52210255,Name_13369,9000013369,Address 13369
13370,Hindi,Female,52210255,Name_13370,9000013370,Address 13370
13371,Telugu,Male,52210255,Name_13371,9000013371,Address 13371
13372,English,Female,52210255,Name_13372,9000013372,Address 13372
13373,Hindi,Male,52210255,Name_13373,9000013373,Address 13373
13374,Telugu,Female,52210255,Name_13374,9000013374,Address 13374
13375,English,Male,52210255,Name_13375,9000013375,Address 13375
13376,Hindi,Female,52210255,Name_13376,9000013376,Address 13376
13377,Telugu,Male,52210255,Name_13377,9000013377,Address 13377
13378,English,Female,52210255,Name_13378,9000013378,Address 13378
13379,Hindi,Male,52210255,Name_13379,9000013379,Address 13379
13380,Telugu,Female,52210255,Name_13380,9000013380,Address 13380
13381,English,Male,52210255,Name_13381,9000013381,Address 13381
13382,Hindi,Female,52210255,Name_13382,9000013382,Address 13382
13383,Telugu,Male,52210256,Name_13383,9000013383,Address 13383
13384,English,Female,52210256,Name_13384,9000013384,Address 13384
13385,Hindi,Male,52210256,Name_13385,9000013385,Address 13385
13386,Telugu,Female,52210256,Name_13386,9000013386,Address 13386
13387,English,Male,52210256,Name_13387,9000013387,Address 13387
13388,Hindi,Female,52210256,Name_13388,9000013388,Address 13388
13389,Telugu,Male,52210256,Name_13389,9000013389,Address 13389
13390,English,Female,52210256,Name_13390,9000013390,Address 13390
13391,Hindi,Male,52210256,Name_13391,9000013391,Address 13391
13392,Telugu,Female,52210256,Name_13392,9000013392,Address 13392
13393,English,Male,52210256,Name_13393,9000013393,Address 13393
13394,Hindi,Female,52210256,Name_13394,9000013394,Address 13394
13395,Telugu,Male,52210256,Name_13395,9000013395,Address 13395
13396,English,Female,52210256,Name_13396,9000013396,Address 13396
13397,Hindi,Male,52210256,Name_13397,9000013397,Address 13397
13398,Telugu,Female,52210256,Name_13398,9000013398,Address 13398
13399,English,Male,52210256,Name_13399,9000013399,Address 13399
13400,Hindi,Female,52210256,Name_13400,9000013400,Address 13400
13401,Telugu,Male,52210256,Name_13401,9000013401,Address 13401
13402,English,Female,52210256,Name_13402,9000013402,Address 13402
13403,Hindi,Male,52210256,Name_13403,9000013403,Address 13403
13404,Telugu,Female,52210257,Name_13404,9000013404,Address 13404
13405,English,Male,52210257,Name_13405,9000013405,Address 13405
13406,Hindi,Female,52210257,Name_13406,9000013406,Address 13406
13407,Telugu,Male,52210257,Name_13407,9000013407,Address 13407
13408,English,Female,52210257,Name_13408,9000013408,Address 13408
13409,Hindi,Male,52210257,Name_13409,9000013409,Address 13409
13410,Telugu,Female,52210257,Name_13410,9000013410,Address 13410
13411,English,Male,52210257,Name_13411,9000013411,Address 13411
13412,Hindi,Female,52210257,Name_13412,9000013412,Address 13412
13413,Telugu,Male,52210257,Name_13413,9000013413,Address 13413
13414,English,Female,52210257,Name_13414,9000013414,Address 13414
13415,Hindi,Male,52210257,Name_13415,9000013415,Address 13415
13416,Telugu,Female,52210257,Name_13416,9000013416,Address 13416
13417,English,Male,52210257,Name_13417,9000013417,Address 13417
13418,Hindi,Female,52210257,Name_13418,9000013418,Address 13418
13419,Telugu,Male,52210257,Name_13419,9000013419,Address 13419
13420,English,Female,52210257,Name_13420,9000013420,Address 13420
13421,Hindi,Male,52210257,Name_13421,9000013421,Address 13421
13422,Telugu,Female,52210257,Name_13422,9000013422,Address 13422
13423,English,Male,52210257,Name_13423,9000013423,Address 13423
13424,Hindi,Female,52210257,Name_13424,9000013424,Address 13424
13425,Telugu,Male,52210258,Name_13425,9000013425,Address 13425
13426,English,Female,52210258,Name_13426,9000013426,Address 13426
13427,Hindi,Male,52210258,Name_13427,9000013427,Address 13427
13428,Telugu,Female,52210258,Name_13428,9000013428,Address 13428
13429,English,Male,52210258,Name_13429,9000013429,Address 13429
13430,Hindi,Female,52210258,Name_13430,9000013430,Address 13430
13431,Telugu,Male,52210258,Name_13431,9000013431,Address 13431
13432,English,Female,52210258,Name_13432,9000013432,Address 13432
13433,Hindi,Male,52210258,Name_13433,9000013433,Address 13433
13434,Telugu,Female,52210258,Name_13434,9000013434,Address 13434
13435,English,Male,52210258,Name_13435,9000013435,Address 13435
13436,Hindi,Female,52210258,Name_13436,9000013436,Address 13436
13437,Telugu,Male,52210258,Name_13437,9000013437,Address 13437
13438,English,Female,52210258,Name_13438,9000013438,Address 13438
13439,Hindi,Male,52210258,Name_13439,9000013439,Address 13439
13440,Telugu,Female,52210258,Name_13440,9000013440,Address 13440
13441,English,Male,52210258,Name_13441,9000013441,Address 13441
13442,Hindi,Female,52210258,Name_13442,9000013442,Address 13442
13443,Telugu,Male,52210258,Name_13443,9000013443,Address 13443
13444,English,Female,52210258,Name_13444,9000013444,Address 13444
13445,Hindi,Male,52210258,Name_13445,9000013445,Address 13445
13446,Telugu,Female,52210259,Name_13446,9000013446,Address 13446
13447,English,Male,52210259,Name_13447,9000013447,Address 13447
13448,Hindi,Female,52210259,Name_13448,9000013448,Address 13448
13449,Telugu,Male,52210259,Name_13449,9000013449,Address 13449
13450,English,Female,52210259,Name_13450,9000013450,Address 13450
13451,Hindi,Male,52210259,Name_13451,9000013451,Address 13451
13452,Telugu,Female,52210259,Name_13452,9000013452,Address 13452
13453,English,Male,52210259,Name_13453,9000013453,Address 13453
13454,Hindi,Female,52210259,Name_13454,9000013454,Address 13454
13455,Telugu,Male,52210259,Name_13455,9000013455,Address 13455
13456,English,Female,52210259,Name_13456,9000013456,Address 13456
13457,Hindi,Male,52210259,Name_13457,9000013457,Address 13457
13458,Telugu,Female,52210259,Name_13458,9000013458,Address 13458
13459,English,Male,52210259,Name_13459,9000013459,Address 13459
13460,Hindi,Female,52210259,Name_13460,9000013460,Address 13460
13461,Telugu,Male,52210259,Name_13461,9000013461,Address 13461
13462,English,Female,52210259,Name_13462,9000013462,Address 13462
13463,Hindi,Male,52210259,Name_13463,9000013463,Address 13463
13464,Telugu,Female,52210259,Name_13464,9000013464,Address 13464
13465,English,Male,52210259,Name_13465,9000013465,Address 13465
13466,Hindi,Female,52210259,Name_13466,9000013466,Address 13466
13467,Telugu,Male,52210260,Name_13467,9000013467,Address 13467
13468,English,Female,52210260,Name_13468,9000013468,Address 13468
13469,Hindi,Male,52210260,Name_13469,9000013469,Address 13469
13470,Telugu,Female,52210260,Name_13470,9000013470,Address 13470
13471,English,Male,52210260,Name_13471,9000013471,Address 13471
13472,Hindi,Female,52210260,Name_13472,9000013472,Address 13472
13473,Telugu,Male,52210260,Name_13473,9000013473,Address 13473
13474,English,Female,52210260,Name_13474,9000013474,Address 13474
13475,Hindi,Male,52210260,Name_13475,9000013475,Address 13475
13476,Telugu,Female,52210260,Name_13476,9000013476,Address 13476
13477,English,Male,52210260,Name_13477,9000013477,Address 13477
13478,Hindi,Female,52210260,Name_13478,9000013478,Address 13478
13479,Telugu,Male,52210260,Name_13479,9000013479,Address 13479
13480,English,Female,52210260,Name_13480,9000013480,Address 13480
13481,Hindi,Male,52210260,Name_13481,9000013481,Address 13481
13482,Telugu,Female,52210260,Name_13482,9000013482,Address 13482
13483,English,Male,52210260,Name_13483,9000013483,Address 13483
13484,Hindi,Female,52210260,Name_13484,9000013484,Address 13484
13485,Telugu,Male,52210260,Name_13485,9000013485,Address 13485
13486,English,Female,52210260,Name_13486,9000013486,Address 13486
13487,Hindi,Male,52210260,Name_13487,9000013487,Address 13487
13488,Telugu,Female,52210261,Name_13488,9000013488,Address 13488
13489,English,Male,52210261,Name_13489,9000013489,Address 13489
13490,Hindi,Female,52210261,Name_13490,9000013490,Address 13490
13491,Telugu,Male,52210261,Name_13491,9000013491,Address 13491
13492,English,Female,52210261,Name_13492,9000013492,Address 13492
13493,Hindi,Male,52210261,Name_13493,9000013493,Address 13493
13494,Telugu,Female,52210261,Name_13494,9000013494,Address 13494
13495,English,Male,52210261,Name_13495,9000013495,Address 13495
13496,Hindi,Female,52210261,Name_13496,9000013496,Address 13496
13497,Telugu,Male,52210261,Name_13497,9000013497,Address 13497
13498,English,Female,52210261,Name_13498,9000013498,Address 13498
13499,Hindi,Male,52210261,Name_13499,9000013499,Address 13499
13500,Telugu,Female,52210261,Name_13500,9000013500,Address 13500
13501,English,Male,52210261,Name_13501,9000013501,Address 13501
13502,Hindi,Female,52210261,Name_13502,9000013502,Address 13502
13503,Telugu,Male,52210261,Name_13503,9000013503,Address 13503
13504,English,Female,52210261,Name_13504,9000013504,Address 13504
13505,Hindi,Male,52210261,Name_13505,9000013505,Address 13505
13506,Telugu,Female,52210261,Name_13506,9000013506,Address 13506
13507,English,Male,52210261,Name_13507,9000013507,Address 13507
13508,Hindi,Female,52210261,Name_13508,9000013508,Address 13508
13509,Telugu,Male,52210262,Name_13509,9000013509,Address 13509
13510,English,Female,52210262,Name_13510,9000013510,Address 13510
13511,Hindi,Male,52210262,Name_13511,9000013511,Address 13511
13512,Telugu,Female,52210262,Name_13512,9000013512,Address 13512
13513,English,Male,52210262,Name_13513,9000013513,Address 13513
13514,Hindi,Female,52210262,Name_13514,9000013514,Address 13514
13515,Telugu,Male,52210262,Name_13515,9000013515,Address 13515
13516,English,Female,52210262,Name_13516,9000013516,Address 13516
13517,Hindi,Male,52210262,Name_13517,9000013517,Address 13517
13518,Telugu,Female,52210262,Name_13518,9000013518,Address 13518
13519,English,Male,52210262,Name_13519,9000013519,Address 13519
13520,Hindi,Female,52210262,Name_13520,9000013520,Address 13520
13521,Telugu,Male,52210262,Name_13521,9000013521,Address 13521
13522,English,Female,52210262,Name_13522,9000013522,Address 13522
13523,Hindi,Male,52210262,Name_13523,9000013523,Address 13523
13524,Telugu,Female,52210262,Name_13524,9000013524,Address 13524
13525,English,Male,52210262,Name_13525,9000013525,Address 13525
13526,Hindi,Female,52210262,Name_13526,9000013526,Address 13526
13527,Telugu,Male,52210262,Name_13527,9000013527,Address 13527
13528,English,Female,52210262,Name_13528,9000013528,Address 13528
13529,Hindi,Male,52210262,Name_13529,9000013529,Address 13529
13530,Telugu,Female,52210263,Name_13530,9000013530,Address 13530
13531,English,Male,52210263,Name_13531,9000013531,Address 13531
13532,Hindi,Female,52210263,Name_13532,9000013532,Address 13532
13533,Telugu,Male,52210263,Name_13533,9000013533,Address 13533
13534,English,Female,52210263,Name_13534,9000013534,Address 13534
13535,Hindi,Male,52210263,Name_13535,9000013535,Address 13535
13536,Telugu,Female,52210263,Name_13536,9000013536,Address 13536
13537,English,Male,52210263,Name_13537,9000013537,Address 13537
13538,Hindi,Female,52210263,Name_13538,9000013538,Address 13538
13539,Telugu,Male,52210263,Name_13539,9000013539,Address 13539
13540,English,Female,52210263,Name_13540,9000013540,Address 13540
13541,Hindi,Male,52210263,Name_13541,9000013541,Address 13541
13542,Telugu,Female,52210263,Name_13542,9000013542,Address 13542
13543,English,Male,52210263,Name_13543,9000013543,Address 13543
13544,Hindi,Female,52210263,Name_13544,9000013544,Address 13544
13545,Telugu,Male,52210263,Name_13545,9000013545,Address 13545
13546,English,Female,52210263,Name_13546,9000013546,Address 13546
13547,Hindi,Male,52210263,Name_13547,9000013547,Address 13547
13548,Telugu,Female,52210263,Name_13548,9000013548,Address 13548
13549,English,Male,52210263,Name_13549,9000013549,Address 13549
13550,Hindi,Female,52210263,Name_13550,9000013550,Address 13550
13551,Telugu,Male,52210264,Name_13551,9000013551,Address 13551
13552,English,Female,52210264,Name_13552,9000013552,Address 13552
13553,Hindi,Male,52210264,Name_13553,9000013553,Address 13553
13554,Telugu,Female,52210264,Name_13554,9000013554,Address 13554
13555,English,Male,52210264,Name_13555,9000013555,Address 13555
13556,Hindi,Female,52210264,Name_13556,9000013556,Address 13556
13557,Telugu,Male,52210264,Name_13557,9000013557,Address 13557
13558,English,Female,52210264,Name_13558,9000013558,Address 13558
13559,Hindi,Male,52210264,Name_13559,9000013559,Address 13559
13560,Telugu,Female,52210264,Name_13560,9000013560,Address 13560
13561,English,Male,52210264,Name_13561,9000013561,Address 13561
13562,Hindi,Female,52210264,Name_13562,9000013562,Address 13562
13563,Telugu,Male,52210264,Name_13563,9000013563,Address 13563
13564,English,Female,52210264,Name_13564,9000013564,Address 13564
13565,Hindi,Male,52210264,Name_13565,9000013565,Address 13565
13566,Telugu,Female,52210264,Name_13566,9000013566,Address 13566
13567,English,Male,52210264,Name_13567,9000013567,Address 13567
13568,Hindi,Female,52210264,Name_13568,9000013568,Address 13568
13569,Telugu,Male,52210264,Name_13569,9000013569,Address 13569
13570,English,Female,52210264,Name_13570,9000013570,Address 13570
13571,Hindi,Male,52210264,Name_13571,9000013571,Address 13571
13572,Telugu,Female,52210265,Name_13572,9000013572,Address 13572
13573,English,Male,52210265,Name_13573,9000013573,Address 13573
13574,Hindi,Female,52210265,Name_13574,9000013574,Address 13574
13575,Telugu,Male,52210265,Name_13575,9000013575,Address 13575
13576,English,Female,52210265,Name_13576,9000013576,Address 13576
13577,Hindi,Male,52210265,Name_13577,9000013577,Address 13577
13578,Telugu,Female,52210265,Name_13578,9000013578,Address 13578
13579,English,Male,52210265,Name_13579,9000013579,Address 13579
13580,Hindi,Female,52210265,Name_13580,9000013580,Address 13580
13581,Telugu,Male,52210265,Name_13581,9000013581,Address 13581
13582,English,Female,52210265,Name_13582,9000013582,Address 13582
13583,Hindi,Male,52210265,Name_13583,9000013583,Address 13583
13584,Telugu,Female,52210265,Name_13584,9000013584,Address 13584
13585,English,Male,52210265,Name_13585,9000013585,Address 13585
13586,Hindi,Female,52210265,Name_13586,9000013586,Address 13586
13587,Telugu,Male,52210265,Name_13587,9000013587,Address 13587
13588,English,Female,52210265,Name_13588,9000013588,Address 13588
13589,Hindi,Male,52210265,Name_13589,9000013589,Address 13589
13590,Telugu,Female,52210265,Name_13590,9000013590,Address 13590
13591,English,Male,52210265,Name_13591,9000013591,Address 13591
13592,Hindi,Female,52210265,Name_13592,9000013592,Address 13592
13593,Telugu,Male,52210266,Name_13593,9000013593,Address 13593
13594,English,Female,52210266,Name_13594,9000013594,Address 13594
13595,Hindi,Male,52210266,Name_13595,9000013595,Address 13595
13596,Telugu,Female,52210266,Name_13596,9000013596,Address 13596
13597,English,Male,52210266,Name_13597,9000013597,Address 13597
13598,Hindi,Female,52210266,Name_13598,9000013598,Address 13598
13599,Telugu,Male,52210266,Name_13599,9000013599,Address 13599
13600,English,Female,52210266,Name_13600,9000013600,Address 13600
13601,Hindi,Male,52210266,Name_13601,9000013601,Address 13601
13602,Telugu,Female,52210266,Name_13602,9000013602,Address 13602
13603,English,Male,52210266,Name_13603,9000013603,Address 13603
13604,Hindi,Female,52210266,Name_13604,9000013604,Address 13604
13605,Telugu,Male,52210266,Name_13605,9000013605,Address 13605
13606,English,Female,52210266,Name_13606,9000013606,Address 13606
13607,Hindi,Male,52210266,Name_13607,9000013607,Address 13607
13608,Telugu,Female,52210266,Name_13608,9000013608,Address 13608
13609,English,Male,52210266,Name_13609,9000013609,Address 13609
13610,Hindi,Female,52210266,Name_13610,9000013610,Address 13610
13611,Telugu,Male,52210266,Name_13611,9000013611,Address 13611
13612,English,Female,52210266,Name_13612,9000013612,Address 13612
13613,Hindi,Male,52210266,Name_13613,9000013613,Address 13613
13614,Telugu,Female,52210267,Name_13614,9000013614,Address 13614
13615,English,Male,52210267,Name_13615,9000013615,Address 13615
13616,Hindi,Female,52210267,Name_13616,9000013616,Address 13616
13617,Telugu,Male,52210267,Name_13617,9000013617,Address 13617
13618,English,Female,52210267,Name_13618,9000013618,Address 13618
13619,Hindi,Male,52210267,Name_13619,9000013619,Address 13619
13620,Telugu,Female,52210267,Name_13620,9000013620,Address 13620
13621,English,Male,52210267,Name_13621,9000013621,Address 13621
13622,Hindi,Female,52210267,Name_13622,9000013622,Address 13622
13623,Telugu,Male,52210267,Name_13623,9000013623,Address 13623
13624,English,Female,52210267,Name_13624,9000013624,Address 13624
13625,Hindi,Male,52210267,Name_13625,9000013625,Address 13625
13626,Telugu,Female,52210267,Name_13626,9000013626,Address 13626
13627,English,Male,52210267,Name_13627,9000013627,Address 13627
13628,Hindi,Female,52210267,Name_13628,9000013628,Address 13628
13629,Telugu,Male,52210267,Name_13629,9000013629,Address 13629
13630,English,Female,52210267,Name_13630,9000013630,Address 13630
13631,Hindi,Male,52210267,Name_13631,9000013631,Address 13631
13632,Telugu,Female,52210267,Name_13632,9000013632,Address 13632
13633,English,Male,52210267,Name_13633,9000013633,Address 13633
13634,Hindi,Female,52210267,Name_13634,9000013634,Address 13634
13635,Telugu,Male,52210268,Name_13635,9000013635,Address 13635
13636,English,Female,52210268,Name_13636,9000013636,Address 13636
13637,Hindi,Male,52210268,Name_13637,9000013637,Address 13637
13638,Telugu,Female,52210268,Name_13638,9000013638,Address 13638
13639,English,Male,52210268,Name_13639,9000013639,Address 13639
13640,Hindi,Female,52210268,Name_13640,9000013640,Address 13640
13641,Telugu,Male,52210268,Name_13641,9000013641,Address 13641
13642,English,Female,52210268,Name_13642,9000013642,Address 13642
13643,Hindi,Male,52210268,Name_13643,9000013643,Address 13643
13644,Telugu,Female,52210268,Name_13644,9000013644,Address 13644
13645,English,Male,52210268,Name_13645,9000013645,Address 13645
13646,Hindi,Female,52210268,Name_13646,9000013646,Address 13646
13647,Telugu,Male,52210268,Name_13647,9000013647,Address 13647
13648,English,Female,52210268,Name_13648,9000013648,Address 13648
13649,Hindi,Male,52210268,Name_13649,9000013649,Address 13649
13650,Telugu,Female,52210268,Name_13650,9000013650,Address 13650
13651,English,Male,52210268,Name_13651,9000013651,Address 13651
13652,Hindi,Female,52210268,Name_13652,9000013652,Address 13652
13653,Telugu,Male,52210268,Name_13653,9000013653,Address 13653
13654,English,Female,52210268,Name_13654,9000013654,Address 13654
13655,Hindi,Male,52210268,Name_13655,9000013655,Address 13655
13656,Telugu,Female,52210269,Name_13656,9000013656,Address 13656
13657,English,Male,52210269,Name_13657,9000013657,Address 13657
13658,Hindi,Female,52210269,Name_13658,9000013658,Address 13658
13659,Telugu,Male,52210269,Name_13659,9000013659,Address 13659
13660,English,Female,52210269,Name_13660,9000013660,Address 13660
13661,Hindi,Male,52210269,Name_13661,9000013661,Address 13661
13662,Telugu,Female,52210269,Name_13662,9000013662,Address 13662
13663,English,Male,52210269,Name_13663,9000013663,Address 13663
13664,Hindi,Female,52210269,Name_13664,9000013664,Address 13664
13665,Telugu,Male,52210269,Name_13665,9000013665,Address 13665
13666,English,Female,52210269,Name_13666,9000013666,Address 13666
13667,Hindi,Male,52210269,Name_13667,9000013667,Address 13667
13668,Telugu,Female,52210269,Name_13668,9000013668,Address 13668
13669,English,Male,52210269,Name_13669,9000013669,Address 13669
13670,Hindi,Female,52210269,Name_13670,9000013670,Address 13670
13671,Telugu,Male,52210269,Name_13671,9000013671,Address 13671
13672,English,Female,52210269,Name_13672,9000013672,Address 13672
13673,Hindi,Male,52210269,Name_13673,9000013673,Address 13673
13674,Telugu,Female,52210269,Name_13674,9000013674,Address 13674
13675,English,Male,52210269,Name_13675,9000013675,Address 13675
13676,Hindi,Female,52210269,Name_13676,9000013676,Address 13676
13677,Telugu,Male,52210312,Name_13677,9000013677,Address 13677
13678,English,Female,52210312,Name_13678,9000013678,Address 13678
13679,Hindi,Male,52210312,Name_13679,9000013679,Address 13679
13680,Telugu,Female,52210312,Name_13680,9000013680,Address 13680
13681,English,Male,52210312,Name_13681,9000013681,Address 13681
13682,Hindi,Female,52210312,Name_13682,9000013682,Address 13682
13683,Telugu,Male,52210312,Name_13683,9000013683,Address 13683
13684,English,Female,52210312,Name_13684,9000013684,Address 13684
13685,Hindi,Male,52210312,Name_13685,9000013685,Address 13685
13686,Telugu,Female,52210312,Name_13686,9000013686,Address 13686
13687,English,Male,52210312,Name_13687,9000013687,Address 13687
13688,Hindi,Female,52210312,Name_13688,9000013688,Address 13688
13689,Telugu,Male,52210312,Name_13689,9000013689,Address 13689
13690,English,Female,52210312,Name_13690,9000013690,Address 13690
13691,Hindi,Male,52210312,Name_13691,9000013691,Address 13691
13692,Telugu,Female,52210312,Name_13692,9000013692,Address 13692
13693,English,Male,52210312,Name_13693,9000013693,Address 13693
13694,Hindi,Female,52210312,Name_13694,9000013694,Address 13694
13695,Telugu,Male,52210312,Name_13695,9000013695,Address 13695
13696,English,Female,52210312,Name_13696,9000013696,Address 13696
13697,Hindi,Male,52210312,Name_13697,9000013697,Address 13697
13698,Telugu,Female,52210314,Name_13698,9000013698,Address 13698
13699,English,Male,52210314,Name_13699,9000013699,Address 13699
13700,Hindi,Female,52210314,Name_13700,9000013700,Address 13700
13701,Telugu,Male,52210314,Name_13701,9000013701,Address 13701
13702,English,Female,52210314,Name_13702,9000013702,Address 13702
13703,Hindi,Male,52210314,Name_13703,9000013703,Address 13703
13704,Telugu,Female,52210314,Name_13704,9000013704,Address 13704
13705,English,Male,52210314,Name_13705,9000013705,Address 13705
13706,Hindi,Female,52210314,Name_13706,9000013706,Address 13706
13707,Telugu,Male,52210314,Name_13707,9000013707,Address 13707
13708,English,Female,52210314,Name_13708,9000013708,Address 13708
13709,Hindi,Male,52210314,Name_13709,9000013709,Address 13709
13710,Telugu,Female,52210314,Name_13710,9000013710,Address 13710
13711,English,Male,52210314,Name_13711,9000013711,Address 13711
13712,Hindi,Female,52210314,Name_13712,9000013712,Address 13712
13713,Telugu,Male,52210314,Name_13713,9000013713,Address 13713
13714,English,Female,52210314,Name_13714,9000013714,Address 13714
13715,Hindi,Male,52210314,Name_13715,9000013715,Address 13715
13716,Telugu,Female,52210314,Name_13716,9000013716,Address 13716
13717,English,Male,52210314,Name_13717,9000013717,Address 13717
13718,Hindi,Female,52210314,Name_13718,9000013718,Address 13718
13719,Telugu,Male,52210321,Name_13719,9000013719,Address 13719
13720,English,Female,52210321,Name_13720,9000013720,Address 13720
13721,Hindi,Male,52210321,Name_13721,9000013721,Address 13721
13722,Telugu,Female,52210321,Name_13722,9000013722,Address 13722
13723,English,Male,52210321,Name_13723,9000013723,Address 13723
13724,Hindi,Female,52210321,Name_13724,9000013724,Address 13724
13725,Telugu,Male,52210321,Name_13725,9000013725,Address 13725
13726,English,Female,52210321,Name_13726,9000013726,Address 13726
13727,Hindi,Male,52210321,Name_13727,9000013727,Address 13727
13728,Telugu,Female,52210321,Name_13728,9000013728,Address 13728
13729,English,Male,52210321,Name_13729,9000013729,Address 13729
13730,Hindi,Female,52210321,Name_13730,9000013730,Address 13730
13731,Telugu,Male,52210321,Name_13731,9000013731,Address 13731
13732,English,Female,52210321,Name_13732,9000013732,Address 13732
13733,Hindi,Male,52210321,Name_13733,9000013733,Address 13733
13734,Telugu,Female,52210321,Name_13734,9000013734,Address 13734
13735,English,Male,52210321,Name_13735,9000013735,Address 13735
13736,Hindi,Female,52210321,Name_13736,9000013736,Address 13736
13737,Telugu,Male,52210321,Name_13737,9000013737,Address 13737
13738,English,Female,52210321,Name_13738,9000013738,Address 13738
13739,Hindi,Male,52210321,Name_13739,9000013739,Address 13739
13740,Telugu,Female,52210324,Name_13740,9000013740,Address 13740
13741,English,Male,52210324,Name_13741,9000013741,Address 13741
13742,Hindi,Female,52210324,Name_13742,9000013742,Address 13742
13743,Telugu,Male,52210324,Name_13743,9000013743,Address 13743
13744,English,Female,52210324,Name_13744,9000013744,Address 13744
13745,Hindi,Male,52210324,Name_13745,9000013745,Address 13745
13746,Telugu,Female,52210324,Name_13746,9000013746,Address 13746
13747,English,Male,52210324,Name_13747,9000013747,Address 13747
13748,Hindi,Female,52210324,Name_13748,9000013748,Address 13748
13749,Telugu,Male,52210324,Name_13749,9000013749,Address 13749
13750,English,Female,52210324,Name_13750,9000013750,Address 13750
13751,Hindi,Male,52210324,Name_13751,9000013751,Address 13751
13752,Telugu,Female,52210324,Name_13752,9000013752,Address 13752
13753,English,Male,52210324,Name_13753,9000013753,Address 13753
13754,Hindi,Female,52210324,Name_13754,9000013754,Address 13754
13755,Telugu,Male,52210324,Name_13755,9000013755,Address 13755
13756,English,Female,52210324,Name_13756,9000013756,Address 13756
13757,Hindi,Male,52210324,Name_13757,9000013757,Address 13757
13758,Telugu,Female,52210324,Name_13758,9000013758,Address 13758
13759,English,Male,52210324,Name_13759,9000013759,Address 13759
13760,Hindi,Female,52210324,Name_13760,9000013760,Address 13760
13761,Telugu,Male,52210325,Name_13761,9000013761,Address 13761
13762,English,Female,52210325,Name_13762,9000013762,Address 13762
13763,Hindi,Male,52210325,Name_13763,9000013763,Address 13763
13764,Telugu,Female,52210325,Name_13764,9000013764,Address 13764
13765,English,Male,52210325,Name_13765,9000013765,Address 13765
13766,Hindi,Female,52210325,Name_13766,9000013766,Address 13766
13767,Telugu,Male,52210325,Name_13767,9000013767,Address 13767
13768,English,Female,52210325,Name_13768,9000013768,Address 13768
13769,Hindi,Male,52210325,Name_13769,9000013769,Address 13769
13770,Telugu,Female,52210325,Name_13770,9000013770,Address 13770
13771,English,Male,52210325,Name_13771,9000013771,Address 13771
13772,Hindi,Female,52210325,Name_13772,9000013772,Address 13772
13773,Telugu,Male,52210325,Name_13773,9000013773,Address 13773
13774,English,Female,52210325,Name_13774,9000013774,Address 13774
13775,Hindi,Male,52210325,Name_13775,9000013775,Address 13775
13776,Telugu,Female,52210325,Name_13776,9000013776,Address 13776
13777,English,Male,52210325,Name_13777,9000013777,Address 13777
13778,Hindi,Female,52210325,Name_13778,9000013778,Address 13778
13779,Telugu,Male,52210325,Name_13779,9000013779,Address 13779
13780,English,Female,52210325,Name_13780,9000013780,Address 13780
13781,Hindi,Male,52210325,Name_13781,9000013781,Address 13781
13782,Telugu,Female,52210327,Name_13782,9000013782,Address 13782
13783,English,Male,52210327,Name_13783,9000013783,Address 13783
13784,Hindi,Female,52210327,Name_13784,9000013784,Address 13784
13785,Telugu,Male,52210327,Name_13785,9000013785,Address 13785
13786,English,Female,52210327,Name_13786,9000013786,Address 13786
13787,Hindi,Male,52210327,Name_13787,9000013787,Address 13787
13788,Telugu,Female,52210327,Name_13788,9000013788,Address 13788
13789,English,Male,52210327,Name_13789,9000013789,Address 13789
13790,Hindi,Female,52210327,Name_13790,9000013790,Address 13790
13791,Telugu,Male,52210327,Name_13791,9000013791,Address 13791
13792,English,Female,52210327,Name_13792,9000013792,Address 13792
13793,Hindi,Male,52210327,Name_13793,9000013793,Address 13793
13794,Telugu,Female,52210327,Name_13794,9000013794,Address 13794
13795,English,Male,52210327,Name_13795,9000013795,Address 13795
13796,Hindi,Female,52210327,Name_13796,9000013796,Address 13796
13797,Telugu,Male,52210327,Name_13797,9000013797,Address 13797
13798,English,Female,52210327,Name_13798,9000013798,Address 13798
13799,Hindi,Male,52210327,Name_13799,9000013799,Address 13799
13800,Telugu,Female,52210327,Name_13800,9000013800,Address 13800
13801,English,Male,52210327,Name_13801,9000013801,Address 13801
13802,Hindi,Female,52210327,Name_13802,9000013802,Address 13802
13803,Telugu,Male,52210331,Name_13803,9000013803,Address 13803
13804,English,Female,52210331,Name_13804,9000013804,Address 13804
13805,Hindi,Male,52210331,Name_13805,9000013805,Address 13805
13806,Telugu,Female,52210331,Name_13806,9000013806,Address 13806
13807,English,Male,52210331,Name_13807,9000013807,Address 13807
13808,Hindi,Female,52210331,Name_13808,9000013808,Address 13808
13809,Telugu,Male,52210331,Name_13809,9000013809,Address 13809
13810,English,Female,52210331,Name_13810,9000013810,Address 13810
13811,Hindi,Male,52210331,Name_13811,9000013811,Address 13811
13812,Telugu,Female,52210331,Name_13812,9000013812,Address 13812
13813,English,Male,52210331,Name_13813,9000013813,Address 13813
13814,Hindi,Female,52210331,Name_13814,9000013814,Address 13814
13815,Telugu,Male,52210331,Name_13815,9000013815,Address 13815
13816,English,Female,52210331,Name_13816,9000013816,Address 13816
13817,Hindi,Male,52210331,Name_13817,9000013817,Address 13817
13818,Telugu,Female,52210331,Name_13818,9000013818,Address 13818
13819,English,Male,52210331,Name_13819,9000013819,Address 13819
13820,Hindi,Female,52210331,Name_13820,9000013820,Address 13820
13821,Telugu,Male,52210331,Name_13821,9000013821,Address 13821
13822,English,Female,52210331,Name_13822,9000013822,Address 13822
13823,Hindi,Male,52210331,Name_13823,9000013823,Address 13823
13824,Telugu,Female,52210339,Name_13824,9000013824,Address 13824
13825,English,Male,52210339,Name_13825,9000013825,Address 13825
13826,Hindi,Female,52210339,Name_13826,9000013826,Address 13826
13827,Telugu,Male,52210339,Name_13827,9000013827,Address 13827
13828,English,Female,52210339,Name_13828,9000013828,Address 13828
13829,Hindi,Male,52210339,Name_13829,9000013829,Address 13829
13830,Telugu,Female,52210339,Name_13830,9000013830,Address 13830
13831,English,Male,52210339,Name_13831,9000013831,Address 13831
13832,Hindi,Female,52210339,Name_13832,9000013832,Address 13832
13833,Telugu,Male,52210339,Name_13833,9000013833,Address 13833
13834,English,Female,52210339,Name_13834,9000013834,Address 13834
13835,Hindi,Male,52210339,Name_13835,9000013835,Address 13835
13836,Telugu,Female,52210339,Name_13836,9000013836,Address 13836
13837,English,Male,52210339,Name_13837,9000013837,Address 13837
13838,Hindi,Female,52210339,Name_13838,9000013838,Address 13838
13839,Telugu,Male,52210339,Name_13839,9000013839,Address 13839
13840,English,Female,52210339,Name_13840,9000013840,Address 13840
13841,Hindi,Male,52210339,Name_13841,9000013841,Address 13841
13842,Telugu,Female,52210339,Name_13842,9000013842,Address 13842
13843,English,Male,52210339,Name_13843,9000013843,Address 13843
13844,Hindi,Female,52210339,Name_13844,9000013844,Address 13844
13845,Telugu,Male,52210341,Name_13845,9000013845,Address 13845
13846,English,Female,52210341,Name_13846,9000013846,Address 13846
13847,Hindi,Male,52210341,Name_13847,9000013847,Address 13847
13848,Telugu,Female,52210341,Name_13848,9000013848,Address 13848
13849,English,Male,52210341,Name_13849,9000013849,Address 13849
13850,Hindi,Female,52210341,Name_13850,9000013850,Address 13850
13851,Telugu,Male,52210341,Name_13851,9000013851,Address 13851
13852,English,Female,52210341,Name_13852,9000013852,Address 13852
13853,Hindi,Male,52210341,Name_13853,9000013853,Address 13853
13854,Telugu,Female,52210341,Name_13854,9000013854,Address 13854
13855,English,Male,52210341,Name_13855,9000013855,Address 13855
13856,Hindi,Female,52210341,Name_13856,9000013856,Address 13856
13857,Telugu,Male,52210341,Name_13857,9000013857,Address 13857
13858,English,Female,52210341,Name_13858,9000013858,Address 13858
13859,Hindi,Male,52210341,Name_13859,9000013859,Address 13859
13860,Telugu,Female,52210341,Name_13860,9000013860,Address 13860
13861,English,Male,52210341,Name_13861,9000013861,Address 13861
13862,Hindi,Female,52210341,Name_13862,9000013862,Address 13862
13863,Telugu,Male,52210341,Name_13863,9000013863,Address 13863
13864,English,Female,52210341,Name_13864,9000013864,Address 13864
13865,Hindi,Male,52210341,Name_13865,9000013865,Address 13865
13866,Telugu,Female,522104181,Name_13866,9000013866,Address 13866
13867,English,Male,522104181,Name_13867,9000013867,Address 13867
13868,Hindi,Female,522104181,Name_13868,9000013868,Address 13868
13869,Telugu,Male,522104181,Name_13869,9000013869,Address 13869
13870,English,Female,522104181,Name_13870,9000013870,Address 13870
13871,Hindi,Male,522104181,Name_13871,9000013871,Address 13871
13872,Telugu,Female,522104181,Name_13872,9000013872,Address 13872
13873,English,Male,522104181,Name_13873,9000013873,Address 13873
13874,Hindi,Female,522104181,Name_13874,9000013874,Address 13874
13875,Telugu,Male,522104181,Name_13875,9000013875,Address 13875
13876,English,Female,522104181,Name_13876,9000013876,Address 13876
13877,Hindi,Male,522104181,Name_13877,9000013877,Address 13877
13878,Telugu,Female,522104181,Name_13878,9000013878,Address 13878
13879,English,Male,522104181,Name_13879,9000013879,Address 13879
13880,Hindi,Female,522104181,Name_13880,9000013880,Address 13880
13881,Telugu,Male,522104181,Name_13881,9000013881,Address 13881
13882,English,Female,522104181,Name_13882,9000013882,Address 13882
13883,Hindi,Male,522104181,Name_13883,9000013883,Address 13883
13884,Telugu,Female,522104181,Name_13884,9000013884,Address 13884
13885,English,Male,522104181,Name_13885,9000013885,Address 13885
13886,Hindi,Female,522104181,Name_13886,9000013886,Address 13886
13887,Telugu,Male,522104186,Name_13887,9000013887,Address 13887
13888,English,Female,522104186,Name_13888,9000013888,Address 13888
13889,Hindi,Male,522104186,Name_13889,9000013889,Address 13889
13890,Telugu,Female,522104186,Name_13890,9000013890,Address 13890
13891,English,Male,522104186,Name_13891,9000013891,Address 13891
13892,Hindi,Female,522104186,Name_13892,9000013892,Address 13892
13893,Telugu,Male,522104186,Name_13893,9000013893,Address 13893
13894,English,Female,522104186,Name_13894,9000013894,Address 13894
13895,Hindi,Male,522104186,Name_13895,9000013895,Address 13895
13896,Telugu,Female,522104186,Name_13896,9000013896,Address 13896
13897,English,Male,522104186,Name_13897,9000013897,Address 13897
13898,Hindi,Female,522104186,Name_13898,9000013898,Address 13898
13899,Telugu,Male,522104186,Name_13899,9000013899,Address 13899
13900,English,Female,522104186,Name_13900,9000013900,Address 13900
13901,Hindi,Male,522104186,Name_13901,9000013901,Address 13901
13902,Telugu,Female,522104186,Name_13902,9000013902,Address 13902
13903,English,Male,522104186,Name_13903,9000013903,Address 13903
13904,Hindi,Female,522104186,Name_13904,9000013904,Address 13904
13905,Telugu,Male,522104186,Name_13905,9000013905,Address 13905
13906,English,Female,522104186,Name_13906,9000013906,Address 13906
13907,Hindi,Male,522104186,Name_13907,9000013907,Address 13907
13908,Telugu,Female,522104189,Name_13908,9000013908,Address 13908
13909,English,Male,522104189,Name_13909,9000013909,Address 13909
13910,Hindi,Female,522104189,Name_13910,9000013910,Address 13910
13911,Telugu,Male,522104189,Name_13911,9000013911,Address 13911
13912,English,Female,522104189,Name_13912,9000013912,Address 13912
13913,Hindi,Male,522104189,Name_13913,9000013913,Address 13913
13914,Telugu,Female,522104189,Name_13914,9000013914,Address 13914
13915,English,Male,522104189,Name_13915,9000013915,Address 13915
13916,Hindi,Female,522104189,Name_13916,9000013916,Address 13916
13917,Telugu,Male,522104189,Name_13917,9000013917,Address 13917
13918,English,Female,522104189,Name_13918,9000013918,Address 13918
13919,Hindi,Male,522104189,Name_13919,9000013919,Address 13919
13920,Telugu,Female,522104189,Name_13920,9000013920,Address 13920
13921,English,Male,522104189,Name_13921,9000013921,Address 13921
13922,Hindi,Female,522104189,Name_13922,9000013922,Address 13922
13923,Telugu,Male,522104189,Name_13923,9000013923,Address 13923
13924,English,Female,522104189,Name_13924,9000013924,Address 13924
13925,Hindi,Male,522104189,Name_13925,9000013925,Address 13925
13926,Telugu,Female,522104189,Name_13926,9000013926,Address 13926
13927,English,Male,522104189,Name_13927,9000013927,Address 13927
13928,Hindi,Female,522104189,Name_13928,9000013928,Address 13928
13929,Telugu,Male,522104198,Name_13929,9000013929,Address 13929
13930,English,Female,522104198,Name_13930,9000013930,Address 13930
13931,Hindi,Male,522104198,Name_13931,9000013931,Address 13931
13932,Telugu,Female,522104198,Name_13932,9000013932,Address 13932
13933,English,Male,522104198,Name_13933,9000013933,Address 13933
13934,Hindi,Female,522104198,Name_13934,9000013934,Address 13934
13935,Telugu,Male,522104198,Name_13935,9000013935,Address 13935
13936,English,Female,522104198,Name_13936,9000013936,Address 13936
13937,Hindi,Male,522104198,Name_13937,9000013937,Address 13937
13938,Telugu,Female,522104198,Name_13938,9000013938,Address 13938
13939,English,Male,522104198,Name_13939,9000013939,Address 13939
13940,Hindi,Female,522104198,Name_13940,9000013940,Address 13940
13941,Telugu,Male,522104198,Name_13941,9000013941,Address 13941
13942,English,Female,522104198,Name_13942,9000013942,Address 13942
13943,Hindi,Male,522104198,Name_13943,9000013943,Address 13943
13944,Telugu,Female,522104198,Name_13944,9000013944,Address 13944
13945,English,Male,522104198,Name_13945,9000013945,Address 13945
13946,Hindi,Female,522104198,Name_13946,9000013946,Address 13946
13947,Telugu,Male,522104198,Name_13947,9000013947,Address 13947
13948,English,Female,522104198,Name_13948,9000013948,Address 13948
13949,Hindi,Male,522104198,Name_13949,9000013949,Address 13949
13950,Telugu,Female,522104201,Name_13950,9000013950,Address 13950
13951,English,Male,522104201,Name_13951,9000013951,Address 13951
13952,Hindi,Female,522104201,Name_13952,9000013952,Address 13952
13953,Telugu,Male,522104201,Name_13953,9000013953,Address 13953
13954,English,Female,522104201,Name_13954,9000013954,Address 13954
13955,Hindi,Male,522104201,Name_13955,9000013955,Address 13955
13956,Telugu,Female,522104201,Name_13956,9000013956,Address 13956
13957,English,Male,522104201,Name_13957,9000013957,Address 13957
13958,Hindi,Female,522104201,Name_13958,9000013958,Address 13958
13959,Telugu,Male,522104201,Name_13959,9000013959,Address 13959
13960,English,Female,522104201,Name_13960,9000013960,Address 13960
13961,Hindi,Male,522104201,Name_13961,9000013961,Address 13961
13962,Telugu,Female,522104201,Name_13962,9000013962,Address 13962
13963,English,Male,522104201,Name_13963,9000013963,Address 13963
13964,Hindi,Female,522104201,Name_13964,9000013964,Address 13964
13965,Telugu,Male,522104201,Name_13965,9000013965,Address 13965
13966,English,Female,522104201,Name_13966,9000013966,Address 13966
13967,Hindi,Male,522104201,Name_13967,9000013967,Address 13967
13968,Telugu,Female,522104201,Name_13968,9000013968,Address 13968
13969,English,Male,522104201,Name_13969,9000013969,Address 13969
13970,Hindi,Female,522104201,Name_13970,9000013970,Address 13970
13971,Telugu,Male,522104207,Name_13971,9000013971,Address 13971
13972,English,Female,522104207,Name_13972,9000013972,Address 13972
13973,Hindi,Male,522104207,Name_13973,9000013973,Address 13973
13974,Telugu,Female,522104207,Name_13974,9000013974,Address 13974
13975,English,Male,522104207,Name_13975,9000013975,Address 13975
13976,Hindi,Female,522104207,Name_13976,9000013976,Address 13976
13977,Telugu,Male,522104207,Name_13977,9000013977,Address 13977
13978,English,Female,522104207,Name_13978,9000013978,Address 13978
13979,Hindi,Male,522104207,Name_13979,9000013979,Address 13979
13980,Telugu,Female,522104207,Name_13980,9000013980,Address 13980
13981,English,Male,522104207,Name_13981,9000013981,Address 13981
13982,Hindi,Female,522104207,Name_13982,9000013982,Address 13982
13983,Telugu,Male,522104207,Name_13983,9000013983,Address 13983
13984,English,Female,522104207,Name_13984,9000013984,Address 13984
13985,Hindi,Male,522104207,Name_13985,9000013985,Address 13985
13986,Telugu,Female,522104207,Name_13986,9000013986,Address 13986
13987,English,Male,522104207,Name_13987,9000013987,Address 13987
13988,Hindi,Female,522104207,Name_13988,9000013988,Address 13988
13989,Telugu,Male,522104207,Name_13989,9000013989,Address 13989
13990,English,Female,522104207,Name_13990,9000013990,Address 13990
13991,Hindi,Male,522104207,Name_13991,9000013991,Address 13991
13992,Telugu,Female,522104216,Name_13992,9000013992,Address 13992
13993,English,Male,522104216,Name_13993,9000013993,Address 13993
13994,Hindi,Female,522104216,Name_13994,9000013994,Address 13994
13995,Telugu,Male,522104216,Name_13995,9000013995,Address 13995
13996,English,Female,522104216,Name_13996,9000013996,Address 13996
13997,Hindi,Male,522104216,Name_13997,9000013997,Address 13997
13998,Telugu,Female,522104216,Name_13998,9000013998,Address 13998
13999,English,Male,522104216,Name_13999,9000013999,Address 13999
14000,Hindi,Female,522104216,Name_14000,9000014000,Address 14000
14001,Telugu,Male,522104216,Name_14001,9000014001,Address 14001
14002,English,Female,522104216,Name_14002,9000014002,Address 14002
14003,Hindi,Male,522104216,Name_14003,9000014003,Address 14003
14004,Telugu,Female,522104216,Name_14004,9000014004,Address 14004
14005,English,Male,522104216,Name_14005,9000014005,Address 14005
14006,Hindi,Female,522104216,Name_14006,9000014006,Address 14006
14007,Telugu,Male,522104216,Name_14007,9000014007,Address 14007
14008,English,Female,522104216,Name_14008,9000014008,Address 14008
14009,Hindi,Male,522104216,Name_14009,9000014009,Address 14009
14010,Telugu,Female,522104216,Name_14010,9000014010,Address 14010
14011,English,Male,522104216,Name_14011,9000014011,Address 14011
14012,Hindi,Female,522104216,Name_14012,9000014012,Address 14012
14013,Telugu,Male,522104217,Name_14013,9000014013,Address 14013
14014,English,Female,522104217,Name_14014,9000014014,Address 14014
14015,Hindi,Male,522104217,Name_14015,9000014015,Address 14015
14016,Telugu,Female,522104217,Name_14016,9000014016,Address 14016
14017,English,Male,522104217,Name_14017,9000014017,Address 14017
14018,Hindi,Female,522104217,Name_14018,9000014018,Address 14018
14019,Telugu,Male,522104217,Name_14019,9000014019,Address 14019
14020,English,Female,522104217,Name_14020,9000014020,Address 14020
14021,Hindi,Male,522104217,Name_14021,9000014021,Address 14021
14022,Telugu,Female,522104217,Name_14022,9000014022,Address 14022
14023,English,Male,522104217,Name_14023,9000014023,Address 14023
14024,Hindi,Female,522104217,Name_14024,9000014024,Address 14024
14025,Telugu,Male,522104217,Name_14025,9000014025,Address 14025
14026,English,Female,522104217,Name_14026,9000014026,Address 14026
14027,Hindi,Male,522104217,Name_14027,9000014027,Address 14027
14028,Telugu,Female,522104217,Name_14028,9000014028,Address 14028
14029,English,Male,522104217,Name_14029,9000014029,Address 14029
14030,Hindi,Female,522104217,Name_14030,9000014030,Address 14030
14031,Telugu,Male,522104217,Name_14031,9000014031,Address 14031
14032,English,Female,522104217,Name_14032,9000014032,Address 14032
14033,Hindi,Male,522104217,Name_14033,9000014033,Address 14033
14034,Telugu,Female,522115233,Name_14034,9000014034,Address 14034
14035,English,Male,522115233,Name_14035,9000014035,Address 14035
14036,Hindi,Female,522115233,Name_14036,9000014036,Address 14036
14037,Telugu,Male,522115233,Name_14037,9000014037,Address 14037
14038,English,Female,522115233,Name_14038,9000014038,Address 14038
14039,Hindi,Male,522115233,Name_14039,9000014039,Address 14039
14040,Telugu,Female,522115233,Name_14040,9000014040,Address 14040
14041,English,Male,522115233,Name_14041,9000014041,Address 14041
14042,Hindi,Female,522115233,Name_14042,9000014042,Address 14042
14043,Telugu,Male,522115233,Name_14043,9000014043,Address 14043
14044,English,Female,522115233,Name_14044,9000014044,Address 14044
14045,Hindi,Male,522115233,Name_14045,9000014045,Address 14045
14046,Telugu,Female,522115233,Name_14046,9000014046,Address 14046
14047,English,Male,522115233,Name_14047,9000014047,Address 14047
14048,Hindi,Female,522115233,Name_14048,9000014048,Address 14048
14049,Telugu,Male,522115233,Name_14049,9000014049,Address 14049
14050,English,Female,522115233,Name_14050,9000014050,Address 14050
14051,Hindi,Male,522115233,Name_14051,9000014051,Address 14051
14052,Telugu,Female,522115233,Name_14052,9000014052,Address 14052
14053,English,Male,522115233,Name_14053,9000014053,Address 14053
14054,Hindi,Female,522115233,Name_14054,9000014054,Address 14054
14055,Telugu,Male,522115236,Name_14055,9000014055,Address 14055
14056,English,Female,522115236,Name_14056,9000014056,Address 14056
14057,Hindi,Male,522115236,Name_14057,9000014057,Address 14057
14058,Telugu,Female,522115236,Name_14058,9000014058,Address 14058
14059,English,Male,522115236,Name_14059,9000014059,Address 14059
14060,Hindi,Female,522115236,Name_14060,9000014060,Address 14060
14061,Telugu,Male,522115236,Name_14061,9000014061,Address 14061
14062,English,Female,522115236,Name_14062,9000014062,Address 14062
14063,Hindi,Male,522115236,Name_14063,9000014063,Address 14063
14064,Telugu,Female,522115236,Name_14064,9000014064,Address 14064
14065,English,Male,522115236,Name_14065,9000014065,Address 14065
14066,Hindi,Female,522115236,Name_14066,9000014066,Address 14066
14067,Telugu,Male,522115236,Name_14067,9000014067,Address 14067
14068,English,Female,522115236,Name_14068,9000014068,Address 14068
14069,Hindi,Male,522115236,Name_14069,9000014069,Address 14069
14070,Telugu,Female,522115236,Name_14070,9000014070,Address 14070
14071,English,Male,522115236,Name_14071,9000014071,Address 14071
14072,Hindi,Female,522115236,Name_14072,9000014072,Address 14072
14073,Telugu,Male,522115236,Name_14073,9000014073,Address 14073
14074,English,Female,522115236,Name_14074,9000014074,Address 14074
14075,Hindi,Male,522115236,Name_14075,9000014075,Address 14075
14076,Telugu,Female,522115246,Name_14076,9000014076,Address 14076
14077,English,Male,522115246,Name_14077,9000014077,Address 14077
14078,Hindi,Female,522115246,Name_14078,9000014078,Address 14078
14079,Telugu,Male,522115246,Name_14079,9000014079,Address 14079
14080,English,Female,522115246,Name_14080,9000014080,Address 14080
14081,Hindi,Male,522115246,Name_14081,9000014081,Address 14081
14082,Telugu,Female,522115246,Name_14082,9000014082,Address 14082
14083,English,Male,522115246,Name_14083,9000014083,Address 14083
14084,Hindi,Female,522115246,Name_14084,9000014084,Address 14084
14085,Telugu,Male,522115246,Name_14085,9000014085,Address 14085
14086,English,Female,522115246,Name_14086,9000014086,Address 14086
14087,Hindi,Male,522115246,Name_14087,9000014087,Address 14087
14088,Telugu,Female,522115246,Name_14088,9000014088,Address 14088
14089,English,Male,522115246,Name_14089,9000014089,Address 14089
14090,Hindi,Female,522115246,Name_14090,9000014090,Address 14090
14091,Telugu,Male,522115246,Name_14091,9000014091,Address 14091
14092,English,Female,522115246,Name_14092,9000014092,Address 14092
14093,Hindi,Male,522115246,Name_14093,9000014093,Address 14093
14094,Telugu,Female,522115246,Name_14094,9000014094,Address 14094
14095,English,Male,522115246,Name_14095,9000014095,Address 14095
14096,Hindi,Female,522115246,Name_14096,9000014096,Address 14096
14097,Telugu,Male,522115249,Name_14097,9000014097,Address 14097
14098,English,Female,522115249,Name_14098,9000014098,Address 14098
14099,Hindi,Male,522115249,Name_14099,9000014099,Address 14099
14100,Telugu,Female,522115249,Name_14100,9000014100,Address 14100
14101,English,Male,522115249,Name_14101,9000014101,Address 14101
14102,Hindi,Female,522115249,Name_14102,9000014102,Address 14102
14103,Telugu,Male,522115249,Name_14103,9000014103,Address 14103
14104,English,Female,522115249,Name_14104,9000014104,Address 14104
14105,Hindi,Male,522115249,Name_14105,9000014105,Address 14105
14106,Telugu,Female,522115249,Name_14106,9000014106,Address 14106
14107,English,Male,522115249,Name_14107,9000014107,Address 14107
14108,Hindi,Female,522115249,Name_14108,9000014108,Address 14108
14109,Telugu,Male,522115249,Name_14109,9000014109,Address 14109
14110,English,Female,522115249,Name_14110,9000014110,Address 14110
14111,Hindi,Male,522115249,Name_14111,9000014111,Address 14111
14112,Telugu,Female,522115249,Name_14112,9000014112,Address 14112
14113,English,Male,522115249,Name_14113,9000014113,Address 14113
14114,Hindi,Female,522115249,Name_14114,9000014114,Address 14114
14115,Telugu,Male,522115249,Name_14115,9000014115,Address 14115
14116,English,Female,522115249,Name_14116,9000014116,Address 14116
14117,Hindi,Male,522115249,Name_14117,9000014117,Address 14117
14118,Telugu,Female,522115257,Name_14118,9000014118,Address 14118
14119,English,Male,522115257,Name_14119,9000014119,Address 14119
14120,Hindi,Female,522115257,Name_14120,9000014120,Address 14120
14121,Telugu,Male,522115257,Name_14121,9000014121,Address 14121
14122,English,Female,522115257,Name_14122,9000014122,Address 14122
14123,Hindi,Male,522115257,Name_14123,9000014123,Address 14123
14124,Telugu,Female,522115257,Name_14124,9000014124,Address 14124
14125,English,Male,522115257,Name_14125,9000014125,Address 14125
14126,Hindi,Female,522115257,Name_14126,9000014126,Address 14126
14127,Telugu,Male,522115257,Name_14127,9000014127,Address 14127
14128,English,Female,522115257,Name_14128,9000014128,Address 14128
14129,Hindi,Male,522115257,Name_14129,9000014129,Address 14129
14130,Telugu,Female,522115257,Name_14130,9000014130,Address 14130
14131,English,Male,522115257,Name_14131,9000014131,Address 14131
14132,Hindi,Female,522115257,Name_14132,9000014132,Address 14132
14133,Telugu,Male,522115257,Name_14133,9000014133,Address 14133
14134,English,Female,522115257,Name_14134,9000014134,Address 14134
14135,Hindi,Male,522115257,Name_14135,9000014135,Address 14135
14136,Telugu,Female,522115257,Name_14136,9000014136,Address 14136
14137,English,Male,522115257,Name_14137,9000014137,Address 14137
14138,Hindi,Female,522115257,Name_14138,9000014138,Address 14138
14139,Telugu,Male,522115259,Name_14139,9000014139,Address 14139
14140,English,Female,522115259,Name_14140,9000014140,Address 14140
14141,Hindi,Male,522115259,Name_14141,9000014141,Address 14141
14142,Telugu,Female,522115259,Name_14142,9000014142,Address 14142
14143,English,Male,522115259,Name_14143,9000014143,Address 14143
14144,Hindi,Female,522115259,Name_14144,9000014144,Address 14144
14145,Telugu,Male,522115259,Name_14145,9000014145,Address 14145
14146,English,Female,522115259,Name_14146,9000014146,Address 14146
14147,Hindi,Male,522115259,Name_14147,9000014147,Address 14147
14148,Telugu,Female,522115259,Name_14148,9000014148,Address 14148
14149,English,Male,522115259,Name_14149,9000014149,Address 14149
14150,Hindi,Female,522115259,Name_14150,9000014150,Address 14150
14151,Telugu,Male,522115259,Name_14151,9000014151,Address 14151
14152,English,Female,522115259,Name_14152,9000014152,Address 14152
14153,Hindi,Male,522115259,Name_14153,9000014153,Address 14153
14154,Telugu,Female,522115259,Name_14154,9000014154,Address 14154
14155,English,Male,522115259,Name_14155,9000014155,Address 14155
14156,Hindi,Female,522115259,Name_14156,9000014156,Address 14156
14157,Telugu,Male,522115259,Name_14157,9000014157,Address 14157
14158,English,Female,522115259,Name_14158,9000014158,Address 14158
14159,Hindi,Male,522115259,Name_14159,9000014159,Address 14159
14160,Telugu,Female,522115262,Name_14160,9000014160,Address 14160
14161,English,Male,522115262,Name_14161,9000014161,Address 14161
14162,Hindi,Female,522115262,Name_14162,9000014162,Address 14162
14163,Telugu,Male,522115262,Name_14163,9000014163,Address 14163
14164,English,Female,522115262,Name_14164,9000014164,Address 14164
14165,Hindi,Male,522115262,Name_14165,9000014165,Address 14165
14166,Telugu,Female,522115262,Name_14166,9000014166,Address 14166
14167,English,Male,522115262,Name_14167,9000014167,Address 14167
14168,Hindi,Female,522115262,Name_14168,9000014168,Address 14168
14169,Telugu,Male,522115262,Name_14169,9000014169,Address 14169
14170,English,Female,522115262,Name_14170,9000014170,Address 14170
14171,Hindi,Male,522115262,Name_14171,9000014171,Address 14171
14172,Telugu,Female,522115262,Name_14172,9000014172,Address 14172
14173,English,Male,522115262,Name_14173,9000014173,Address 14173
14174,Hindi,Female,522115262,Name_14174,9000014174,Address 14174
14175,Telugu,Male,522115262,Name_14175,9000014175,Address 14175
14176,English,Female,522115262,Name_14176,9000014176,Address 14176
14177,Hindi,Male,522115262,Name_14177,9000014177,Address 14177
14178,Telugu,Female,522115262,Name_14178,9000014178,Address 14178
14179,English,Male,522115262,Name_14179,9000014179,Address 14179
14180,Hindi,Female,522115262,Name_14180,9000014180,Address 14180
14181,Telugu,Male,522118102,Name_14181,9000014181,Address 14181
14182,English,Female,522118102,Name_14182,9000014182,Address 14182
14183,Hindi,Male,522118102,Name_14183,9000014183,Address 14183
14184,Telugu,Female,522118102,Name_14184,9000014184,Address 14184
14185,English,Male,522118102,Name_14185,9000014185,Address 14185
14186,Hindi,Female,522118102,Name_14186,9000014186,Address 14186
14187,Telugu,Male,522118102,Name_14187,9000014187,Address 14187
14188,English,Female,522118102,Name_14188,9000014188,Address 14188
14189,Hindi,Male,522118102,Name_14189,9000014189,Address 14189
14190,Telugu,Female,522118102,Name_14190,9000014190,Address 14190
14191,English,Male,522118102,Name_14191,9000014191,Address 14191
14192,Hindi,Female,522118102,Name_14192,9000014192,Address 14192
14193,Telugu,Male,522118102,Name_14193,9000014193,Address 14193
14194,English,Female,522118102,Name_14194,9000014194,Address 14194
14195,Hindi,Male,522118102,Name_14195,9000014195,Address 14195
14196,Telugu,Female,522118102,Name_14196,9000014196,Address 14196
14197,English,Male,522118102,Name_14197,9000014197,Address 14197
14198,Hindi,Female,522118102,Name_14198,9000014198,Address 14198
14199,Telugu,Male,522118102,Name_14199,9000014199,Address 14199
14200,English,Female,522118102,Name_14200,9000014200,Address 14200
14201,Hindi,Male,522118102,Name_14201,9000014201,Address 14201
14202,Telugu,Female,522118104,Name_14202,9000014202,Address 14202
14203,English,Male,522118104,Name_14203,9000014203,Address 14203
14204,Hindi,Female,522118104,Name_14204,9000014204,Address 14204
14205,Telugu,Male,522118104,Name_14205,9000014205,Address 14205
14206,English,Female,522118104,Name_14206,9000014206,Address 14206
14207,Hindi,Male,522118104,Name_14207,9000014207,Address 14207
14208,Telugu,Female,522118104,Name_14208,9000014208,Address 14208
14209,English,Male,522118104,Name_14209,9000014209,Address 14209
14210,Hindi,Female,522118104,Name_14210,9000014210,Address 14210
14211,Telugu,Male,522118104,Name_14211,9000014211,Address 14211
14212,English,Female,522118104,Name_14212,9000014212,Address 14212
14213,Hindi,Male,522118104,Name_14213,9000014213,Address 14213
14214,Telugu,Female,522118104,Name_14214,9000014214,Address 14214
14215,English,Male,522118104,Name_14215,9000014215,Address 14215
14216,Hindi,Female,522118104,Name_14216,9000014216,Address 14216
14217,Telugu,Male,522118104,Name_14217,9000014217,Address 14217
14218,English,Female,522118104,Name_14218,9000014218,Address 14218
14219,Hindi,Male,522118104,Name_14219,9000014219,Address 14219
14220,Telugu,Female,522118104,Name_14220,9000014220,Address 14220
14221,English,Male,522118104,Name_14221,9000014221,Address 14221
14222,Hindi,Female,522118104,Name_14222,9000014222,Address 14222
14223,Telugu,Male,522118113,Name_14223,9000014223,Address 14223
14224,English,Female,522118113,Name_14224,9000014224,Address 14224
14225,Hindi,Male,522118113,Name_14225,9000014225,Address 14225
14226,Telugu,Female,522118113,Name_14226,9000014226,Address 14226
14227,English,Male,522118113,Name_14227,9000014227,Address 14227
14228,Hindi,Female,522118113,Name_14228,9000014228,Address 14228
14229,Telugu,Male,522118113,Name_14229,9000014229,Address 14229
14230,English,Female,522118113,Name_14230,9000014230,Address 14230
14231,Hindi,Male,522118113,Name_14231,9000014231,Address 14231
14232,Telugu,Female,522118113,Name_14232,9000014232,Address 14232
14233,English,Male,522118113,Name_14233,9000014233,Address 14233
14234,Hindi,Female,522118113,Name_14234,9000014234,Address 14234
14235,Telugu,Male,522118113,Name_14235,9000014235,Address 14235
14236,English,Female,522118113,Name_14236,9000014236,Address 14236
14237,Hindi,Male,522118113,Name_14237,9000014237,Address 14237
14238,Telugu,Female,522118113,Name_14238,9000014238,Address 14238
14239,English,Male,522118113,Name_14239,9000014239,Address 14239
14240,Hindi,Female,522118113,Name_14240,9000014240,Address 14240
14241,Telugu,Male,522118113,Name_14241,9000014241,Address 14241
14242,English,Female,522118113,Name_14242,9000014242,Address 14242
14243,Hindi,Male,522118113,Name_14243,9000014243,Address 14243
14244,Telugu,Female,522118117,Name_14244,9000014244,Address 14244
14245,English,Male,522118117,Name_14245,9000014245,Address 14245
14246,Hindi,Female,522118117,Name_14246,9000014246,Address 14246
14247,Telugu,Male,522118117,Name_14247,9000014247,Address 14247
14248,English,Female,522118117,Name_14248,9000014248,Address 14248
14249,Hindi,Male,522118117,Name_14249,9000014249,Address 14249
14250,Telugu,Female,522118117,Name_14250,9000014250,Address 14250
14251,English,Male,522118117,Name_14251,9000014251,Address 14251
14252,Hindi,Female,522118117,Name_14252,9000014252,Address 14252
14253,Telugu,Male,522118117,Name_14253,9000014253,Address 14253
14254,English,Female,522118117,Name_14254,9000014254,Address 14254
14255,Hindi,Male,522118117,Name_14255,9000014255,Address 14255
14256,Telugu,Female,522118117,Name_14256,9000014256,Address 14256
14257,English,Male,522118117,Name_14257,9000014257,Address 14257
14258,Hindi,Female,522118117,Name_14258,9000014258,Address 14258
14259,Telugu,Male,522118117,Name_14259,9000014259,Address 14259
14260,English,Female,522118117,Name_14260,9000014260,Address 14260
14261,Hindi,Male,522118117,Name_14261,9000014261,Address 14261
14262,Telugu,Female,522118117,Name_14262,9000014262,Address 14262
14263,English,Male,522118117,Name_14263,9000014263,Address 14263
14264,Hindi,Female,522118117,Name_14264,9000014264,Address 14264
14265,Telugu,Male,522118121,Name_14265,9000014265,Address 14265
14266,English,Female,522118121,Name_14266,9000014266,Address 14266
14267,Hindi,Male,522118121,Name_14267,9000014267,Address 14267
14268,Telugu,Female,522118121,Name_14268,9000014268,Address 14268
14269,English,Male,522118121,Name_14269,9000014269,Address 14269
14270,Hindi,Female,522118121,Name_14270,9000014270,Address 14270
14271,Telugu,Male,522118121,Name_14271,9000014271,Address 14271
14272,English,Female,522118121,Name_14272,9000014272,Address 14272
14273,Hindi,Male,522118121,Name_14273,9000014273,Address 14273
14274,Telugu,Female,522118121,Name_14274,9000014274,Address 14274
14275,English,Male,522118121,Name_14275,9000014275,Address 14275
14276,Hindi,Female,522118121,Name_14276,9000014276,Address 14276
14277,Telugu,Male,522118121,Name_14277,9000014277,Address 14277
14278,English,Female,522118121,Name_14278,9000014278,Address 14278
14279,Hindi,Male,522118121,Name_14279,9000014279,Address 14279
14280,Telugu,Female,522118121,Name_14280,9000014280,Address 14280
14281,English,Male,522118121,Name_14281,9000014281,Address 14281
14282,Hindi,Female,522118121,Name_14282,9000014282,Address 14282
14283,Telugu,Male,522118121,Name_14283,9000014283,Address 14283
14284,English,Female,522118121,Name_14284,9000014284,Address 14284
14285,Hindi,Male,522118121,Name_14285,9000014285,Address 14285
14286,Telugu,Female,52211885,Name_14286,9000014286,Address 14286
14287,English,Male,52211885,Name_14287,9000014287,Address 14287
14288,Hindi,Female,52211885,Name_14288,9000014288,Address 14288
14289,Telugu,Male,52211885,Name_14289,9000014289,Address 14289
14290,English,Female,52211885,Name_14290,9000014290,Address 14290
14291,Hindi,Male,52211885,Name_14291,9000014291,Address 14291
14292,Telugu,Female,52211885,Name_14292,9000014292,Address 14292
14293,English,Male,52211885,Name_14293,9000014293,Address 14293
14294,Hindi,Female,52211885,Name_14294,9000014294,Address 14294
14295,Telugu,Male,52211885,Name_14295,9000014295,Address 14295
14296,English,Female,52211885,Name_14296,9000014296,Address 14296
14297,Hindi,Male,52211885,Name_14297,9000014297,Address 14297
14298,Telugu,Female,52211885,Name_14298,9000014298,Address 14298
14299,English,Male,52211885,Name_14299,9000014299,Address 14299
14300,Hindi,Female,52211885,Name_14300,9000014300,Address 14300
14301,Telugu,Male,52211885,Name_14301,9000014301,Address 14301
14302,English,Female,52211885,Name_14302,9000014302,Address 14302
14303,Hindi,Male,52211885,Name_14303,9000014303,Address 14303
14304,Telugu,Female,52211885,Name_14304,9000014304,Address 14304
14305,English,Male,52211885,Name_14305,9000014305,Address 14305
14306,Hindi,Female,52211885,Name_14306,9000014306,Address 14306
14307,Telugu,Male,52211891,Name_14307,9000014307,Address 14307
14308,English,Female,52211891,Name_14308,9000014308,Address 14308
14309,Hindi,Male,52211891,Name_14309,9000014309,Address 14309
14310,Telugu,Female,52211891,Name_14310,9000014310,Address 14310
14311,English,Male,52211891,Name_14311,9000014311,Address 14311
14312,Hindi,Female,52211891,Name_14312,9000014312,Address 14312
14313,Telugu,Male,52211891,Name_14313,9000014313,Address 14313
14314,English,Female,52211891,Name_14314,9000014314,Address 14314
14315,Hindi,Male,52211891,Name_14315,9000014315,Address 14315
14316,Telugu,Female,52211891,Name_14316,9000014316,Address 14316
14317,English,Male,52211891,Name_14317,9000014317,Address 14317
14318,Hindi,Female,52211891,Name_14318,9000014318,Address 14318
14319,Telugu,Male,52211891,Name_14319,9000014319,Address 14319
14320,English,Female,52211891,Name_14320,9000014320,Address 14320
14321,Hindi,Male,52211891,Name_14321,9000014321,Address 14321
14322,Telugu,Female,52211891,Name_14322,9000014322,Address 14322
14323,English,Male,52211891,Name_14323,9000014323,Address 14323
14324,Hindi,Female,52211891,Name_14324,9000014324,Address 14324
14325,Telugu,Male,52211891,Name_14325,9000014325,Address 14325
14326,English,Female,52211891,Name_14326,9000014326,Address 14326
14327,Hindi,Male,52211891,Name_14327,9000014327,Address 14327
14328,Telugu,Female,52211893,Name_14328,9000014328,Address 14328
14329,English,Male,52211893,Name_14329,9000014329,Address 14329
14330,Hindi,Female,52211893,Name_14330,9000014330,Address 14330
14331,Telugu,Male,52211893,Name_14331,9000014331,Address 14331
14332,English,Female,52211893,Name_14332,9000014332,Address 14332
14333,Hindi,Male,52211893,Name_14333,9000014333,Address 14333
14334,Telugu,Female,52211893,Name_14334,9000014334,Address 14334
14335,English,Male,52211893,Name_14335,9000014335,Address 14335
14336,Hindi,Female,52211893,Name_14336,9000014336,Address 14336
14337,Telugu,Male,52211893,Name_14337,9000014337,Address 14337
14338,English,Female,52211893,Name_14338,9000014338,Address 14338
14339,Hindi,Male,52211893,Name_14339,9000014339,Address 14339
14340,Telugu,Female,52211893,Name_14340,9000014340,Address 14340
14341,English,Male,52211893,Name_14341,9000014341,Address 14341
14342,Hindi,Female,52211893,Name_14342,9000014342,Address 14342
14343,Telugu,Male,52211893,Name_14343,9000014343,Address 14343
14344,English,Female,52211893,Name_14344,9000014344,Address 14344
14345,Hindi,Male,52211893,Name_14345,9000014345,Address 14345
14346,Telugu,Female,52211893,Name_14346,9000014346,Address 14346
14347,English,Male,52211893,Name_14347,9000014347,Address 14347
14348,Hindi,Female,52211893,Name_14348,9000014348,Address 14348
14349,Telugu,Male,52211894,Name_14349,9000014349,Address 14349
14350,English,Female,52211894,Name_14350,9000014350,Address 14350
14351,Hindi,Male,52211894,Name_14351,9000014351,Address 14351
14352,Telugu,Female,52211894,Name_14352,9000014352,Address 14352
14353,English,Male,52211894,Name_14353,9000014353,Address 14353
14354,Hindi,Female,52211894,Name_14354,9000014354,Address 14354
14355,Telugu,Male,52211894,Name_14355,9000014355,Address 14355
14356,English,Female,52211894,Name_14356,9000014356,Address 14356
14357,Hindi,Male,52211894,Name_14357,9000014357,Address 14357
14358,Telugu,Female,52211894,Name_14358,9000014358,Address 14358
14359,English,Male,52211894,Name_14359,9000014359,Address 14359
14360,Hindi,Female,52211894,Name_14360,9000014360,Address 14360
14361,Telugu,Male,52211894,Name_14361,9000014361,Address 14361
14362,English,Female,52211894,Name_14362,9000014362,Address 14362
14363,Hindi,Male,52211894,Name_14363,9000014363,Address 14363
14364,Telugu,Female,52211894,Name_14364,9000014364,Address 14364
14365,English,Male,52211894,Name_14365,9000014365,Address 14365
14366,Hindi,Female,52211894,Name_14366,9000014366,Address 14366
14367,Telugu,Male,52211894,Name_14367,9000014367,Address 14367
14368,English,Female,52211894,Name_14368,9000014368,Address 14368
14369,Hindi,Male,52211894,Name_14369,9000014369,Address 14369
14370,Telugu,Female,527109221,Name_14370,9000014370,Address 14370
14371,English,Male,527109221,Name_14371,9000014371,Address 14371
14372,Hindi,Female,527109221,Name_14372,9000014372,Address 14372
14373,Telugu,Male,527109221,Name_14373,9000014373,Address 14373
14374,English,Female,527109221,Name_14374,9000014374,Address 14374
14375,Hindi,Male,527109221,Name_14375,9000014375,Address 14375
14376,Telugu,Female,527109221,Name_14376,9000014376,Address 14376
14377,English,Male,527109221,Name_14377,9000014377,Address 14377
14378,Hindi,Female,527109221,Name_14378,9000014378,Address 14378
14379,Telugu,Male,527109221,Name_14379,9000014379,Address 14379
14380,English,Female,527109221,Name_14380,9000014380,Address 14380
14381,Hindi,Male,527109221,Name_14381,9000014381,Address 14381
14382,Telugu,Female,527109221,Name_14382,9000014382,Address 14382
14383,English,Male,527109221,Name_14383,9000014383,Address 14383
14384,Hindi,Female,527109221,Name_14384,9000014384,Address 14384
14385,Telugu,Male,527109221,Name_14385,9000014385,Address 14385
14386,English,Female,527109221,Name_14386,9000014386,Address 14386
14387,Hindi,Male,527109221,Name_14387,9000014387,Address 14387
14388,Telugu,Female,527109221,Name_14388,9000014388,Address 14388
14389,English,Male,527109221,Name_14389,9000014389,Address 14389
14390,Hindi,Female,527109221,Name_14390,9000014390,Address 14390
14391,Telugu,Male,527109223,Name_14391,9000014391,Address 14391
14392,English,Female,527109223,Name_14392,9000014392,Address 14392
14393,Hindi,Male,527109223,Name_14393,9000014393,Address 14393
14394,Telugu,Female,527109223,Name_14394,9000014394,Address 14394
14395,English,Male,527109223,Name_14395,9000014395,Address 14395
14396,Hindi,Female,527109223,Name_14396,9000014396,Address 14396
14397,Telugu,Male,527109223,Name_14397,9000014397,Address 14397
14398,English,Female,527109223,Name_14398,9000014398,Address 14398
14399,Hindi,Male,527109223,Name_14399,9000014399,Address 14399
14400,Telugu,Female,527109223,Name_14400,9000014400,Address 14400
14401,English,Male,527109223,Name_14401,9000014401,Address 14401
14402,Hindi,Female,527109223,Name_14402,9000014402,Address 14402
14403,Telugu,Male,527109223,Name_14403,9000014403,Address 14403
14404,English,Female,527109223,Name_14404,9000014404,Address 14404
14405,Hindi,Male,527109223,Name_14405,9000014405,Address 14405
14406,Telugu,Female,527109223,Name_14406,9000014406,Address 14406
14407,English,Male,527109223,Name_14407,9000014407,Address 14407
14408,Hindi,Female,527109223,Name_14408,9000014408,Address 14408
14409,Telugu,Male,527109223,Name_14409,9000014409,Address 14409
14410,English,Female,527109223,Name_14410,9000014410,Address 14410
14411,Hindi,Male,527109223,Name_14411,9000014411,Address 14411
14412,Telugu,Female,527109226,Name_14412,9000014412,Address 14412
14413,English,Male,527109226,Name_14413,9000014413,Address 14413
14414,Hindi,Female,527109226,Name_14414,9000014414,Address 14414
14415,Telugu,Male,527109226,Name_14415,9000014415,Address 14415
14416,English,Female,527109226,Name_14416,9000014416,Address 14416
14417,Hindi,Male,527109226,Name_14417,9000014417,Address 14417
14418,Telugu,Female,527109226,Name_14418,9000014418,Address 14418
14419,English,Male,527109226,Name_14419,9000014419,Address 14419
14420,Hindi,Female,527109226,Name_14420,9000014420,Address 14420
14421,Telugu,Male,527109226,Name_14421,9000014421,Address 14421
14422,English,Female,527109226,Name_14422,9000014422,Address 14422
14423,Hindi,Male,527109226,Name_14423,9000014423,Address 14423
14424,Telugu,Female,527109226,Name_14424,9000014424,Address 14424
14425,English,Male,527109226,Name_14425,9000014425,Address 14425
14426,Hindi,Female,527109226,Name_14426,9000014426,Address 14426
14427,Telugu,Male,527109226,Name_14427,9000014427,Address 14427
14428,English,Female,527109226,Name_14428,9000014428,Address 14428
14429,Hindi,Male,527109226,Name_14429,9000014429,Address 14429
14430,Telugu,Female,527109226,Name_14430,9000014430,Address 14430
14431,English,Male,527109226,Name_14431,9000014431,Address 14431
14432,Hindi,Female,527109226,Name_14432,9000014432,Address 14432
14433,Telugu,Male,527109232,Name_14433,9000014433,Address 14433
14434,English,Female,527109232,Name_14434,9000014434,Address 14434
14435,Hindi,Male,527109232,Name_14435,9000014435,Address 14435
14436,Telugu,Female,527109232,Name_14436,9000014436,Address 14436
14437,English,Male,527109232,Name_14437,9000014437,Address 14437
14438,Hindi,Female,527109232,Name_14438,9000014438,Address 14438
14439,Telugu,Male,527109232,Name_14439,9000014439,Address 14439
14440,English,Female,527109232,Name_14440,9000014440,Address 14440
14441,Hindi,Male,527109232,Name_14441,9000014441,Address 14441
14442,Telugu,Female,527109232,Name_14442,9000014442,Address 14442
14443,English,Male,527109232,Name_14443,9000014443,Address 14443
14444,Hindi,Female,527109232,Name_14444,9000014444,Address 14444
14445,Telugu,Male,527109232,Name_14445,9000014445,Address 14445
14446,English,Female,527109232,Name_14446,9000014446,Address 14446
14447,Hindi,Male,527109232,Name_14447,9000014447,Address 14447
14448,Telugu,Female,527109232,Name_14448,9000014448,Address 14448
14449,English,Male,527109232,Name_14449,9000014449,Address 14449
14450,Hindi,Female,527109232,Name_14450,9000014450,Address 14450
14451,Telugu,Male,527109232,Name_14451,9000014451,Address 14451
14452,English,Female,527109232,Name_14452,9000014452,Address 14452
14453,Hindi,Male,527109232,Name_14453,9000014453,Address 14453
14454,Telugu,Female,527109235,Name_14454,9000014454,Address 14454
14455,English,Male,527109235,Name_14455,9000014455,Address 14455
14456,Hindi,Female,527109235,Name_14456,9000014456,Address 14456
14457,Telugu,Male,527109235,Name_14457,9000014457,Address 14457
14458,English,Female,527109235,Name_14458,9000014458,Address 14458
14459,Hindi,Male,527109235,Name_14459,9000014459,Address 14459
14460,Telugu,Female,527109235,Name_14460,9000014460,Address 14460
14461,English,Male,527109235,Name_14461,9000014461,Address 14461
14462,Hindi,Female,527109235,Name_14462,9000014462,Address 14462
14463,Telugu,Male,527109235,Name_14463,9000014463,Address 14463
14464,English,Female,527109235,Name_14464,9000014464,Address 14464
14465,Hindi,Male,527109235,Name_14465,9000014465,Address 14465
14466,Telugu,Female,527109235,Name_14466,9000014466,Address 14466
14467,English,Male,527109235,Name_14467,9000014467,Address 14467
14468,Hindi,Female,527109235,Name_14468,9000014468,Address 14468
14469,Telugu,Male,527109235,Name_14469,9000014469,Address 14469
14470,English,Female,527109235,Name_14470,9000014470,Address 14470
14471,Hindi,Male,527109235,Name_14471,9000014471,Address 14471
14472,Telugu,Female,527109235,Name_14472,9000014472,Address 14472
14473,English,Male,527109235,Name_14473,9000014473,Address 14473
14474,Hindi,Female,527109235,Name_14474,9000014474,Address 14474
14475,Telugu,Male,527109254,Name_14475,9000014475,Address 14475
14476,English,Female,527109254,Name_14476,9000014476,Address 14476
14477,Hindi,Male,527109254,Name_14477,9000014477,Address 14477
14478,Telugu,Female,527109254,Name_14478,9000014478,Address 14478
14479,English,Male,527109254,Name_14479,9000014479,Address 14479
14480,Hindi,Female,527109254,Name_14480,9000014480,Address 14480
14481,Telugu,Male,527109254,Name_14481,9000014481,Address 14481
14482,English,Female,527109254,Name_14482,9000014482,Address 14482
14483,Hindi,Male,527109254,Name_14483,9000014483,Address 14483
14484,Telugu,Female,527109254,Name_14484,9000014484,Address 14484
14485,English,Male,527109254,Name_14485,9000014485,Address 14485
14486,Hindi,Female,527109254,Name_14486,9000014486,Address 14486
14487,Telugu,Male,527109254,Name_14487,9000014487,Address 14487
14488,English,Female,527109254,Name_14488,9000014488,Address 14488
14489,Hindi,Male,527109254,Name_14489,9000014489,Address 14489
14490,Telugu,Female,527109254,Name_14490,9000014490,Address 14490
14491,English,Male,527109254,Name_14491,9000014491,Address 14491
14492,Hindi,Female,527109254,Name_14492,9000014492,Address 14492
14493,Telugu,Male,527109254,Name_14493,9000014493,Address 14493
14494,English,Female,527109254,Name_14494,9000014494,Address 14494
14495,Hindi,Male,527109254,Name_14495,9000014495,Address 14495
14496,Telugu,Female,527109270,Name_14496,9000014496,Address 14496
14497,English,Male,527109270,Name_14497,9000014497,Address 14497
14498,Hindi,Female,527109270,Name_14498,9000014498,Address 14498
14499,Telugu,Male,527109270,Name_14499,9000014499,Address 14499
14500,English,Female,527109270,Name_14500,9000014500,Address 14500
14501,Hindi,Male,527109270,Name_14501,9000014501,Address 14501
14502,Telugu,Female,527109270,Name_14502,9000014502,Address 14502
14503,English,Male,527109270,Name_14503,9000014503,Address 14503
14504,Hindi,Female,527109270,Name_14504,9000014504,Address 14504
14505,Telugu,Male,527109270,Name_14505,9000014505,Address 14505
14506,English,Female,527109270,Name_14506,9000014506,Address 14506
14507,Hindi,Male,527109270,Name_14507,9000014507,Address 14507
14508,Telugu,Female,527109270,Name_14508,9000014508,Address 14508
14509,English,Male,527109270,Name_14509,9000014509,Address 14509
14510,Hindi,Female,527109270,Name_14510,9000014510,Address 14510
14511,Telugu,Male,527109270,Name_14511,9000014511,Address 14511
14512,English,Female,527109270,Name_14512,9000014512,Address 14512
14513,Hindi,Male,527109270,Name_14513,9000014513,Address 14513
14514,Telugu,Female,527109270,Name_14514,9000014514,Address 14514
14515,English,Male,527109270,Name_14515,9000014515,Address 14515
14516,Hindi,Female,527109270,Name_14516,9000014516,Address 14516
14517,Telugu,Male,527111275,Name_14517,9000014517,Address 14517
14518,English,Female,527111275,Name_14518,9000014518,Address 14518
14519,Hindi,Male,527111275,Name_14519,9000014519,Address 14519
14520,Telugu,Female,527111275,Name_14520,9000014520,Address 14520
14521,English,Male,527111275,Name_14521,9000014521,Address 14521
14522,Hindi,Female,527111275,Name_14522,9000014522,Address 14522
14523,Telugu,Male,527111275,Name_14523,9000014523,Address 14523
14524,English,Female,527111275,Name_14524,9000014524,Address 14524
14525,Hindi,Male,527111275,Name_14525,9000014525,Address 14525
14526,Telugu,Female,527111275,Name_14526,9000014526,Address 14526
14527,English,Male,527111275,Name_14527,9000014527,Address 14527
14528,Hindi,Female,527111275,Name_14528,9000014528,Address 14528
14529,Telugu,Male,527111275,Name_14529,9000014529,Address 14529
14530,English,Female,527111275,Name_14530,9000014530,Address 14530
14531,Hindi,Male,527111275,Name_14531,9000014531,Address 14531
14532,Telugu,Female,527111275,Name_14532,9000014532,Address 14532
14533,English,Male,527111275,Name_14533,9000014533,Address 14533
14534,Hindi,Female,527111275,Name_14534,9000014534,Address 14534
14535,Telugu,Male,527111275,Name_14535,9000014535,Address 14535
14536,English,Female,527111275,Name_14536,9000014536,Address 14536
14537,Hindi,Male,527111275,Name_14537,9000014537,Address 14537
14538,Telugu,Female,527111276,Name_14538,9000014538,Address 14538
14539,English,Male,527111276,Name_14539,9000014539,Address 14539
14540,Hindi,Female,527111276,Name_14540,9000014540,Address 14540
14541,Telugu,Male,527111276,Name_14541,9000014541,Address 14541
14542,English,Female,527111276,Name_14542,9000014542,Address 14542
14543,Hindi,Male,527111276,Name_14543,9000014543,Address 14543
14544,Telugu,Female,527111276,Name_14544,9000014544,Address 14544
14545,English,Male,527111276,Name_14545,9000014545,Address 14545
14546,Hindi,Female,527111276,Name_14546,9000014546,Address 14546
14547,Telugu,Male,527111276,Name_14547,9000014547,Address 14547
14548,English,Female,527111276,Name_14548,9000014548,Address 14548
14549,Hindi,Male,527111276,Name_14549,9000014549,Address 14549
14550,Telugu,Female,527111276,Name_14550,9000014550,Address 14550
14551,English,Male,527111276,Name_14551,9000014551,Address 14551
14552,Hindi,Female,527111276,Name_14552,9000014552,Address 14552
14553,Telugu,Male,527111276,Name_14553,9000014553,Address 14553
14554,English,Female,527111276,Name_14554,9000014554,Address 14554
14555,Hindi,Male,527111276,Name_14555,9000014555,Address 14555
14556,Telugu,Female,527111276,Name_14556,9000014556,Address 14556
14557,English,Male,527111276,Name_14557,9000014557,Address 14557
14558,Hindi,Female,527111276,Name_14558,9000014558,Address 14558
14559,Telugu,Male,527111289,Name_14559,9000014559,Address 14559
14560,English,Female,527111289,Name_14560,9000014560,Address 14560
14561,Hindi,Male,527111289,Name_14561,9000014561,Address 14561
14562,Telugu,Female,527111289,Name_14562,9000014562,Address 14562
14563,English,Male,527111289,Name_14563,9000014563,Address 14563
14564,Hindi,Female,527111289,Name_14564,9000014564,Address 14564
14565,Telugu,Male,527111289,Name_14565,9000014565,Address 14565
14566,English,Female,527111289,Name_14566,9000014566,Address 14566
14567,Hindi,Male,527111289,Name_14567,9000014567,Address 14567
14568,Telugu,Female,527111289,Name_14568,9000014568,Address 14568
14569,English,Male,527111289,Name_14569,9000014569,Address 14569
14570,Hindi,Female,527111289,Name_14570,9000014570,Address 14570
14571,Telugu,Male,527111289,Name_14571,9000014571,Address 14571
14572,English,Female,527111289,Name_14572,9000014572,Address 14572
14573,Hindi,Male,527111289,Name_14573,9000014573,Address 14573
14574,Telugu,Female,527111289,Name_14574,9000014574,Address 14574
14575,English,Male,527111289,Name_14575,9000014575,Address 14575
14576,Hindi,Female,527111289,Name_14576,9000014576,Address 14576
14577,Telugu,Male,527111289,Name_14577,9000014577,Address 14577
14578,English,Female,527111289,Name_14578,9000014578,Address 14578
14579,Hindi,Male,527111289,Name_14579,9000014579,Address 14579
14580,Telugu,Female,527111296,Name_14580,9000014580,Address 14580
14581,English,Male,527111296,Name_14581,9000014581,Address 14581
14582,Hindi,Female,527111296,Name_14582,9000014582,Address 14582
14583,Telugu,Male,527111296,Name_14583,9000014583,Address 14583
14584,English,Female,527111296,Name_14584,9000014584,Address 14584
14585,Hindi,Male,527111296,Name_14585,9000014585,Address 14585
14586,Telugu,Female,527111296,Name_14586,9000014586,Address 14586
14587,English,Male,527111296,Name_14587,9000014587,Address 14587
14588,Hindi,Female,527111296,Name_14588,9000014588,Address 14588
14589,Telugu,Male,527111296,Name_14589,9000014589,Address 14589
14590,English,Female,527111296,Name_14590,9000014590,Address 14590
14591,Hindi,Male,527111296,Name_14591,9000014591,Address 14591
14592,Telugu,Female,527111296,Name_14592,9000014592,Address 14592
14593,English,Male,527111296,Name_14593,9000014593,Address 14593
14594,Hindi,Female,527111296,Name_14594,9000014594,Address 14594
14595,Telugu,Male,527111296,Name_14595,9000014595,Address 14595
14596,English,Female,527111296,Name_14596,9000014596,Address 14596
14597,Hindi,Male,527111296,Name_14597,9000014597,Address 14597
14598,Telugu,Female,527111296,Name_14598,9000014598,Address 14598
14599,English,Male,527111296,Name_14599,9000014599,Address 14599
14600,Hindi,Female,527111296,Name_14600,9000014600,Address 14600
14601,Telugu,Male,527111305,Name_14601,9000014601,Address 14601
14602,English,Female,527111305,Name_14602,9000014602,Address 14602
14603,Hindi,Male,527111305,Name_14603,9000014603,Address 14603
14604,Telugu,Female,527111305,Name_14604,9000014604,Address 14604
14605,English,Male,527111305,Name_14605,9000014605,Address 14605
14606,Hindi,Female,527111305,Name_14606,9000014606,Address 14606
14607,Telugu,Male,527111305,Name_14607,9000014607,Address 14607
14608,English,Female,527111305,Name_14608,9000014608,Address 14608
14609,Hindi,Male,527111305,Name_14609,9000014609,Address 14609
14610,Telugu,Female,527111305,Name_14610,9000014610,Address 14610
14611,English,Male,527111305,Name_14611,9000014611,Address 14611
14612,Hindi,Female,527111305,Name_14612,9000014612,Address 14612
14613,Telugu,Male,527111305,Name_14613,9000014613,Address 14613
14614,English,Female,527111305,Name_14614,9000014614,Address 14614
14615,Hindi,Male,527111305,Name_14615,9000014615,Address 14615
14616,Telugu,Female,527111305,Name_14616,9000014616,Address 14616
14617,English,Male,527111305,Name_14617,9000014617,Address 14617
14618,Hindi,Female,527111305,Name_14618,9000014618,Address 14618
14619,Telugu,Male,527111305,Name_14619,9000014619,Address 14619
14620,English,Female,527111305,Name_14620,9000014620,Address 14620
14621,Hindi,Male,527111305,Name_14621,9000014621,Address 14621
14622,Telugu,Female,527111308,Name_14622,9000014622,Address 14622
14623,English,Male,527111308,Name_14623,9000014623,Address 14623
14624,Hindi,Female,527111308,Name_14624,9000014624,Address 14624
14625,Telugu,Male,527111308,Name_14625,9000014625,Address 14625
14626,English,Female,527111308,Name_14626,9000014626,Address 14626
14627,Hindi,Male,527111308,Name_14627,9000014627,Address 14627
14628,Telugu,Female,527111308,Name_14628,9000014628,Address 14628
14629,English,Male,527111308,Name_14629,9000014629,Address 14629
14630,Hindi,Female,527111308,Name_14630,9000014630,Address 14630
14631,Telugu,Male,527111308,Name_14631,9000014631,Address 14631
14632,English,Female,527111308,Name_14632,9000014632,Address 14632
14633,Hindi,Male,527111308,Name_14633,9000014633,Address 14633
14634,Telugu,Female,527111308,Name_14634,9000014634,Address 14634
14635,English,Male,527111308,Name_14635,9000014635,Address 14635
14636,Hindi,Female,527111308,Name_14636,9000014636,Address 14636
14637,Telugu,Male,527111308,Name_14637,9000014637,Address 14637
14638,English,Female,527111308,Name_14638,9000014638,Address 14638
14639,Hindi,Male,527111308,Name_14639,9000014639,Address 14639
14640,Telugu,Female,527111308,Name_14640,9000014640,Address 14640
14641,English,Male,527111308,Name_14641,9000014641,Address 14641
14642,Hindi,Female,527111308,Name_14642,9000014642,Address 14642
14643,Telugu,Male,527111314,Name_14643,9000014643,Address 14643
14644,English,Female,527111314,Name_14644,9000014644,Address 14644
14645,Hindi,Male,527111314,Name_14645,9000014645,Address 14645
14646,Telugu,Female,527111314,Name_14646,9000014646,Address 14646
14647,English,Male,527111314,Name_14647,9000014647,Address 14647
14648,Hindi,Female,527111314,Name_14648,9000014648,Address 14648
14649,Telugu,Male,527111314,Name_14649,9000014649,Address 14649
14650,English,Female,527111314,Name_14650,9000014650,Address 14650
14651,Hindi,Male,527111314,Name_14651,9000014651,Address 14651
14652,Telugu,Female,527111314,Name_14652,9000014652,Address 14652
14653,English,Male,527111314,Name_14653,9000014653,Address 14653
14654,Hindi,Female,527111314,Name_14654,9000014654,Address 14654
14655,Telugu,Male,527111314,Name_14655,9000014655,Address 14655
14656,English,Female,527111314,Name_14656,9000014656,Address 14656
14657,Hindi,Male,527111314,Name_14657,9000014657,Address 14657
14658,Telugu,Female,527111314,Name_14658,9000014658,Address 14658
14659,English,Male,527111314,Name_14659,9000014659,Address 14659
14660,Hindi,Female,527111314,Name_14660,9000014660,Address 14660
14661,Telugu,Male,527111314,Name_14661,9000014661,Address 14661
14662,English,Female,527111314,Name_14662,9000014662,Address 14662
14663,Hindi,Male,527111314,Name_14663,9000014663,Address 14663
14664,Telugu,Female,527111323,Name_14664,9000014664,Address 14664
14665,English,Male,527111323,Name_14665,9000014665,Address 14665
14666,Hindi,Female,527111323,Name_14666,9000014666,Address 14666
14667,Telugu,Male,527111323,Name_14667,9000014667,Address 14667
14668,English,Female,527111323,Name_14668,9000014668,Address 14668
14669,Hindi,Male,527111323,Name_14669,9000014669,Address 14669
14670,Telugu,Female,527111323,Name_14670,9000014670,Address 14670
14671,English,Male,527111323,Name_14671,9000014671,Address 14671
14672,Hindi,Female,527111323,Name_14672,9000014672,Address 14672
14673,Telugu,Male,527111323,Name_14673,9000014673,Address 14673
14674,English,Female,527111323,Name_14674,9000014674,Address 14674
14675,Hindi,Male,527111323,Name_14675,9000014675,Address 14675
14676,Telugu,Female,527111323,Name_14676,9000014676,Address 14676
14677,English,Male,527111323,Name_14677,9000014677,Address 14677
14678,Hindi,Female,527111323,Name_14678,9000014678,Address 14678
14679,Telugu,Male,527111323,Name_14679,9000014679,Address 14679
14680,English,Female,527111323,Name_14680,9000014680,Address 14680
14681,Hindi,Male,527111323,Name_14681,9000014681,Address 14681
14682,Telugu,Female,527111323,Name_14682,9000014682,Address 14682
14683,English,Male,527111323,Name_14683,9000014683,Address 14683
14684,Hindi,Female,527111323,Name_14684,9000014684,Address 14684
14685,Telugu,Male,52810854,Name_14685,9000014685,Address 14685
14686,English,Female,52810854,Name_14686,9000014686,Address 14686
14687,Hindi,Male,52810854,Name_14687,9000014687,Address 14687
14688,Telugu,Female,52810854,Name_14688,9000014688,Address 14688
14689,English,Male,52810854,Name_14689,9000014689,Address 14689
14690,Hindi,Female,52810854,Name_14690,9000014690,Address 14690
14691,Telugu,Male,52810854,Name_14691,9000014691,Address 14691
14692,English,Female,52810854,Name_14692,9000014692,Address 14692
14693,Hindi,Male,52810854,Name_14693,9000014693,Address 14693
14694,Telugu,Female,52810854,Name_14694,9000014694,Address 14694
14695,English,Male,52810854,Name_14695,9000014695,Address 14695
14696,Hindi,Female,52810854,Name_14696,9000014696,Address 14696
14697,Telugu,Male,52810854,Name_14697,9000014697,Address 14697
14698,English,Female,52810854,Name_14698,9000014698,Address 14698
14699,Hindi,Male,52810854,Name_14699,9000014699,Address 14699
14700,Telugu,Female,52810854,Name_14700,9000014700,Address 14700
14701,English,Male,52810854,Name_14701,9000014701,Address 14701
14702,Hindi,Female,52810854,Name_14702,9000014702,Address 14702
14703,Telugu,Male,52810854,Name_14703,9000014703,Address 14703
14704,English,Female,52810854,Name_14704,9000014704,Address 14704
14705,Hindi,Male,52810854,Name_14705,9000014705,Address 14705
14706,Telugu,Female,52810859,Name_14706,9000014706,Address 14706
14707,English,Male,52810859,Name_14707,9000014707,Address 14707
14708,Hindi,Female,52810859,Name_14708,9000014708,Address 14708
14709,Telugu,Male,52810859,Name_14709,9000014709,Address 14709
14710,English,Female,52810859,Name_14710,9000014710,Address 14710
14711,Hindi,Male,52810859,Name_14711,9000014711,Address 14711
14712,Telugu,Female,52810859,Name_14712,9000014712,Address 14712
14713,English,Male,52810859,Name_14713,9000014713,Address 14713
14714,Hindi,Female,52810859,Name_14714,9000014714,Address 14714
14715,Telugu,Male,52810859,Name_14715,9000014715,Address 14715
14716,English,Female,52810859,Name_14716,9000014716,Address 14716
14717,Hindi,Male,52810859,Name_14717,9000014717,Address 14717
14718,Telugu,Female,52810859,Name_14718,9000014718,Address 14718
14719,English,Male,52810859,Name_14719,9000014719,Address 14719
14720,Hindi,Female,52810859,Name_14720,9000014720,Address 14720
14721,Telugu,Male,52810859,Name_14721,9000014721,Address 14721
14722,English,Female,52810859,Name_14722,9000014722,Address 14722
14723,Hindi,Male,52810859,Name_14723,9000014723,Address 14723
14724,Telugu,Female,52810859,Name_14724,9000014724,Address 14724
14725,English,Male,52810859,Name_14725,9000014725,Address 14725
14726,Hindi,Female,52810859,Name_14726,9000014726,Address 14726
14727,Telugu,Male,52810863,Name_14727,9000014727,Address 14727
14728,English,Female,52810863,Name_14728,9000014728,Address 14728
14729,Hindi,Male,52810863,Name_14729,9000014729,Address 14729
14730,Telugu,Female,52810863,Name_14730,9000014730,Address 14730
14731,English,Male,52810863,Name_14731,9000014731,Address 14731
14732,Hindi,Female,52810863,Name_14732,9000014732,Address 14732
14733,Telugu,Male,52810863,Name_14733,9000014733,Address 14733
14734,English,Female,52810863,Name_14734,9000014734,Address 14734
14735,Hindi,Male,52810863,Name_14735,9000014735,Address 14735
14736,Telugu,Female,52810863,Name_14736,9000014736,Address 14736
14737,English,Male,52810863,Name_14737,9000014737,Address 14737
14738,Hindi,Female,52810863,Name_14738,9000014738,Address 14738
14739,Telugu,Male,52810863,Name_14739,9000014739,Address 14739
14740,English,Female,52810863,Name_14740,9000014740,Address 14740
14741,Hindi,Male,52810863,Name_14741,9000014741,Address 14741
14742,Telugu,Female,52810863,Name_14742,9000014742,Address 14742
14743,English,Male,52810863,Name_14743,9000014743,Address 14743
14744,Hindi,Female,52810863,Name_14744,9000014744,Address 14744
14745,Telugu,Male,52810863,Name_14745,9000014745,Address 14745
14746,English,Female,52810863,Name_14746,9000014746,Address 14746
14747,Hindi,Male,52810863,Name_14747,9000014747,Address 14747
14748,Telugu,Female,52810870,Name_14748,9000014748,Address 14748
14749,English,Male,52810870,Name_14749,9000014749,Address 14749
14750,Hindi,Female,52810870,Name_14750,9000014750,Address 14750
14751,Telugu,Male,52810870,Name_14751,9000014751,Address 14751
14752,English,Female,52810870,Name_14752,9000014752,Address 14752
14753,Hindi,Male,52810870,Name_14753,9000014753,Address 14753
14754,Telugu,Female,52810870,Name_14754,9000014754,Address 14754
14755,English,Male,52810870,Name_14755,9000014755,Address 14755
14756,Hindi,Female,52810870,Name_14756,9000014756,Address 14756
14757,Telugu,Male,52810870,Name_14757,9000014757,Address 14757
14758,English,Female,52810870,Name_14758,9000014758,Address 14758
14759,Hindi,Male,52810870,Name_14759,9000014759,Address 14759
14760,Telugu,Female,52810870,Name_14760,9000014760,Address 14760
14761,English,Male,52810870,Name_14761,9000014761,Address 14761
14762,Hindi,Female,52810870,Name_14762,9000014762,Address 14762
14763,Telugu,Male,52810870,Name_14763,9000014763,Address 14763
14764,English,Female,52810870,Name_14764,9000014764,Address 14764
14765,Hindi,Male,52810870,Name_14765,9000014765,Address 14765
14766,Telugu,Female,52810870,Name_14766,9000014766,Address 14766
14767,English,Male,52810870,Name_14767,9000014767,Address 14767
14768,Hindi,Female,52810870,Name_14768,9000014768,Address 14768
14769,Telugu,Male,52810881,Name_14769,9000014769,Address 14769
14770,English,Female,52810881,Name_14770,9000014770,Address 14770
14771,Hindi,Male,52810881,Name_14771,9000014771,Address 14771
14772,Telugu,Female,52810881,Name_14772,9000014772,Address 14772
14773,English,Male,52810881,Name_14773,9000014773,Address 14773
14774,Hindi,Female,52810881,Name_14774,9000014774,Address 14774
14775,Telugu,Male,52810881,Name_14775,9000014775,Address 14775
14776,English,Female,52810881,Name_14776,9000014776,Address 14776
14777,Hindi,Male,52810881,Name_14777,9000014777,Address 14777
14778,Telugu,Female,52810881,Name_14778,9000014778,Address 14778
14779,English,Male,52810881,Name_14779,9000014779,Address 14779
14780,Hindi,Female,52810881,Name_14780,9000014780,Address 14780
14781,Telugu,Male,52810881,Name_14781,9000014781,Address 14781
14782,English,Female,52810881,Name_14782,9000014782,Address 14782
14783,Hindi,Male,52810881,Name_14783,9000014783,Address 14783
14784,Telugu,Female,52810881,Name_14784,9000014784,Address 14784
14785,English,Male,52810881,Name_14785,9000014785,Address 14785
14786,Hindi,Female,52810881,Name_14786,9000014786,Address 14786
14787,Telugu,Male,52810881,Name_14787,9000014787,Address 14787
14788,English,Female,52810881,Name_14788,9000014788,Address 14788
14789,Hindi,Male,52810881,Name_14789,9000014789,Address 14789
14790,Telugu,Female,52810882,Name_14790,9000014790,Address 14790
14791,English,Male,52810882,Name_14791,9000014791,Address 14791
14792,Hindi,Female,52810882,Name_14792,9000014792,Address 14792
14793,Telugu,Male,52810882,Name_14793,9000014793,Address 14793
14794,English,Female,52810882,Name_14794,9000014794,Address 14794
14795,Hindi,Male,52810882,Name_14795,9000014795,Address 14795
14796,Telugu,Female,52810882,Name_14796,9000014796,Address 14796
14797,English,Male,52810882,Name_14797,9000014797,Address 14797
14798,Hindi,Female,52810882,Name_14798,9000014798,Address 14798
14799,Telugu,Male,52810882,Name_14799,9000014799,Address 14799
14800,English,Female,52810882,Name_14800,9000014800,Address 14800
14801,Hindi,Male,52810882,Name_14801,9000014801,Address 14801
14802,Telugu,Female,52810882,Name_14802,9000014802,Address 14802
14803,English,Male,52810882,Name_14803,9000014803,Address 14803
14804,Hindi,Female,52810882,Name_14804,9000014804,Address 14804
14805,Telugu,Male,52810882,Name_14805,9000014805,Address 14805
14806,English,Female,52810882,Name_14806,9000014806,Address 14806
14807,Hindi,Male,52810882,Name_14807,9000014807,Address 14807
14808,Telugu,Female,52810882,Name_14808,9000014808,Address 14808
14809,English,Male,52810882,Name_14809,9000014809,Address 14809
14810,Hindi,Female,52810882,Name_14810,9000014810,Address 14810
14811,Telugu,Male,52810888,Name_14811,9000014811,Address 14811
14812,English,Female,52810888,Name_14812,9000014812,Address 14812
14813,Hindi,Male,52810888,Name_14813,9000014813,Address 14813
14814,Telugu,Female,52810888,Name_14814,9000014814,Address 14814
14815,English,Male,52810888,Name_14815,9000014815,Address 14815
14816,Hindi,Female,52810888,Name_14816,9000014816,Address 14816
14817,Telugu,Male,52810888,Name_14817,9000014817,Address 14817
14818,English,Female,52810888,Name_14818,9000014818,Address 14818
14819,Hindi,Male,52810888,Name_14819,9000014819,Address 14819
14820,Telugu,Female,52810888,Name_14820,9000014820,Address 14820
14821,English,Male,52810888,Name_14821,9000014821,Address 14821
14822,Hindi,Female,52810888,Name_14822,9000014822,Address 14822
14823,Telugu,Male,52810888,Name_14823,9000014823,Address 14823
14824,English,Female,52810888,Name_14824,9000014824,Address 14824
14825,Hindi,Male,52810888,Name_14825,9000014825,Address 14825
14826,Telugu,Female,52810888,Name_14826,9000014826,Address 14826
14827,English,Male,52810888,Name_14827,9000014827,Address 14827
14828,Hindi,Female,52810888,Name_14828,9000014828,Address 14828
14829,Telugu,Male,52810888,Name_14829,9000014829,Address 14829
14830,English,Female,52810888,Name_14830,9000014830,Address 14830
14831,Hindi,Male,52810888,Name_14831,9000014831,Address 14831
14832,Telugu,Female,52811310,Name_14832,9000014832,Address 14832
14833,English,Male,52811310,Name_14833,9000014833,Address 14833
14834,Hindi,Female,52811310,Name_14834,9000014834,Address 14834
14835,Telugu,Male,52811310,Name_14835,9000014835,Address 14835
14836,English,Female,52811310,Name_14836,9000014836,Address 14836
14837,Hindi,Male,52811310,Name_14837,9000014837,Address 14837
14838,Telugu,Female,52811310,Name_14838,9000014838,Address 14838
14839,English,Male,52811310,Name_14839,9000014839,Address 14839
14840,Hindi,Female,52811310,Name_14840,9000014840,Address 14840
14841,Telugu,Male,52811310,Name_14841,9000014841,Address 14841
14842,English,Female,52811310,Name_14842,9000014842,Address 14842
14843,Hindi,Male,52811310,Name_14843,9000014843,Address 14843
14844,Telugu,Female,52811310,Name_14844,9000014844,Address 14844
14845,English,Male,52811310,Name_14845,9000014845,Address 14845
14846,Hindi,Female,52811310,Name_14846,9000014846,Address 14846
14847,Telugu,Male,52811310,Name_14847,9000014847,Address 14847
14848,English,Female,52811310,Name_14848,9000014848,Address 14848
14849,Hindi,Male,52811310,Name_14849,9000014849,Address 14849
14850,Telugu,Female,52811310,Name_14850,9000014850,Address 14850
14851,English,Male,52811310,Name_14851,9000014851,Address 14851
14852,Hindi,Female,52811310,Name_14852,9000014852,Address 14852
14853,Telugu,Male,52811313,Name_14853,9000014853,Address 14853
14854,English,Female,52811313,Name_14854,9000014854,Address 14854
14855,Hindi,Male,52811313,Name_14855,9000014855,Address 14855
14856,Telugu,Female,52811313,Name_14856,9000014856,Address 14856
14857,English,Male,52811313,Name_14857,9000014857,Address 14857
14858,Hindi,Female,52811313,Name_14858,9000014858,Address 14858
14859,Telugu,Male,52811313,Name_14859,9000014859,Address 14859
14860,English,Female,52811313,Name_14860,9000014860,Address 14860
14861,Hindi,Male,52811313,Name_14861,9000014861,Address 14861
14862,Telugu,Female,52811313,Name_14862,9000014862,Address 14862
14863,English,Male,52811313,Name_14863,9000014863,Address 14863
14864,Hindi,Female,52811313,Name_14864,9000014864,Address 14864
14865,Telugu,Male,52811313,Name_14865,9000014865,Address 14865
14866,English,Female,52811313,Name_14866,9000014866,Address 14866
14867,Hindi,Male,52811313,Name_14867,9000014867,Address 14867
14868,Telugu,Female,52811313,Name_14868,9000014868,Address 14868
14869,English,Male,52811313,Name_14869,9000014869,Address 14869
14870,Hindi,Female,52811313,Name_14870,9000014870,Address 14870
14871,Telugu,Male,52811313,Name_14871,9000014871,Address 14871
14872,English,Female,52811313,Name_14872,9000014872,Address 14872
14873,Hindi,Male,52811313,Name_14873,9000014873,Address 14873
14874,Telugu,Female,52811327,Name_14874,9000014874,Address 14874
14875,English,Male,52811327,Name_14875,9000014875,Address 14875
14876,Hindi,Female,52811327,Name_14876,9000014876,Address 14876
14877,Telugu,Male,52811327,Name_14877,9000014877,Address 14877
14878,English,Female,52811327,Name_14878,9000014878,Address 14878
14879,Hindi,Male,52811327,Name_14879,9000014879,Address 14879
14880,Telugu,Female,52811327,Name_14880,9000014880,Address 14880
14881,English,Male,52811327,Name_14881,9000014881,Address 14881
14882,Hindi,Female,52811327,Name_14882,9000014882,Address 14882
14883,Telugu,Male,52811327,Name_14883,9000014883,Address 14883
14884,English,Female,52811327,Name_14884,9000014884,Address 14884
14885,Hindi,Male,52811327,Name_14885,9000014885,Address 14885
14886,Telugu,Female,52811327,Name_14886,9000014886,Address 14886
14887,English,Male,52811327,Name_14887,9000014887,Address 14887
14888,Hindi,Female,52811327,Name_14888,9000014888,Address 14888
14889,Telugu,Male,52811327,Name_14889,9000014889,Address 14889
14890,English,Female,52811327,Name_14890,9000014890,Address 14890
14891,Hindi,Male,52811327,Name_14891,9000014891,Address 14891
14892,Telugu,Female,52811327,Name_14892,9000014892,Address 14892
14893,English,Male,52811327,Name_14893,9000014893,Address 14893
14894,Hindi,Female,52811327,Name_14894,9000014894,Address 14894
14895,Telugu,Male,52811330,Name_14895,9000014895,Address 14895
14896,English,Female,52811330,Name_14896,9000014896,Address 14896
14897,Hindi,Male,52811330,Name_14897,9000014897,Address 14897
14898,Telugu,Female,52811330,Name_14898,9000014898,Address 14898
14899,English,Male,52811330,Name_14899,9000014899,Address 14899
14900,Hindi,Female,52811330,Name_14900,9000014900,Address 14900
14901,Telugu,Male,52811330,Name_14901,9000014901,Address 14901
14902,English,Female,52811330,Name_14902,9000014902,Address 14902
14903,Hindi,Male,52811330,Name_14903,9000014903,Address 14903
14904,Telugu,Female,52811330,Name_14904,9000014904,Address 14904
14905,English,Male,52811330,Name_14905,9000014905,Address 14905
14906,Hindi,Female,52811330,Name_14906,9000014906,Address 14906
14907,Telugu,Male,52811330,Name_14907,9000014907,Address 14907
14908,English,Female,52811330,Name_14908,9000014908,Address 14908
14909,Hindi,Male,52811330,Name_14909,9000014909,Address 14909
14910,Telugu,Female,52811330,Name_14910,9000014910,Address 14910
14911,English,Male,52811330,Name_14911,9000014911,Address 14911
14912,Hindi,Female,52811330,Name_14912,9000014912,Address 14912
14913,Telugu,Male,52811330,Name_14913,9000014913,Address 14913
14914,English,Female,52811330,Name_14914,9000014914,Address 14914
14915,Hindi,Male,52811330,Name_14915,9000014915,Address 14915
14916,Telugu,Female,52811333,Name_14916,9000014916,Address 14916
14917,English,Male,52811333,Name_14917,9000014917,Address 14917
14918,Hindi,Female,52811333,Name_14918,9000014918,Address 14918
14919,Telugu,Male,52811333,Name_14919,9000014919,Address 14919
14920,English,Female,52811333,Name_14920,9000014920,Address 14920
14921,Hindi,Male,52811333,Name_14921,9000014921,Address 14921
14922,Telugu,Female,52811333,Name_14922,9000014922,Address 14922
14923,English,Male,52811333,Name_14923,9000014923,Address 14923
14924,Hindi,Female,52811333,Name_14924,9000014924,Address 14924
14925,Telugu,Male,52811333,Name_14925,9000014925,Address 14925
14926,English,Female,52811333,Name_14926,9000014926,Address 14926
14927,Hindi,Male,52811333,Name_14927,9000014927,Address 14927
14928,Telugu,Female,52811333,Name_14928,9000014928,Address 14928
14929,English,Male,52811333,Name_14929,9000014929,Address 14929
14930,Hindi,Female,52811333,Name_14930,9000014930,Address 14930
14931,Telugu,Male,52811333,Name_14931,9000014931,Address 14931
14932,English,Female,52811333,Name_14932,9000014932,Address 14932
14933,Hindi,Male,52811333,Name_14933,9000014933,Address 14933
14934,Telugu,Female,52811333,Name_14934,9000014934,Address 14934
14935,English,Male,52811333,Name_14935,9000014935,Address 14935
14936,Hindi,Female,52811333,Name_14936,9000014936,Address 14936
14937,Telugu,Male,52811334,Name_14937,9000014937,Address 14937
14938,English,Female,52811334,Name_14938,9000014938,Address 14938
14939,Hindi,Male,52811334,Name_14939,9000014939,Address 14939
14940,Telugu,Female,52811334,Name_14940,9000014940,Address 14940
14941,English,Male,52811334,Name_14941,9000014941,Address 14941
14942,Hindi,Female,52811334,Name_14942,9000014942,Address 14942
14943,Telugu,Male,52811334,Name_14943,9000014943,Address 14943
14944,English,Female,52811334,Name_14944,9000014944,Address 14944
14945,Hindi,Male,52811334,Name_14945,9000014945,Address 14945
14946,Telugu,Female,52811334,Name_14946,9000014946,Address 14946
14947,English,Male,52811334,Name_14947,9000014947,Address 14947
14948,Hindi,Female,52811334,Name_14948,9000014948,Address 14948
14949,Telugu,Male,52811334,Name_14949,9000014949,Address 14949
14950,English,Female,52811334,Name_14950,9000014950,Address 14950
14951,Hindi,Male,52811334,Name_14951,9000014951,Address 14951
14952,Telugu,Female,52811334,Name_14952,9000014952,Address 14952
14953,English,Male,52811334,Name_14953,9000014953,Address 14953
14954,Hindi,Female,52811334,Name_14954,9000014954,Address 14954
14955,Telugu,Male,52811334,Name_14955,9000014955,Address 14955
14956,English,Female,52811334,Name_14956,9000014956,Address 14956
14957,Hindi,Male,52811334,Name_14957,9000014957,Address 14957
14958,Telugu,Female,52811340,Name_14958,9000014958,Address 14958
14959,English,Male,52811340,Name_14959,9000014959,Address 14959
14960,Hindi,Female,52811340,Name_14960,9000014960,Address 14960
14961,Telugu,Male,52811340,Name_14961,9000014961,Address 14961
14962,English,Female,52811340,Name_14962,9000014962,Address 14962
14963,Hindi,Male,52811340,Name_14963,9000014963,Address 14963
14964,Telugu,Female,52811340,Name_14964,9000014964,Address 14964
14965,English,Male,52811340,Name_14965,9000014965,Address 14965
14966,Hindi,Female,52811340,Name_14966,9000014966,Address 14966
14967,Telugu,Male,52811340,Name_14967,9000014967,Address 14967
14968,English,Female,52811340,Name_14968,9000014968,Address 14968
14969,Hindi,Male,52811340,Name_14969,9000014969,Address 14969
14970,Telugu,Female,52811340,Name_14970,9000014970,Address 14970
14971,English,Male,52811340,Name_14971,9000014971,Address 14971
14972,Hindi,Female,52811340,Name_14972,9000014972,Address 14972
14973,Telugu,Male,52811340,Name_14973,9000014973,Address 14973
14974,English,Female,52811340,Name_14974,9000014974,Address 14974
14975,Hindi,Male,52811340,Name_14975,9000014975,Address 14975
14976,Telugu,Female,52811340,Name_14976,9000014976,Address 14976
14977,English,Male,52811340,Name_14977,9000014977,Address 14977
14978,Hindi,Female,52811340,Name_14978,9000014978,Address 14978
14979,Telugu,Male,52811342,Name_14979,9000014979,Address 14979
14980,English,Female,52811342,Name_14980,9000014980,Address 14980
14981,Hindi,Male,52811342,Name_14981,9000014981,Address 14981
14982,Telugu,Female,52811342,Name_14982,9000014982,Address 14982
14983,English,Male,52811342,Name_14983,9000014983,Address 14983
14984,Hindi,Female,52811342,Name_14984,9000014984,Address 14984
14985,Telugu,Male,52811342,Name_14985,9000014985,Address 14985
14986,English,Female,52811342,Name_14986,9000014986,Address 14986
14987,Hindi,Male,52811342,Name_14987,9000014987,Address 14987
14988,Telugu,Female,52811342,Name_14988,9000014988,Address 14988
14989,English,Male,52811342,Name_14989,9000014989,Address 14989
14990,Hindi,Female,52811342,Name_14990,9000014990,Address 14990
14991,Telugu,Male,52811342,Name_14991,9000014991,Address 14991
14992,English,Female,52811342,Name_14992,9000014992,Address 14992
14993,Hindi,Male,52811342,Name_14993,9000014993,Address 14993
14994,Telugu,Female,52811342,Name_14994,9000014994,Address 14994
14995,English,Male,52811342,Name_14995,9000014995,Address 14995
14996,Hindi,Female,52811342,Name_14996,9000014996,Address 14996
14997,Telugu,Male,52811342,Name_14997,9000014997,Address 14997
14998,English,Female,52811342,Name_14998,9000014998,Address 14998
14999,Hindi,Male,52811342,Name_14999,9000014999,Address 14999
